date,open,high,low,close,volume,rs_nikkei,rs_topix,rs
2014/03/24,1210.0,1240.0,1210.0,1240.0,94000,-1.0,-1.0,-1.0
2014/03/25,1240.0,1240.0,1190.0,1210.0,153000,-1.0,-1.0,-1.0
2014/03/26,1210.0,1220.0,1200.0,1220.0,136000,-1.0,-1.0,-1.0
2014/03/27,1220.0,1230.0,1210.0,1220.0,86000,-1.0,-1.0,-1.0
2014/03/28,1230.0,1250.0,1230.0,1250.0,76000,-1.0,-1.0,-1.0
2014/03/31,1260.0,1260.0,1250.0,1260.0,67000,-1.0,-1.0,-1.0
2014/04/01,1260.0,1270.0,1240.0,1270.0,111000,-1.0,-1.0,-1.0
2014/04/02,1270.0,1280.0,1260.0,1270.0,95000,-1.0,-1.0,-1.0
2014/04/03,1280.0,1280.0,1270.0,1280.0,47000,-1.0,-1.0,-1.0
2014/04/04,1270.0,1290.0,1250.0,1280.0,177000,-1.0,-1.0,-1.0
2014/04/07,1260.0,1280.0,1260.0,1270.0,38000,-1.0,-1.0,-1.0
2014/04/08,1260.0,1310.0,1260.0,1290.0,254000,-1.0,-1.0,-1.0
2014/04/09,1290.0,1290.0,1260.0,1260.0,138000,-1.0,-1.0,-1.0
2014/04/10,1270.0,1280.0,1260.0,1260.0,73000,-1.0,-1.0,-1.0
2014/04/11,1250.0,1250.0,1200.0,1220.0,206000,-1.0,-1.0,-1.0
2014/04/14,1220.0,1230.0,1210.0,1220.0,27000,-1.0,-1.0,-1.0
2014/04/15,1230.0,1240.0,1230.0,1240.0,19000,-1.0,-1.0,-1.0
2014/04/16,1240.0,1250.0,1230.0,1250.0,60000,-1.0,-1.0,-1.0
2014/04/17,1260.0,1270.0,1240.0,1250.0,124000,-1.0,-1.0,-1.0
2014/04/18,1250.0,1270.0,1240.0,1240.0,55000,-1.0,-1.0,-1.0
2014/04/21,1240.0,1250.0,1240.0,1240.0,35000,-1.0,-1.0,-1.0
2014/04/22,1240.0,1250.0,1230.0,1230.0,27000,-1.0,-1.0,-1.0
2014/04/23,1250.0,1250.0,1230.0,1240.0,116000,-1.0,-1.0,-1.0
2014/04/24,1250.0,1250.0,1240.0,1240.0,37000,-1.0,-1.0,-1.0
2014/04/25,1240.0,1240.0,1230.0,1240.0,94000,-1.0,-1.0,-1.0
2014/04/28,1240.0,1240.0,1220.0,1230.0,77000,-1.0,-1.0,-1.0
2014/04/30,1230.0,1230.0,1220.0,1220.0,100000,-1.0,-1.0,-1.0
2014/05/01,1210.0,1220.0,1200.0,1210.0,173000,-1.0,-1.0,-1.0
2014/05/02,1210.0,1220.0,1200.0,1210.0,128000,-1.0,-1.0,-1.0
2014/05/07,1200.0,1200.0,1190.0,1190.0,53000,-1.0,-1.0,0.9894656699700405
2014/05/08,1200.0,1210.0,1190.0,1190.0,91000,-1.0,-1.0,0.9416404899013523
2014/05/09,1190.0,1200.0,1170.0,1180.0,171000,-1.0,-1.0,0.9162086073109429
2014/05/12,1180.0,1180.0,1140.0,1140.0,203000,-1.0,-1.0,0.8834828051007206
2014/05/13,1150.0,1170.0,1150.0,1160.0,113000,-1.0,-1.0,0.890898906284523
2014/05/14,1160.0,1160.0,1140.0,1160.0,103000,-1.0,-1.0,0.8860383470479766
2014/05/15,1140.0,1160.0,1140.0,1160.0,85000,-1.0,-1.0,0.886149039757985
2014/05/16,1130.0,1180.0,1130.0,1150.0,152000,-1.0,-1.0,0.9241108488140078
2014/05/19,1160.0,1160.0,1130.0,1140.0,137000,-1.0,-1.0,0.95254286264762
2014/05/20,1140.0,1150.0,1140.0,1150.0,20000,-1.0,-1.0,0.9539272433811123
2014/05/21,1150.0,1150.0,1130.0,1130.0,30000,-1.0,-1.0,0.9381411205659226
2014/05/22,1140.0,1160.0,1140.0,1160.0,38000,-1.0,-1.0,0.9254951901982247
2014/05/23,1160.0,1170.0,1150.0,1170.0,65000,-1.0,-1.0,0.9239024942522666
2014/05/26,1170.0,1180.0,1160.0,1180.0,90000,-1.0,-1.0,0.9201547774235238
2014/05/27,1190.0,1200.0,1190.0,1200.0,99000,-1.0,-1.0,0.9273750501843164
2014/05/28,1190.0,1190.0,1180.0,1190.0,47000,-1.0,-1.0,0.9207578981418287
2014/05/29,1190.0,1190.0,1170.0,1190.0,133000,-1.0,-1.0,0.9238304104187379
2014/05/30,1200.0,1210.0,1190.0,1210.0,68000,-1.0,-1.0,0.9381647117433446
2014/06/02,1200.0,1220.0,1190.0,1190.0,161000,-1.0,-1.0,0.9091556276915618
2014/06/03,1200.0,1210.0,1190.0,1190.0,51000,-1.0,-1.0,0.9006285507433183
2014/06/04,1190.0,1210.0,1190.0,1210.0,63000,-1.0,-1.0,0.9138146608615669
2014/06/05,1200.0,1200.0,1190.0,1200.0,27000,-1.0,-1.0,0.9121742422914735
2014/06/06,1190.0,1210.0,1190.0,1210.0,43000,-1.0,-1.0,0.9197312816282016
2014/06/09,1210.0,1230.0,1200.0,1230.0,137000,-1.0,-1.0,0.9833468469851596
2014/06/10,1220.0,1230.0,1200.0,1200.0,92000,-1.0,-1.0,0.9749564148399207
2014/06/11,1190.0,1220.0,1190.0,1220.0,116000,-1.0,-1.0,0.9812662645853392
2014/06/12,1220.0,1230.0,1210.0,1230.0,74000,-1.0,-1.0,0.9902160579550511
2014/06/13,1230.0,1250.0,1230.0,1230.0,275000,-1.0,-1.0,0.9931984008227266
2014/06/16,1240.0,1240.0,1210.0,1230.0,164000,-1.0,-1.0,1.0204141437249472
2014/06/17,1230.0,1240.0,1220.0,1230.0,86000,-1.0,-1.0,1.0204313682668882
2014/06/18,1240.0,1240.0,1230.0,1230.0,33000,-1.0,-1.0,1.0060854024798869
2014/06/19,1240.0,1250.0,1230.0,1240.0,46000,-1.0,-1.0,1.0075901860671483
2014/06/20,1250.0,1250.0,1220.0,1230.0,122000,-1.0,-1.0,1.0190792376851259
2014/06/23,1240.0,1250.0,1230.0,1240.0,73000,-1.0,-1.0,1.0167066242312361
2014/06/24,1240.0,1250.0,1230.0,1240.0,36000,-1.0,-1.0,1.0173508020691997
2014/06/25,1240.0,1240.0,1230.0,1230.0,52000,-1.0,-1.0,1.0142333377478605
2014/06/26,1230.0,1230.0,1220.0,1220.0,66000,-1.0,-1.0,0.9943463034098233
2014/06/27,1220.0,1220.0,1200.0,1210.0,98000,-1.0,-1.0,1.0131243182452863
2014/06/30,1210.0,1220.0,1200.0,1210.0,28000,-1.0,-1.0,1.0256144622153085
2014/07/01,1220.0,1230.0,1220.0,1220.0,50000,-1.0,-1.0,1.0169031896839213
2014/07/02,1230.0,1250.0,1230.0,1250.0,157000,-1.0,-1.0,1.0727124962167038
2014/07/03,1250.0,1250.0,1230.0,1230.0,52000,-1.0,-1.0,1.0637394955289943
2014/07/04,1240.0,1240.0,1230.0,1240.0,74000,-1.0,-1.0,1.0348156410682943
2014/07/07,1240.0,1270.0,1240.0,1270.0,402000,-1.0,-1.0,1.0525453545461971
2014/07/08,1270.0,1280.0,1250.0,1270.0,226000,-1.0,-1.0,1.053898194934051
2014/07/09,1270.0,1270.0,1240.0,1240.0,173000,-1.0,-1.0,1.0076600546067624
2014/07/10,1260.0,1300.0,1240.0,1250.0,381000,-1.0,-1.0,1.036448173575362
2014/07/11,1240.0,1250.0,1230.0,1240.0,119000,-1.0,-1.0,1.0208358465554146
2014/07/14,1250.0,1270.0,1250.0,1260.0,387000,-1.0,-1.0,1.0126309947213148
2014/07/15,1260.0,1290.0,1260.0,1280.0,434000,-1.0,-1.0,1.0318976188277174
2014/07/16,1260.0,1280.0,1260.0,1260.0,83000,-1.0,-1.0,1.015500580459882
2014/07/17,1270.0,1270.0,1240.0,1250.0,164000,-1.0,-1.0,1.0084070778094163
2014/07/18,1240.0,1250.0,1230.0,1250.0,54000,-1.0,-1.0,1.0246870586285188
2014/07/22,1250.0,1270.0,1240.0,1250.0,197000,-1.0,-1.0,1.027819432206338
2014/07/23,1260.0,1260.0,1250.0,1250.0,67000,-1.0,-1.0,1.0283156392946133
2014/07/24,1260.0,1270.0,1250.0,1260.0,105000,-1.0,-1.0,1.0362593365788564
2014/07/25,1270.0,1270.0,1250.0,1270.0,91000,-1.0,-1.0,1.0301742939390977
2014/07/28,1270.0,1270.0,1240.0,1260.0,286000,-1.0,-1.0,1.020342110696965
2014/07/29,1260.0,1260.0,1250.0,1250.0,60000,-1.0,-1.0,1.0123685112247593
2014/07/30,1260.0,1280.0,1260.0,1280.0,196000,-1.0,-1.0,1.040038446094275
2014/07/31,1280.0,1290.0,1270.0,1270.0,370000,-1.0,-1.0,1.0463506103404019
2014/08/01,1250.0,1260.0,1250.0,1260.0,64000,-1.0,-1.0,1.0217844536470289
2014/08/04,1250.0,1260.0,1240.0,1240.0,99000,-1.0,-1.0,0.9969158937633649
2014/08/05,1340.0,1340.0,1240.0,1240.0,1736000,-1.0,-1.0,1.0090594177977992
2014/08/06,1240.0,1240.0,1220.0,1220.0,278000,-1.0,-1.0,1.0144180415036572
2014/08/07,1220.0,1230.0,1220.0,1230.0,300000,-1.0,-1.0,1.0058546682993839
2014/08/08,1220.0,1220.0,1180.0,1210.0,443000,-1.0,-1.0,1.0365632220748073
2014/08/11,1240.0,1240.0,1210.0,1230.0,95000,-1.0,-1.0,1.0106807596600051
2014/08/12,1220.0,1230.0,1210.0,1220.0,121000,-1.0,-1.0,1.0004155577666154
2014/08/13,1220.0,1220.0,1210.0,1210.0,100000,-1.0,-1.0,0.9949030964241022
2014/08/14,1210.0,1220.0,1210.0,1210.0,157000,-1.0,-1.0,0.9780757862488635
2014/08/15,1220.0,1230.0,1210.0,1230.0,124000,-1.0,-1.0,1.0090509056173562
2014/08/18,1240.0,1250.0,1230.0,1230.0,138000,-1.0,-1.0,1.0155636128677925
2014/08/19,1230.0,1240.0,1220.0,1230.0,87000,-1.0,-1.0,1.0086723233378259
2014/08/20,1230.0,1230.0,1220.0,1220.0,42000,-1.0,-1.0,1.0049421649756884
2014/08/21,1230.0,1270.0,1230.0,1240.0,503000,-1.0,-1.0,1.0197110394679967
2014/08/22,1240.0,1260.0,1240.0,1260.0,179000,-1.0,-1.0,1.0307957570721664
2014/08/25,1270.0,1270.0,1250.0,1260.0,144000,-1.0,-1.0,1.0364248534812581
2014/08/26,1260.0,1270.0,1250.0,1260.0,199000,-1.0,-1.0,1.0415377239638575
2014/08/27,1260.0,1270.0,1250.0,1250.0,467000,-1.0,-1.0,1.036887551638839
2014/08/28,1250.0,1280.0,1240.0,1260.0,445000,-1.0,-1.0,1.0662629106201684
2014/08/29,1260.0,1290.0,1260.0,1280.0,668000,-1.0,-1.0,1.0633369517387175
2014/09/01,1290.0,1300.0,1280.0,1290.0,482000,-1.0,-1.0,1.0785101880965975
2014/09/02,1290.0,1310.0,1290.0,1310.0,292000,-1.0,-1.0,1.0764070833676256
2014/09/03,1320.0,1320.0,1300.0,1300.0,207000,-1.0,-1.0,1.066518263756053
2014/09/04,1310.0,1310.0,1280.0,1280.0,285000,-1.0,-1.0,1.0394811532762238
2014/09/05,1280.0,1280.0,1260.0,1270.0,82000,-1.0,-1.0,1.0972048914198498
2014/09/08,1270.0,1290.0,1270.0,1290.0,103000,-1.0,-1.0,1.0790867582863048
2014/09/09,1300.0,1300.0,1270.0,1270.0,73000,-1.0,-1.0,1.0423845225067687
2014/09/10,1270.0,1280.0,1270.0,1270.0,97000,-1.0,-1.0,1.0361313207856429
2014/09/11,1290.0,1290.0,1270.0,1270.0,64000,-1.0,-1.0,1.045475690048481
2014/09/12,1270.0,1280.0,1260.0,1260.0,171000,-1.0,-1.0,1.0407924606469654
2014/09/16,1260.0,1260.0,1250.0,1250.0,156000,-1.0,-1.0,1.0110152698011636
2014/09/17,1250.0,1260.0,1250.0,1250.0,96000,-1.0,-1.0,1.0139141341450302
2014/09/18,1260.0,1270.0,1250.0,1250.0,188000,-1.0,-1.0,1.0106011434655084
2014/09/19,1260.0,1270.0,1260.0,1270.0,50000,-1.0,-1.0,1.0105003996892699
2014/09/22,1390.0,1410.0,1330.0,1360.0,4043000,-1.0,-1.0,1.1253206104694864
2014/09/24,1360.0,1360.0,1330.0,1360.0,1095000,-1.0,-1.0,1.129378387767938
2014/09/25,1360.0,1360.0,1350.0,1360.0,340000,-1.0,-1.0,1.101913071099343
2014/09/26,1350.0,1400.0,1350.0,1380.0,762000,-1.0,-1.0,1.1269159497124017
2014/09/29,1390.0,1390.0,1350.0,1370.0,308000,-1.0,-1.0,1.066444546489815
2014/09/30,1360.0,1370.0,1350.0,1370.0,157000,-1.0,-1.0,1.0953535932223728
2014/10/01,1370.0,1370.0,1350.0,1360.0,149000,-1.0,-1.0,1.0993683553680809
2014/10/02,1350.0,1350.0,1330.0,1330.0,318000,-1.0,-1.0,1.1617823830511997
2014/10/03,1330.0,1350.0,1320.0,1330.0,272000,-1.0,-1.0,1.1648550975698053
2014/10/06,1340.0,1350.0,1330.0,1350.0,106000,-1.0,-1.0,1.167933104122022
2014/10/07,1360.0,1360.0,1330.0,1340.0,83000,-1.0,-1.0,1.1711707387042842
2014/10/08,1330.0,1330.0,1320.0,1330.0,236000,-1.0,-1.0,1.1800702340821472
2014/10/09,1330.0,1330.0,1300.0,1300.0,225000,-1.0,-1.0,1.2395714185917888
2014/10/10,1290.0,1290.0,1280.0,1290.0,195000,-1.0,-1.0,1.2536739646613135
2014/10/14,1280.0,1290.0,1270.0,1280.0,159000,-1.0,-1.0,1.2934897025713703
2014/10/15,1280.0,1300.0,1270.0,1300.0,98000,-1.0,-1.0,1.2984322078301225
2014/10/16,1270.0,1280.0,1230.0,1240.0,366000,-1.0,-1.0,1.2216427460590995
2014/10/17,1250.0,1250.0,1240.0,1240.0,90000,-1.0,-1.0,1.24711687469023
2014/10/20,1260.0,1270.0,1260.0,1270.0,73000,-1.0,-1.0,0.9898399963673937
2014/10/21,1270.0,1290.0,1260.0,1270.0,96000,-1.0,-1.0,0.9944988700201116
2014/10/22,1290.0,1290.0,1280.0,1280.0,51000,-1.0,-1.0,0.9743083868963198
2014/10/23,1280.0,1290.0,1280.0,1280.0,60000,-1.0,-1.0,0.9440859416343157
2014/10/24,1290.0,1300.0,1280.0,1280.0,56000,-1.0,-1.0,0.9360559423717886
2014/10/27,1300.0,1300.0,1280.0,1300.0,105000,-1.0,-1.0,0.923187134787791
2014/10/28,1300.0,1300.0,1290.0,1300.0,69000,-1.0,-1.0,0.9258033605888989
2014/10/29,1300.0,1310.0,1290.0,1310.0,76000,-1.0,-1.0,0.9179944129453926
2014/10/30,1310.0,1340.0,1300.0,1340.0,165000,-1.0,-1.0,0.9573291430920038
2014/10/31,1330.0,1340.0,1330.0,1330.0,122000,-1.0,-1.0,0.8821190290925104
2014/11/04,1350.0,1350.0,1330.0,1330.0,147000,-1.0,-1.0,0.8328604614118478
2014/11/05,1330.0,1340.0,1320.0,1340.0,79000,-1.0,-1.0,0.8389105025812201
2014/11/06,1330.0,1350.0,1330.0,1330.0,94000,-1.0,-1.0,0.8515275347070161
2014/11/07,1340.0,1340.0,1320.0,1330.0,77000,-1.0,-1.0,0.8367084603407416
2014/11/10,1330.0,1330.0,1320.0,1330.0,54000,-1.0,-1.0,0.832834513866805
2014/11/11,1330.0,1340.0,1320.0,1330.0,114000,-1.0,-1.0,0.8235524288699476
2014/11/12,1340.0,1350.0,1320.0,1330.0,123000,-1.0,-1.0,0.8238720585683013
2014/11/13,1330.0,1340.0,1320.0,1340.0,78000,-1.0,-1.0,0.8222230162457077
2014/11/14,1340.0,1340.0,1320.0,1330.0,220000,-1.0,-1.0,0.7890220324419664
2014/11/17,1340.0,1340.0,1290.0,1290.0,301000,-1.0,-1.0,0.9749641742735051
2014/11/18,1290.0,1310.0,1280.0,1300.0,336000,-1.0,-1.0,0.9709140893571442
2014/11/19,1300.0,1310.0,1300.0,1300.0,71000,-1.0,-1.0,0.9680732014886434
2014/11/20,1300.0,1310.0,1290.0,1290.0,82000,-1.0,-1.0,0.9367535725522593
2014/11/21,1300.0,1310.0,1290.0,1310.0,64000,-1.0,-1.0,0.9721339444420275
2014/11/25,1320.0,1340.0,1310.0,1340.0,131000,-1.0,-1.0,1.0477192523333185
2014/11/26,1340.0,1350.0,1330.0,1340.0,143000,-1.0,-1.0,1.053028983851474
2014/11/27,1330.0,1340.0,1320.0,1330.0,237000,-1.0,-1.0,1.0481345032285565
2014/11/28,1340.0,1370.0,1340.0,1370.0,833000,-1.0,-1.0,1.1207839886541149
2014/12/01,1370.0,1380.0,1360.0,1380.0,825000,-1.0,-1.0,1.0815347231538417
2014/12/02,1370.0,1410.0,1370.0,1390.0,807000,-1.0,-1.0,1.0838060541451464
2014/12/03,1390.0,1400.0,1380.0,1380.0,361000,-1.0,-1.0,1.0724884566559982
2014/12/04,1390.0,1400.0,1380.0,1380.0,121000,-1.0,-1.0,1.0681399844159192
2014/12/05,1380.0,1390.0,1370.0,1370.0,158000,-1.0,-1.0,1.0272302287990716
2014/12/08,1380.0,1400.0,1370.0,1400.0,227000,-1.0,-1.0,1.050106645668753
2014/12/09,1400.0,1400.0,1380.0,1390.0,304000,-1.0,-1.0,1.0490124282372688
2014/12/10,1390.0,1390.0,1360.0,1370.0,333000,-1.0,-1.0,1.0676788226863123
2014/12/11,1370.0,1380.0,1360.0,1370.0,141000,-1.0,-1.0,1.0932570764899747
2014/12/12,1370.0,1390.0,1370.0,1380.0,161000,-1.0,-1.0,1.0998117177151259
2014/12/15,1390.0,1390.0,1370.0,1370.0,159000,-1.0,-1.0,1.1372896523278098
2014/12/16,1370.0,1370.0,1350.0,1350.0,247000,-1.0,-1.0,1.1422409018099928
2014/12/17,1350.0,1370.0,1340.0,1350.0,236000,-1.0,-1.0,1.1422905555636298
2014/12/18,1360.0,1370.0,1340.0,1350.0,220000,-1.0,-1.0,1.129212940096648
2014/12/19,1360.0,1360.0,1330.0,1350.0,393000,-1.0,-1.0,1.105364553654487
2014/12/22,1350.0,1350.0,1330.0,1340.0,241000,-1.0,-1.0,1.0366148412197527
2014/12/24,1340.0,1350.0,1330.0,1340.0,344000,-1.0,-1.0,1.0292971073842538
2014/12/25,1340.0,1350.0,1330.0,1340.0,960000,-1.0,-1.0,1.0345329268234074
2014/12/26,1310.0,1320.0,1300.0,1310.0,428000,-1.0,-1.0,0.9826240908043566
2014/12/29,1310.0,1320.0,1300.0,1310.0,261000,-1.0,-1.0,0.930973320110421
2014/12/30,1330.0,1330.0,1310.0,1330.0,120000,-1.0,-1.0,0.9601335209410834
2015/01/05,1330.0,1330.0,1320.0,1320.0,99000,-1.0,-1.0,0.9156107545213336
2015/01/06,1320.0,1320.0,1300.0,1300.0,116000,-1.0,-1.0,0.922960798609773
2015/01/07,1300.0,1320.0,1300.0,1320.0,50000,-1.0,-1.0,0.9468832012535822
2015/01/08,1320.0,1340.0,1310.0,1320.0,149000,-1.0,-1.0,0.9478998767058777
2015/01/09,1320.0,1320.0,1300.0,1300.0,163000,-1.0,-1.0,0.9203332112571343
2015/01/13,1300.0,1310.0,1290.0,1310.0,67000,-1.0,-1.0,0.9226203033316606
2015/01/14,1290.0,1300.0,1290.0,1300.0,85000,-1.0,-1.0,0.9392182884480039
2015/01/15,1300.0,1310.0,1290.0,1310.0,43000,-1.0,-1.0,0.9286315850487126
2015/01/16,1310.0,1310.0,1300.0,1300.0,73000,-1.0,-1.0,0.9363659762392538
2015/01/19,1310.0,1340.0,1310.0,1320.0,225000,-1.0,-1.0,1.0252191561074162
2015/01/20,1330.0,1340.0,1320.0,1340.0,55000,-1.0,-1.0,1.0211553899048778
2015/01/21,1340.0,1350.0,1330.0,1350.0,122000,-1.0,-1.0,1.0394904513709469
2015/01/22,1350.0,1350.0,1320.0,1340.0,187000,-1.0,-1.0,1.0288047994185276
2015/01/23,1340.0,1340.0,1320.0,1330.0,62000,-1.0,-1.0,0.9909015735681871
2015/01/26,1320.0,1340.0,1310.0,1340.0,148000,-1.0,-1.0,1.0498642825229056
2015/01/27,1340.0,1340.0,1330.0,1330.0,126000,-1.0,-1.0,1.0257485466084362
2015/01/28,1340.0,1360.0,1330.0,1350.0,347000,-1.0,-1.0,1.038962844409657
2015/01/29,1330.0,1360.0,1300.0,1310.0,363000,-1.0,-1.0,0.9579992363535795
2015/01/30,1310.0,1320.0,1310.0,1310.0,162000,-1.0,-1.0,0.9549775212101517
2015/02/02,1320.0,1320.0,1300.0,1300.0,147000,-1.0,-1.0,0.9552438698435849
2015/02/03,1300.0,1310.0,1270.0,1270.0,377000,-1.0,-1.0,0.9474858648896614
2015/02/04,1280.0,1290.0,1280.0,1290.0,102000,-1.0,-1.0,0.9362021649526354
2015/02/05,1290.0,1290.0,1280.0,1290.0,48000,-1.0,-1.0,0.9223226364587653
2015/02/06,1290.0,1300.0,1280.0,1290.0,66000,-1.0,-1.0,0.9060478842329152
2015/02/09,1290.0,1290.0,1280.0,1290.0,38000,-1.0,-1.0,0.9182067443355748
2015/02/10,1290.0,1300.0,1280.0,1290.0,40000,-1.0,-1.0,0.9141446168591033
2015/02/12,1300.0,1310.0,1300.0,1300.0,122000,-1.0,-1.0,0.9037737554269568
2015/02/13,1320.0,1320.0,1300.0,1300.0,98000,-1.0,-1.0,0.8946288205681961
2015/02/16,1270.0,1290.0,1260.0,1270.0,361000,-1.0,-1.0,0.8457565634866488
2015/02/17,1270.0,1300.0,1270.0,1300.0,186000,-1.0,-1.0,0.8719364255812557
2015/02/18,1300.0,1300.0,1290.0,1300.0,88000,-1.0,-1.0,0.8610781141548457
2015/02/19,1290.0,1310.0,1270.0,1310.0,247000,-1.0,-1.0,0.8784861691953986
2015/02/20,1310.0,1310.0,1290.0,1300.0,188000,-1.0,-1.0,0.8627348070448424
2015/02/23,1300.0,1300.0,1280.0,1290.0,183000,-1.0,-1.0,0.8764954291284435
2015/02/24,1290.0,1290.0,1270.0,1280.0,148000,-1.0,-1.0,0.8681758404742632
2015/02/25,1280.0,1290.0,1280.0,1290.0,84000,-1.0,-1.0,0.8719422058386724
2015/02/26,1290.0,1300.0,1280.0,1300.0,59000,-1.0,-1.0,0.8836085270238617
2015/02/27,1300.0,1300.0,1270.0,1280.0,181000,-1.0,-1.0,0.8608656204445528
2015/03/02,1280.0,1280.0,1270.0,1280.0,248000,-1.0,-1.0,0.890629946860602
2015/03/03,1270.0,1280.0,1270.0,1270.0,54000,-1.0,-1.0,0.8876261011478657
2015/03/04,1270.0,1280.0,1270.0,1270.0,28000,-1.0,-1.0,0.8938480012062997
2015/03/05,1270.0,1280.0,1270.0,1270.0,31000,-1.0,-1.0,0.8941141381272807
2015/03/06,1270.0,1280.0,1270.0,1270.0,49000,-1.0,-1.0,0.903055798621998
2015/03/09,1270.0,1280.0,1270.0,1270.0,55000,-1.0,-1.0,0.9161693297944231
2015/03/10,1280.0,1280.0,1260.0,1260.0,70000,-1.0,-1.0,0.9120095761992013
2015/03/11,1260.0,1270.0,1260.0,1270.0,82000,-1.0,-1.0,0.9132128011942475
2015/03/12,1270.0,1280.0,1260.0,1280.0,68000,-1.0,-1.0,0.9044636157454709
2015/03/13,1270.0,1270.0,1260.0,1260.0,254000,-1.0,-1.0,0.9036708228881065
2015/03/16,1270.0,1270.0,1260.0,1270.0,112000,-1.0,-1.0,0.9483156402274756
2015/03/17,1270.0,1270.0,1260.0,1260.0,33000,-1.0,-1.0,0.937512675498349
2015/03/18,1270.0,1270.0,1260.0,1260.0,58000,-1.0,-1.0,0.9303330882684951
2015/03/19,1260.0,1280.0,1260.0,1280.0,140000,-1.0,-1.0,0.9141527071954673
2015/03/20,1270.0,1280.0,1270.0,1270.0,164000,-1.0,-1.0,0.9200754214760052
2015/03/23,1270.0,1280.0,1270.0,1270.0,116000,-1.0,-1.0,0.9206223664117309
2015/03/24,1270.0,1280.0,1270.0,1280.0,128000,-1.0,-1.0,0.9279229546858018
2015/03/25,1270.0,1280.0,1270.0,1270.0,54000,-1.0,-1.0,0.9222627280947062
2015/03/26,1280.0,1280.0,1270.0,1270.0,58000,-1.0,-1.0,0.9476753004783793
2015/03/27,1260.0,1270.0,1250.0,1250.0,98000,-1.0,-1.0,0.9314687991933595
2015/03/30,1250.0,1260.0,1230.0,1230.0,164000,-1.0,-1.0,0.9412669640669119
2015/03/31,1240.0,1240.0,1220.0,1230.0,145000,-1.0,-1.0,0.9438251570674503
2015/04/01,1240.0,1250.0,1230.0,1250.0,72000,-1.0,-1.0,0.9712392474579377
2015/04/02,1250.0,1260.0,1240.0,1250.0,61000,-1.0,-1.0,0.9626152885665387
2015/04/03,1250.0,1250.0,1240.0,1250.0,88000,-1.0,-1.0,0.9500419051000005
2015/04/06,1250.0,1270.0,1250.0,1250.0,114000,75.13998758519976,75.47796361811324,0.96151525184868
2015/04/07,1260.0,1260.0,1250.0,1260.0,46000,72.64151146699132,72.67711831508613,0.958840906518743
2015/04/08,1260.0,1270.0,1260.0,1260.0,76000,72.25784380951616,72.42440839298204,0.9528115335079603
2015/04/09,1260.0,1270.0,1260.0,1260.0,38000,71.72394837524048,72.10495612191788,0.9527250820181363
2015/04/10,1270.0,1270.0,1250.0,1270.0,55000,72.99805751222665,74.27111606884117,0.9663358915794317
2015/04/13,1270.0,1270.0,1250.0,1260.0,107000,72.17231262011603,73.75207545617673,0.9673479609973564
2015/04/14,1250.0,1270.0,1240.0,1260.0,258000,71.43901554497835,72.5672315069001,0.9662885776131158
2015/04/15,1260.0,1260.0,1250.0,1250.0,68000,72.56091668948184,73.42287624070843,0.9565629856238423
2015/04/16,1250.0,1260.0,1250.0,1260.0,113000,73.08175765886851,73.52182166035197,0.9725824507347531
2015/04/17,1250.0,1260.0,1250.0,1250.0,80000,74.45899376350117,74.45333333062611,0.9778171387130925
2015/04/20,1250.0,1260.0,1240.0,1260.0,114000,75.1048315752601,75.20746761108363,0.986172179078685
2015/04/21,1260.0,1260.0,1250.0,1260.0,19000,74.03510461681608,74.01755622150729,0.9703600649484836
2015/04/22,1260.0,1260.0,1250.0,1250.0,100000,72.83029432465761,72.9611238000865,0.9558585457450434
2015/04/23,1250.0,1260.0,1240.0,1240.0,63000,71.35545742074976,71.69188919728981,0.9324667042301845
2015/04/24,1250.0,1260.0,1240.0,1240.0,81000,72.07408177006648,72.27335623038734,0.9427660969767251
2015/04/27,1250.0,1260.0,1240.0,1240.0,112000,72.08208881979937,72.27463362109789,0.9650255570540492
2015/04/28,1250.0,1250.0,1240.0,1240.0,142000,72.47938504536555,72.59890707696329,0.9600893277634539
2015/04/30,1240.0,1240.0,1230.0,1240.0,101000,76.04640291959616,76.06217667122817,0.9720881663087019
2015/05/01,1230.0,1240.0,1220.0,1220.0,133000,74.63275494016122,75.19204356578696,0.9328668418013077
2015/05/07,1220.0,1240.0,1220.0,1240.0,73000,76.50271852060196,76.76357236996317,0.9902355358295012
2015/05/08,1230.0,1240.0,1230.0,1230.0,95000,76.37712175985104,76.51635114558599,0.9841268300997433
2015/05/11,1230.0,1230.0,1220.0,1230.0,149000,77.80774372045438,78.16433073072653,0.9753608573131872
2015/05/12,1220.0,1230.0,1220.0,1220.0,70000,77.3080618658592,77.34646082938809,0.9687863395424164
2015/05/13,1230.0,1230.0,1220.0,1230.0,64000,77.28454085586986,78.20341369014176,0.9718871932408867
2015/05/14,1230.0,1240.0,1230.0,1230.0,129000,77.46983694242586,78.50465330580498,0.9822351412631322
2015/05/15,1230.0,1240.0,1230.0,1230.0,68000,76.40644338408154,77.13852546009575,0.9764903560494697
2015/05/18,1240.0,1240.0,1220.0,1220.0,139000,75.36020411073052,75.66281009348394,0.9476036574750004
2015/05/19,1230.0,1240.0,1220.0,1240.0,70000,75.7839974291301,76.14165672210372,0.979431964713148
2015/05/20,1240.0,1240.0,1230.0,1240.0,43000,76.29570037003748,76.79212424920937,0.9735480876025856
2015/05/21,1240.0,1240.0,1230.0,1230.0,66000,75.25169179189507,75.29169423668074,0.9811251792722124
2015/05/22,1230.0,1240.0,1230.0,1240.0,26000,75.63717884798045,75.9210252986995,1.0009702301380663
2015/05/25,1230.0,1240.0,1230.0,1230.0,111000,74.56374225563259,75.0572556807476,0.9918081979321595
2015/05/26,1230.0,1240.0,1220.0,1220.0,59000,72.80967125105445,73.21345288237325,0.9656069229405835
2015/05/27,1230.0,1250.0,1230.0,1240.0,90000,74.67244710040568,75.15143152239035,0.9907941954332403
2015/05/28,1240.0,1250.0,1240.0,1240.0,31000,74.44044847225757,74.79427649488258,0.9894542635765183
2015/05/29,1230.0,1240.0,1230.0,1240.0,57000,72.92251566998125,73.5635900453137,0.9673592745052189
2015/06/01,1230.0,1230.0,1230.0,1230.0,64000,75.05136265368922,75.15335774000782,0.9467378310639086
2015/06/02,1230.0,1240.0,1230.0,1240.0,50000,76.25856148178829,76.46659789222564,0.9530589428181515
2015/06/03,1240.0,1240.0,1230.0,1240.0,46000,75.42207362159188,75.7216391507071,0.9556423484701537
2015/06/04,1230.0,1240.0,1220.0,1220.0,158000,74.8269751175352,74.87324933737199,0.9250684438917607
2015/06/05,1220.0,1240.0,1220.0,1230.0,51000,74.90604312866193,75.28080067319006,0.9394984495967541
2015/06/08,1230.0,1240.0,1230.0,1230.0,46000,73.92999722835833,74.29527253473252,0.9593473837360333
2015/06/09,1220.0,1230.0,1220.0,1220.0,43000,75.85830890926862,76.43366149239998,0.9723706005222462
2015/06/10,1230.0,1230.0,1220.0,1220.0,45000,75.17314864144896,76.09919974450787,0.9753946068839725
2015/06/11,1220.0,1250.0,1220.0,1240.0,237000,74.05822613809548,75.67639901812646,0.9926574794683966
2015/06/12,1250.0,1260.0,1240.0,1250.0,115000,75.18632422342309,76.54934691740428,1.000984591401028
2015/06/15,1260.0,1260.0,1240.0,1250.0,43000,74.43723779564758,75.95743725852198,1.0206373586487911
2015/06/16,1240.0,1250.0,1240.0,1250.0,22000,75.12847657420795,76.73419275629229,1.0278049866992567
2015/06/17,1240.0,1250.0,1240.0,1240.0,29000,75.36717538727574,77.08304407522267,1.0299364642467224
2015/06/18,1240.0,1250.0,1220.0,1220.0,96000,75.6016979535542,77.23155226845655,1.0045001959217044
2015/06/19,1230.0,1240.0,1220.0,1230.0,57000,76.08425397933208,77.79964561835926,1.0105306785482444
2015/06/22,1240.0,1240.0,1230.0,1240.0,34000,75.23564251164689,76.88173673579577,1.0172505023536265
2015/06/23,1240.0,1250.0,1230.0,1240.0,95000,73.89076677773826,75.66809830589372,1.0005712511342046
2015/06/24,1250.0,1270.0,1250.0,1270.0,393000,75.53700623370409,77.49510989564925,1.0394112327889857
2015/06/25,1270.0,1270.0,1250.0,1250.0,195000,75.51213822221176,77.47263172879876,1.037221947999133
2015/06/26,1250.0,1260.0,1230.0,1230.0,252000,74.10602227952292,76.41513488902399,1.004915542888286
2015/06/29,1220.0,1230.0,1220.0,1220.0,174000,76.01911795688339,78.34679411659693,1.039583306048465
2015/06/30,1220.0,1260.0,1220.0,1260.0,250000,78.22153369636638,80.83407068968287,1.087923157237898
2015/07/01,1250.0,1310.0,1240.0,1290.0,803000,78.02429712356333,80.77223678662448,1.1145087114241146
2015/07/02,1290.0,1290.0,1250.0,1250.0,592000,76.00368225633781,78.83439798213942,1.063198795574812
2015/07/03,1260.0,1260.0,1240.0,1240.0,153000,75.15719488855537,77.79479326186856,1.0543372883904356
2015/07/06,1240.0,1240.0,1230.0,1230.0,199000,74.06006024713648,76.49899614025709,1.076161411470158
2015/07/07,1230.0,1260.0,1230.0,1240.0,488000,73.38152401095851,76.07760389992299,1.074744988106283
2015/07/08,1230.0,1240.0,1200.0,1200.0,553000,75.0293152019809,77.71509317347547,1.1516590131251419
2015/07/09,1200.0,1200.0,1130.0,1160.0,570000,71.11825015738711,73.96616220116587,1.121681151445879
2015/07/10,1170.0,1180.0,1160.0,1160.0,134000,71.71808270702876,74.15048467051892,1.1165909563680367
2015/07/13,1170.0,1190.0,1160.0,1170.0,281000,70.70359690529047,72.82694250422998,1.077094880767537
2015/07/14,1170.0,1190.0,1170.0,1180.0,225000,69.62071806048758,71.65232103300778,1.0738626186331413
2015/07/15,1190.0,1210.0,1190.0,1210.0,309000,72.17305451976938,74.28591385412592,1.1148370135743617
2015/07/16,1210.0,1210.0,1190.0,1210.0,191000,72.22487869002696,74.21782120987697,1.0980630614972982
2015/07/17,1210.0,1210.0,1190.0,1190.0,146000,70.1438769798149,72.32083418523834,1.042983357910553
2015/07/21,1200.0,1210.0,1190.0,1200.0,88000,70.67253623337896,73.02430281740632,1.0744896760316542
2015/07/22,1200.0,1200.0,1190.0,1190.0,77000,70.86055627772996,73.17489624676061,1.0763078359774185
2015/07/23,1200.0,1220.0,1200.0,1210.0,133000,70.9627290571936,73.24664421211932,1.1330268029193034
2015/07/24,1210.0,1220.0,1200.0,1200.0,92000,71.09367514040397,73.11755881830719,1.065212008713102
2015/07/27,1200.0,1200.0,1190.0,1190.0,64000,72.07166331150982,74.15725420762375,1.0994368955934526
2015/07/28,1200.0,1200.0,1180.0,1190.0,96000,73.1392744020947,75.391253544119,1.1060572668105852
2015/07/29,1180.0,1190.0,1180.0,1180.0,99000,71.04335428394242,72.90865943669903,1.0949318097536187
2015/07/30,1200.0,1220.0,1190.0,1220.0,657000,73.11749429838929,75.19717783833688,1.076415760016089
2015/07/31,1220.0,1220.0,1200.0,1200.0,90000,71.81803217117843,73.53245000275467,0.927868513849503
2015/08/03,1200.0,1200.0,1180.0,1180.0,173000,71.66466342144247,73.17660104650183,1.014080687201964
2015/08/04,1190.0,1220.0,1190.0,1220.0,119000,73.4548917553417,74.89625346396738,1.142035112594153
2015/08/05,1210.0,1220.0,1200.0,1210.0,91000,72.93822481466286,74.4985157481264,1.1283503413270253
2015/08/06,1210.0,1230.0,1210.0,1220.0,113000,73.11366576348516,74.56419066395527,1.1212223133724655
2015/08/07,1210.0,1220.0,1210.0,1220.0,22000,71.8978124952047,73.75049333850906,1.1058230659426496
2015/08/10,1220.0,1230.0,1210.0,1220.0,75000,72.1213475825553,73.45440414535184,1.1241707395769778
2015/08/11,1240.0,1240.0,1220.0,1230.0,174000,73.76944865792436,75.13622507858673,1.1540399695696788
2015/08/12,1220.0,1240.0,1220.0,1220.0,86000,75.2196120455379,76.39566720373907,1.1947626616928577
2015/08/13,1210.0,1220.0,1200.0,1220.0,49000,74.97316990425054,76.80086333523207,1.2107794736118673
2015/08/14,1220.0,1220.0,1210.0,1220.0,101000,74.04584747839976,75.72121098089973,1.1286496182593957
2015/08/17,1220.0,1230.0,1220.0,1220.0,41000,73.70433746354392,75.37492768987015,1.1852489514448756
2015/08/18,1220.0,1220.0,1200.0,1210.0,91000,73.94291315922531,75.31737907827726,1.159676289965009
2015/08/19,1210.0,1220.0,1200.0,1210.0,52000,75.79515711026632,76.98917472708085,1.1799005446165933
2015/08/20,1200.0,1210.0,1200.0,1200.0,39000,75.29090921035703,76.94772456569578,1.1874883873142088
2015/08/21,1190.0,1190.0,1170.0,1170.0,186000,74.24045104913375,75.9186436922117,1.199847018665348
2015/08/24,1150.0,1160.0,1130.0,1140.0,251000,76.19069963735849,78.8947102202148,1.2730136898576752
2015/08/25,1060.0,1120.0,1050.0,1050.0,251000,72.6375465414703,74.74551821217092,1.1760296979347071
2015/08/26,1060.0,1110.0,1060.0,1090.0,146000,73.71436227031515,75.8177812937383,1.2032131473118337
2015/08/27,1110.0,1150.0,1110.0,1140.0,63000,75.30505566225618,77.22987462791926,1.2965468539041287
2015/08/28,1160.0,1180.0,1160.0,1180.0,68000,74.30657465097778,76.01810515873025,1.3198639251741207
2015/08/31,1160.0,1170.0,1150.0,1170.0,60000,74.30682692588937,75.71032701573458,1.2753581386896036
2015/09/01,1160.0,1170.0,1140.0,1140.0,97000,75.06056873704003,76.36015065866295,1.3016407306138584
2015/09/02,1120.0,1130.0,1110.0,1130.0,74000,75.5527137793625,77.17114242042807,1.309642702717447
2015/09/03,1140.0,1150.0,1130.0,1130.0,42000,76.11280836155204,77.59219086868991,1.096686940233328
2015/09/04,1150.0,1150.0,1110.0,1110.0,67000,76.97026707755637,78.24592812276741,1.1176152982364338
2015/09/07,1110.0,1120.0,1100.0,1120.0,47000,76.34426384683738,77.99269500562632,1.1220820489729677
2015/09/08,1110.0,1120.0,1100.0,1100.0,55000,78.27470845943283,79.45557793128003,1.1286015613254137
2015/09/09,1110.0,1120.0,1110.0,1120.0,66000,74.1799954533304,76.4540042862369,1.0634336893451959
2015/09/10,1120.0,1190.0,1120.0,1140.0,247000,78.03822818505752,79.55408393784236,1.144977150193535
2015/09/11,1140.0,1170.0,1140.0,1150.0,113000,79.6966909523317,81.00296296725237,1.1534310892097668
2015/09/14,1140.0,1150.0,1130.0,1130.0,67000,80.06380558508707,81.03182007781683,1.154052174672524
2015/09/15,1130.0,1140.0,1120.0,1120.0,31000,79.08771363017065,80.32406171353547,1.1453923884053612
2015/09/16,1130.0,1140.0,1120.0,1140.0,18000,79.74238393977403,80.81784055412197,1.1693380798568744
2015/09/17,1130.0,1140.0,1120.0,1120.0,51000,78.10509893789526,79.15003988176237,1.15808464123888
2015/09/18,1130.0,1130.0,1100.0,1100.0,99000,78.23067057158116,78.88666657405535,1.1290132291449049
2015/09/24,1090.0,1100.0,1090.0,1090.0,58000,74.68426235427408,75.62345698351392,1.1225727298328927
2015/09/25,1100.0,1100.0,1080.0,1090.0,42000,71.69391279318545,72.36485261266016,1.0779059892028418
2015/09/28,1100.0,1110.0,1100.0,1100.0,28000,74.21962405770968,74.634525328772,1.0435175774901386
2015/09/29,1100.0,1100.0,1080.0,1080.0,80000,75.30593978315594,76.01070735080751,1.0812748194879251
2015/09/30,1100.0,1120.0,1090.0,1120.0,44000,76.16799879431068,76.92853438889671,1.1068109640268222
2015/10/01,1130.0,1130.0,1110.0,1110.0,44000,73.75564334452082,74.05325038895803,1.0523688627334598
2015/10/02,1100.0,1120.0,1100.0,1110.0,27000,73.96406509700793,74.07957024027547,1.045582082806383
2015/10/05,1140.0,1160.0,1130.0,1140.0,104000,74.52740494396105,74.78125702072354,1.0677450703110751
2015/10/06,1150.0,1160.0,1140.0,1150.0,91000,74.4844922975862,75.06595282747139,1.069169843129099
2015/10/07,1160.0,1160.0,1150.0,1160.0,34000,74.23742683875906,74.46568362077325,1.057646967800069
2015/10/08,1150.0,1160.0,1130.0,1140.0,60000,74.82334889688434,74.63258248434427,1.028663322489386
2015/10/09,1140.0,1160.0,1140.0,1160.0,46000,74.61836514524694,73.77699367982177,1.0797501482340588
2015/10/13,1160.0,1170.0,1150.0,1160.0,47000,74.23309675652064,73.20938225569309,1.0366374866442971
2015/10/14,1150.0,1170.0,1150.0,1160.0,38000,75.17868115898399,74.23632600954252,1.0593646461671244
2015/10/15,1160.0,1170.0,1150.0,1170.0,34000,76.84396044305575,75.66894499129245,1.062214116536981
2015/10/16,1170.0,1180.0,1160.0,1180.0,72000,75.6039538605172,74.39420801250373,1.048022808807235
2015/10/19,1190.0,1190.0,1170.0,1170.0,45000,76.78116360599212,75.45979431948841,1.089089921546819
2015/10/20,1170.0,1190.0,1170.0,1180.0,37000,75.54811046910466,74.69857447585342,1.13077788532148
2015/10/21,1180.0,1200.0,1180.0,1200.0,65000,76.78031362575086,75.91870468493127,1.1329407235817175
2015/10/22,1190.0,1200.0,1190.0,1200.0,25000,76.98456866966393,76.09692600545378,1.1291380267847875
2015/10/23,1200.0,1210.0,1190.0,1190.0,74000,75.51776897313707,74.61813721056437,1.0887297679882584
2015/10/26,1210.0,1210.0,1200.0,1200.0,42000,74.97167014138458,74.26583384607488,1.0939364827675297
2015/10/27,1210.0,1210.0,1200.0,1200.0,17000,75.36164461409328,74.89370865928609,1.0959278849967424
2015/10/28,1210.0,1210.0,1200.0,1210.0,19000,76.00155227024122,75.85652571130068,1.1020145033692672
2015/10/29,1210.0,1220.0,1200.0,1210.0,51000,74.66908236090617,74.64418250417218,1.0735976448040752
2015/10/30,1220.0,1220.0,1200.0,1210.0,54000,78.25153800022152,77.86622891460443,1.0028506994768915
2015/11/02,1220.0,1230.0,1210.0,1230.0,66000,83.46847288148066,82.8925247360724,1.0270141555122059
2015/11/04,1230.0,1230.0,1200.0,1210.0,74000,80.80636070113431,80.41123621132719,0.980105732167851
2015/11/05,1200.0,1230.0,1200.0,1220.0,118000,80.5780388194051,80.00583092352448,0.9891871728387054
2015/11/06,1220.0,1230.0,1220.0,1230.0,73000,81.03136417365954,80.65659290815567,1.0005797522080218
2015/11/09,1230.0,1230.0,1220.0,1220.0,85000,78.36313374071709,78.41880734697199,1.0012112514933569
2015/11/10,1220.0,1220.0,1210.0,1210.0,41000,79.19715116772872,78.71322081785473,0.993428207654496
2015/11/11,1210.0,1220.0,1200.0,1210.0,101000,79.45318469729848,78.53000571785252,0.9898047854516691
2015/11/12,1210.0,1250.0,1190.0,1190.0,379000,78.41413467373383,77.43417834302203,0.9027200609214558
2015/11/13,1180.0,1180.0,1150.0,1180.0,217000,79.18687180785122,78.34818502338779,0.8786533020108186
2015/11/16,1150.0,1180.0,1150.0,1180.0,131000,80.05914142912629,79.5173044468538,0.905798986850255
2015/11/17,1180.0,1200.0,1180.0,1190.0,36000,80.87608850203829,80.50208953399766,0.9090529787256922
2015/11/18,1220.0,1220.0,1190.0,1190.0,72000,80.54206724774653,80.57655580223702,0.9091660346334928
2015/11/19,1200.0,1210.0,1190.0,1190.0,45000,80.36183660375129,80.56185493154652,0.8942287377730137
2015/11/20,1200.0,1210.0,1190.0,1200.0,66000,79.98068975661886,80.00396921043075,0.9114578862282376
2015/11/24,1210.0,1220.0,1200.0,1220.0,138000,79.54236463396482,79.88825626652083,0.9561213573102076
2015/11/25,1220.0,1220.0,1200.0,1210.0,115000,79.08829833955609,79.63768108481521,0.9555919660414722
2015/11/26,1210.0,1210.0,1190.0,1210.0,123000,78.6799126216431,79.03009621011941,0.9398959246658236
2015/11/27,1210.0,1210.0,1200.0,1200.0,75000,76.91282145325829,77.47714300036648,0.9408643713871032
2015/11/30,1200.0,1200.0,1190.0,1190.0,69000,76.81123018635361,77.57731876033178,0.9411466491428875
2015/12/01,1200.0,1210.0,1200.0,1210.0,124000,76.83184698867987,77.58972259752662,0.930799848749319
2015/12/02,1210.0,1220.0,1200.0,1200.0,114000,77.28442720163497,77.5942025367428,0.9213646324659454
2015/12/03,1210.0,1230.0,1200.0,1230.0,100000,79.95500500743856,80.10362480680865,0.9640589991981522
2015/12/04,1220.0,1220.0,1210.0,1220.0,52000,81.81893049343822,81.78961916009007,0.9793838628653575
2015/12/07,1230.0,1230.0,1210.0,1220.0,125000,79.34567024241937,79.57700061370855,0.9973225141071654
2015/12/08,1220.0,1220.0,1200.0,1210.0,92000,79.55127262092498,79.69003657680831,1.0038727357027377
2015/12/09,1210.0,1220.0,1200.0,1210.0,71000,79.67948934747427,79.87558892062044,1.0122372707864455
2015/12/10,1210.0,1210.0,1200.0,1200.0,91000,79.36330098059597,79.44198860861795,1.0205254518534066
2015/12/11,1220.0,1220.0,1210.0,1220.0,168000,79.8601166903578,79.85567948128333,1.0205358956557293
2015/12/14,1210.0,1210.0,1190.0,1190.0,229000,78.65505032271498,78.41384245218175,1.0917451178541313
2015/12/15,1200.0,1200.0,1190.0,1190.0,108000,79.55178201054746,79.39639896127181,1.1189844581038766
2015/12/16,1200.0,1210.0,1200.0,1210.0,112000,79.13665578316979,78.65164050285273,1.0985652339523926
2015/12/17,1200.0,1220.0,1200.0,1200.0,203000,79.043970319787,78.18672824712276,1.0597226967858724
2015/12/18,1200.0,1220.0,1200.0,1220.0,250000,83.87155520911584,82.87487982419974,1.1252351695843839
2015/12/21,1220.0,1230.0,1210.0,1230.0,194000,85.57550295321799,84.70386592974184,1.0670541362657409
2015/12/22,1230.0,1230.0,1210.0,1210.0,244000,85.36220307917831,83.9641872795645,1.008725988265695
2015/12/24,1210.0,1220.0,1200.0,1210.0,298000,85.58435742027221,84.2320635830571,1.015266514529787
2015/12/25,1200.0,1210.0,1190.0,1190.0,835000,86.24134002961134,85.52599880103232,0.992506530972661
2015/12/28,1170.0,1170.0,1150.0,1150.0,280000,82.46741229712042,81.78447207182684,0.9013783769256173
2015/12/29,1160.0,1170.0,1150.0,1170.0,64000,80.87263323708676,80.22505580065976,0.9200514412739784
2015/12/30,1170.0,1180.0,1160.0,1160.0,93000,80.37615017426083,79.57480185425615,0.8763338012923892
2016/01/04,1160.0,1160.0,1150.0,1150.0,43000,82.19985695430073,80.85519291693463,0.7312711879143952
2016/01/05,1150.0,1160.0,1150.0,1160.0,37000,81.9908583198665,80.71692833221611,0.7582127237145109
2016/01/06,1150.0,1150.0,1140.0,1140.0,67000,80.16342409456809,78.87837022599643,0.7577002894172901
2016/01/07,1140.0,1140.0,1130.0,1140.0,48000,83.44598470104016,81.60870194184314,0.787473048788675
2016/01/08,1130.0,1130.0,1110.0,1110.0,72000,82.97123292958393,81.44729037648362,0.7534941936788786
2016/01/12,1100.0,1110.0,1000.0,1010.0,233000,76.51155452748361,75.60009245573688,0.8738721735406318
2016/01/13,1030.0,1060.0,1030.0,1060.0,172000,77.30556228943216,76.78272507263748,0.8808323312369855
2016/01/14,1050.0,1050.0,1040.0,1040.0,92000,78.78034208853295,77.69885766184963,0.8826359116159166
2016/01/15,1060.0,1060.0,1040.0,1040.0,85000,78.6798941629228,77.79129380726582,0.8939554130251708
2016/01/18,1020.0,1020.0,1010.0,1020.0,63000,77.54033576630513,76.40865435314707,0.9392820695511845
2016/01/19,1040.0,1040.0,1020.0,1030.0,55000,78.29911677379322,77.26481300962745,0.9408031846201118
2016/01/20,1030.0,1030.0,1000.0,1000.0,135000,77.97397298371618,76.93088579142761,0.9389304550297228
2016/01/21,1000.0,1010.0,990.0,990.0,86000,79.93117070482565,78.87261362780156,0.9310436992825708
2016/01/22,1000.0,1020.0,990.0,1010.0,126000,78.41715417870113,77.54409200290611,0.8782034907106161
2016/01/25,1020.0,1030.0,1010.0,1020.0,68000,77.71026283422859,76.63592809095975,0.926814467622347
2016/01/26,1010.0,1020.0,1010.0,1010.0,39000,80.75468942151699,79.63291701165754,0.9408301280953127
2016/01/27,1020.0,1030.0,1020.0,1030.0,30000,79.10479009974895,77.88791318626387,0.9187044374339824
2016/01/28,1030.0,1050.0,1020.0,1050.0,46000,82.80900818410872,81.38942155050478,0.9473456863625214
2016/01/29,1060.0,1090.0,1040.0,1090.0,94000,83.9474825300458,82.21837315833352,0.935959120750663
2016/02/01,1090.0,1110.0,1080.0,1090.0,226000,82.40443157333644,80.75524159979292,0.9024621524865063
2016/02/02,1070.0,1090.0,1050.0,1080.0,134000,83.05201624836486,81.54594123022572,0.8921423407037986
2016/02/03,1050.0,1060.0,1040.0,1050.0,46000,83.70346596683312,82.01640460389916,0.9106953275260142
2016/02/04,1040.0,1040.0,1010.0,1010.0,53000,80.40584122900137,79.49536742989308,0.8793039902578337
2016/02/05,1010.0,1020.0,1000.0,1010.0,49000,82.15311924641044,81.05238743121107,0.885081106330187
2016/02/08,1010.0,1040.0,1000.0,1040.0,94000,83.97514408918063,83.21967481967613,1.0582629698294614
2016/02/09,1010.0,1030.0,1000.0,1010.0,104000,85.92298714014431,85.70126324026168,1.1085387528435662
2016/02/10,1020.0,1020.0,990.0,990.0,72000,87.13745606576485,87.25700660647216,1.1375919181542287
2016/02/12,990.0,1010.0,990.0,990.0,133000,91.2329861835799,92.26590893307696,1.1326460377605374
2016/02/15,1000.0,1040.0,1000.0,1040.0,136000,92.02053365966795,92.48537640571402,1.0621536667626674
2016/02/16,1040.0,1040.0,1030.0,1030.0,49000,88.76870601591423,89.3138300932379,1.055590535839202
2016/02/17,1030.0,1040.0,1020.0,1020.0,50000,90.16812429895958,90.71472959355044,1.0593376099755674
2016/02/18,1020.0,1040.0,1020.0,1040.0,50000,89.52565505352834,90.5136254185897,1.061304000937797
2016/02/19,1030.0,1040.0,1020.0,1020.0,39000,90.08361917224273,91.12585344707449,1.0330242191449504
2016/02/22,1020.0,1030.0,1020.0,1030.0,16000,91.52044786825829,92.30261776982694,1.039494556270974
2016/02/23,1030.0,1030.0,1020.0,1020.0,38000,92.35361293417319,93.08693859058049,1.0416745594209202
2016/02/24,1020.0,1020.0,1010.0,1010.0,24000,91.42620693522058,91.89233814412962,1.0418856233745346
2016/02/25,1010.0,1020.0,1010.0,1020.0,29000,91.32161928530515,91.31143509655818,1.019870005917945
2016/02/26,1020.0,1020.0,1010.0,1020.0,19000,92.53291977099632,92.60624957102638,1.0301269913429696
2016/02/29,1020.0,1030.0,1010.0,1010.0,132000,92.69237824738094,92.71461575875459,0.961208930186434
2016/03/01,1010.0,1010.0,1000.0,1000.0,31000,92.10206337364004,92.42009689634246,0.9534328529884917
2016/03/02,1010.0,1030.0,1000.0,1030.0,136000,90.58021752135713,91.16196122449361,0.9723053510164689
2016/03/03,1020.0,1040.0,1020.0,1040.0,49000,90.54064042034356,91.14135412595706,1.0094386204854413
2016/03/04,1040.0,1050.0,1030.0,1030.0,75000,90.42684732837125,90.86106356892975,0.9786351731664481
2016/03/07,1050.0,1050.0,1030.0,1040.0,43000,90.9895679809382,92.10328553265961,1.0577748727511893
2016/03/08,1040.0,1040.0,1030.0,1030.0,41000,90.91253278455886,92.48379626685195,1.0615257032283665
2016/03/09,1030.0,1030.0,1010.0,1030.0,48000,91.24525007435312,92.87146648719292,1.0744813333454708
2016/03/10,1030.0,1050.0,1030.0,1050.0,71000,92.44197350443682,93.82843295406632,1.0953975140538215
2016/03/11,1030.0,1050.0,1030.0,1050.0,50000,94.72419549434711,95.656284024365,1.0827741985705264
2016/03/14,1050.0,1060.0,1050.0,1050.0,95000,92.33101820784042,93.3572852833592,1.029456611154617
2016/03/15,1050.0,1070.0,1050.0,1050.0,96000,94.62776047536138,95.38437991953812,1.036058296757892
2016/03/16,1050.0,1060.0,1050.0,1050.0,12000,95.95048244076617,96.92882518681849,1.0444948208737972
2016/03/17,1050.0,1070.0,1050.0,1060.0,34000,95.23302057464433,96.02622988366168,1.0418982266958752
2016/03/18,1060.0,1060.0,1040.0,1040.0,38000,95.77279474478868,96.22511471780312,1.0142970534362747
2016/03/22,1060.0,1060.0,1060.0,1060.0,14000,95.75712175668866,95.97008378165285,0.9861209875367437
2016/03/23,1060.0,1060.0,1050.0,1050.0,68000,96.02739621596417,96.48356107297158,0.984489443390416
2016/03/24,1060.0,1060.0,1030.0,1030.0,110000,93.48348195729372,93.92740927205297,0.9522365273280037
2016/03/25,1020.0,1050.0,1020.0,1040.0,69000,94.37087624060774,94.57288971853136,0.959508938596268
2016/03/28,1040.0,1040.0,1030.0,1040.0,26000,95.78928817873388,95.31706493386513,0.9601429844386212
2016/03/29,1050.0,1080.0,1040.0,1080.0,72000,98.6034704317846,98.35408345372633,1.058397422209421
2016/03/30,1080.0,1080.0,1070.0,1070.0,17000,96.53333522918439,96.49967484829915,1.0683849803648893
2016/03/31,1070.0,1080.0,1060.0,1060.0,22000,97.7240193881731,97.82780285035611,1.0621412794332414
2016/04/01,1060.0,1090.0,1050.0,1090.0,152000,104.84547146279144,104.80617181496834,1.1540741648984616
2016/04/04,1100.0,1110.0,1070.0,1090.0,124000,104.91071947563965,104.46984516891679,1.143540659336034
2016/04/05,1090.0,1090.0,1050.0,1060.0,148000,105.0224560393747,104.70024582231565,1.1437663444306716
2016/04/06,1050.0,1070.0,1050.0,1060.0,41000,105.93820515381299,105.40973415593788,1.1443835342192845
2016/04/07,1050.0,1060.0,1050.0,1060.0,56000,106.49633608774738,105.38282375644063,1.1277794189594836
2016/04/08,1040.0,1070.0,1040.0,1060.0,60000,105.02035939248755,103.0296637517844,1.1227479019434363
2016/04/11,1070.0,1070.0,1050.0,1060.0,51000,106.31531308930298,104.27278681757919,1.1439119956904742
2016/04/12,1060.0,1080.0,1060.0,1080.0,53000,107.13044027288201,104.94170162004065,1.1415244601925048
2016/04/13,1080.0,1080.0,1070.0,1070.0,30000,103.82935190419242,102.06998889255783,1.1073182223398559
2016/04/14,1070.0,1090.0,1070.0,1090.0,37000,101.72502172079336,100.89512072740274,1.0862274533444345
2016/04/15,1080.0,1090.0,1080.0,1080.0,40000,100.78382054162974,100.824750991626,1.0778944777035229
2016/04/18,1060.0,1080.0,1060.0,1080.0,23000,103.40141655106353,102.75975132695943,1.1272075408801234
2016/04/19,1080.0,1080.0,1080.0,1080.0,35000,101.12889248896116,101.1745889672272,1.0859522023395205
2016/04/20,1080.0,1080.0,1070.0,1070.0,48000,101.94054135263593,101.64537773287037,1.0784498154023385
2016/04/21,1080.0,1100.0,1080.0,1090.0,60000,102.19986134524987,102.48501414681186,1.0836784728746127
2016/04/22,1090.0,1100.0,1080.0,1100.0,48000,101.06543183820698,102.02967971122416,1.0874067834977326
2016/04/25,1100.0,1110.0,1090.0,1110.0,52000,102.57461317902086,103.38834169068842,1.1405209959449032
2016/04/26,1100.0,1100.0,1090.0,1100.0,43000,102.54101725270162,103.73631363491901,1.141561680980218
2016/04/27,1100.0,1100.0,1090.0,1090.0,21000,99.23789590544786,101.14236728473436,1.1408957900984902
2016/04/28,1100.0,1130.0,1090.0,1100.0,111000,103.90067174420898,105.40143008226019,1.0683071758342797
2016/05/02,1090.0,1090.0,1070.0,1080.0,77000,104.05837335680394,105.50021886529484,1.015590140382806
2016/05/06,1080.0,1100.0,1080.0,1100.0,72000,107.60094498960183,109.36810397126067,1.0735846703614378
2016/05/09,1100.0,1100.0,1080.0,1080.0,73000,106.2412692722012,107.40450517480195,1.0191594615679225
2016/05/10,1080.0,1090.0,1080.0,1090.0,27000,105.84646795231505,107.23921728035101,1.001627413356606
2016/05/11,1090.0,1090.0,1080.0,1080.0,25000,104.6768672718267,105.56656180366777,0.9957052899174647
2016/05/12,1080.0,1090.0,1080.0,1080.0,50000,103.22764863539734,104.49691189202885,0.989070876352027
2016/05/13,1080.0,1090.0,1070.0,1070.0,48000,104.5930809900734,105.89801775883785,1.0227245852914704
2016/05/16,1130.0,1150.0,1110.0,1110.0,174000,109.90189112374252,111.98077663725081,1.0960140835902379
2016/05/17,1130.0,1140.0,1120.0,1120.0,104000,108.62043155389118,110.43648661538428,1.1068932254443808
2016/05/18,1140.0,1140.0,1120.0,1130.0,39000,110.57538276422866,111.89755645848187,1.114928218869071
2016/05/19,1120.0,1140.0,1120.0,1140.0,30000,112.48269153999742,114.19632781352034,1.1646563176336264
2016/05/20,1130.0,1150.0,1130.0,1140.0,67000,111.31568942509402,112.77049806221066,1.1889737770399726
2016/05/23,1140.0,1200.0,1120.0,1180.0,291000,117.5887859883724,118.90107255272187,1.2079636979984623
2016/05/24,1180.0,1190.0,1170.0,1190.0,55000,120.8267713233806,122.03248410398369,1.2384687171164257
2016/05/25,1190.0,1200.0,1190.0,1190.0,82000,117.24450907772066,118.72549200947005,1.227506022449397
2016/05/26,1200.0,1200.0,1180.0,1180.0,35000,116.60206383636617,118.53865228949927,1.2137598524162265
2016/05/27,1180.0,1200.0,1180.0,1200.0,72000,118.20618776682832,119.98113163812782,1.2506843133455323
2016/05/30,1200.0,1200.0,1170.0,1190.0,70000,116.59777254896171,118.88439198298893,1.0620303309533705
2016/05/31,1200.0,1200.0,1180.0,1190.0,33000,114.38850271085921,116.44452328294403,1.0518573942268419
2016/06/01,1190.0,1200.0,1180.0,1190.0,43000,115.87802614181399,117.66294636460562,1.065626624415791
2016/06/02,1180.0,1180.0,1160.0,1180.0,87000,119.6461056152206,121.5645145070044,1.0708965281683764
2016/06/03,1160.0,1180.0,1160.0,1180.0,30000,117.94787175493262,119.59747637529317,1.0687107767027457
2016/06/06,1160.0,1180.0,1160.0,1180.0,37000,118.36888660978924,119.66327918872344,1.0954096693783877
2016/06/07,1170.0,1180.0,1160.0,1170.0,41000,115.57517876603572,116.90205053445546,1.0842047222584685
2016/06/08,1180.0,1180.0,1160.0,1170.0,43000,114.22303634532405,115.5835630913403,1.0760572274309403
2016/06/09,1160.0,1170.0,1160.0,1170.0,39000,115.3818418657921,116.32917837582555,1.1043499022210483
2016/06/10,1180.0,1180.0,1170.0,1170.0,64000,115.05700063127318,116.16157268245746,1.0963218132790433
2016/06/13,1160.0,1160.0,1130.0,1140.0,82000,116.07126257398899,117.28331075715805,1.0813629647897713
2016/06/14,1130.0,1140.0,1110.0,1120.0,56000,114.45308178321412,115.51850809399879,1.0871080012297885
2016/06/15,1100.0,1120.0,1100.0,1120.0,20000,114.71763985992635,115.54212244834024,1.0839967070225331
2016/06/16,1110.0,1120.0,1100.0,1110.0,26000,117.84504362661863,118.47156591469535,1.1352717056857782
2016/06/17,1110.0,1120.0,1080.0,1080.0,58000,113.55354430332638,114.49248430749309,1.0843318020084225
2016/06/20,1080.0,1080.0,1070.0,1080.0,38000,111.44353388992998,112.24963680393509,0.9892318305399513
2016/06/21,1080.0,1100.0,1080.0,1100.0,32000,114.16812276519038,114.93384591220841,0.9759200702189212
2016/06/22,1100.0,1130.0,1100.0,1130.0,35000,115.57289212120261,116.3547906049738,1.0153304664027267
2016/06/23,1140.0,1150.0,1130.0,1150.0,49000,117.68244926362547,118.36647134464184,0.9697834475415065
2016/06/24,1140.0,1140.0,1000.0,1020.0,295000,114.84036042311712,114.77277513542954,0.9473434012541276
2016/06/27,1010.0,1050.0,1010.0,1040.0,98000,111.97774540111007,112.99866686923983,0.9840701014910249
2016/06/28,1050.0,1080.0,1040.0,1070.0,73000,112.14614234957946,113.05923729369354,1.0114471073421072
2016/06/29,1070.0,1080.0,1060.0,1080.0,28000,109.33437195596949,109.80433235968907,1.000781063995823
2016/06/30,1090.0,1120.0,1090.0,1110.0,54000,117.00098613757608,117.48383554606592,1.050494553636016
2016/07/01,1110.0,1120.0,1110.0,1120.0,45000,118.29805226658492,118.9543001323813,1.0361961411636875
2016/07/04,1100.0,1130.0,1100.0,1130.0,59000,117.12235381205964,117.96028547700392,1.0270074534411742
2016/07/05,1110.0,1130.0,1110.0,1130.0,32000,118.50531754831566,118.72866173595543,1.0310176945624376
2016/07/06,1110.0,1130.0,1100.0,1100.0,26000,117.6464557598818,117.53416518122404,1.0162890241877607
2016/07/07,1100.0,1120.0,1100.0,1120.0,34000,125.49441214727463,124.41264788741093,1.060356340088516
2016/07/08,1130.0,1130.0,1070.0,1070.0,70000,120.77323209034043,120.73001967707238,0.9938607821839209
2016/07/11,1110.0,1110.0,1090.0,1100.0,36000,120.23702575188908,120.79847854141315,0.9441795402600542
2016/07/12,1110.0,1190.0,1110.0,1170.0,520000,125.57786088851117,126.37354865474435,1.0893001328926564
2016/07/13,1190.0,1200.0,1160.0,1170.0,356000,121.90457822257,122.43576078172806,1.0773457821197094
2016/07/14,1180.0,1370.0,1170.0,1280.0,4191000,132.99163169860654,133.996695626786,1.7723778161135713
2016/07/15,1300.0,1320.0,1190.0,1220.0,2449000,128.32903335023275,129.4406542512228,1.4450217510010657
2016/07/19,1300.0,1490.0,1290.0,1440.0,21266000,149.55391008119784,150.8690917011545,2.677808656898956
2016/07/20,1350.0,1380.0,1290.0,1350.0,7523000,140.0474814707604,141.11897473624052,2.2502012920635734
2016/07/21,1390.0,1400.0,1310.0,1310.0,3084000,133.2128155096831,134.5742008249839,2.1254080704875045
2016/07/22,1290.0,1380.0,1260.0,1320.0,4114000,135.9153377738347,137.2077046500592,2.1481861291702424
2016/07/25,1320.0,1330.0,1260.0,1260.0,1655000,129.64373489200418,130.85101850240918,1.3030085115645533
2016/07/26,1240.0,1290.0,1240.0,1260.0,1028000,131.38408414325716,132.01146098790252,1.3226734456818374
2016/07/27,1260.0,1270.0,1240.0,1250.0,922000,129.05821914220618,130.96072726685165,1.3013125834456007
2016/07/28,1260.0,1260.0,1240.0,1250.0,362000,127.61846175661296,129.12893373637547,1.3073138006270588
2016/07/29,1260.0,1300.0,1260.0,1300.0,686000,134.59058043393958,135.9158514396883,1.303094423468813
2016/08/01,1280.0,1300.0,1260.0,1300.0,474000,136.07875262211905,138.3213334056522,1.3270746434651899
2016/08/02,1290.0,1290.0,1260.0,1260.0,386000,129.29398368371636,131.8451511873329,1.3368659730786423
2016/08/03,1260.0,1290.0,1260.0,1280.0,476000,135.5870159789977,138.54160345314438,1.3698919817676642
2016/08/04,1280.0,1290.0,1260.0,1270.0,345000,132.33767363967675,135.78978357292678,1.352758053304017
2016/08/05,1270.0,1270.0,1260.0,1260.0,205000,131.68119358386002,135.49850846441626,1.3299900054609437
2016/08/08,1270.0,1270.0,1260.0,1260.0,156000,129.070308891212,133.79563327901607,1.3321758468718352
2016/08/09,1260.0,1280.0,1260.0,1280.0,328000,128.61971665066548,133.29904788774576,1.3214085116821288
2016/08/10,1280.0,1310.0,1280.0,1310.0,473000,130.84551931585236,136.03531990609514,1.3392751002102623
2016/08/12,1330.0,1360.0,1320.0,1320.0,929000,131.21440368008533,136.09914810394196,1.2920281710649364
2016/08/15,1310.0,1320.0,1270.0,1290.0,498000,129.24693751426278,134.34710923055778,0.895966022362214
2016/08/16,1280.0,1290.0,1210.0,1230.0,722000,125.89522318719484,130.91253552257655,0.882561860002663
2016/08/17,1230.0,1250.0,1220.0,1230.0,253000,122.75964577709419,127.80789115539915,0.8748269454031321
2016/08/18,1230.0,1270.0,1230.0,1260.0,301000,127.59422079690574,132.0953834473462,0.8974453156410716
2016/08/19,1250.0,1250.0,1220.0,1230.0,182000,123.49064132674718,127.63104644602232,0.9049248353601237
2016/08/22,1230.0,1240.0,1220.0,1240.0,219000,121.50153383348669,123.55569443367843,0.9310932092126663
2016/08/23,1240.0,1240.0,1230.0,1240.0,99000,127.468060113283,130.39022693142743,0.9397035666644595
2016/08/24,1240.0,1240.0,1220.0,1230.0,153000,124.94295330560246,127.7199569561174,0.9246202142691021
2016/08/25,1230.0,1240.0,1220.0,1240.0,323000,122.03332845354788,125.1293759942878,0.9114939724246676
2016/08/26,1240.0,1260.0,1230.0,1230.0,232000,121.92124313033561,125.43438865792558,0.9255724467997674
2016/08/29,1250.0,1270.0,1230.0,1250.0,538000,120.58042605036164,125.04549327597675,0.9437099396694878
2016/08/30,1240.0,1250.0,1240.0,1240.0,97000,118.13899120226566,122.46774262306216,0.941073701658464
2016/08/31,1240.0,1240.0,1200.0,1210.0,326000,114.73933385533985,118.06917450056933,0.8913097886739567
2016/09/01,1210.0,1220.0,1200.0,1200.0,247000,114.0716917236929,117.12082149261052,0.9034589185605991
2016/09/02,1210.0,1240.0,1210.0,1230.0,409000,116.48357263493526,119.3871688747729,0.9003648923044669
2016/09/05,1230.0,1250.0,1230.0,1240.0,119000,116.06128191370667,119.10116987971668,0.9360448394030904
2016/09/06,1240.0,1280.0,1230.0,1270.0,347000,117.78702468917501,120.92860244193236,0.9594956063635992
2016/09/07,1260.0,1280.0,1250.0,1280.0,277000,126.09602989677778,127.65248430405943,0.9665242863244914
2016/09/08,1320.0,1370.0,1260.0,1270.0,1380000,120.21165905268904,122.45902098758894,0.9620623181256434
2016/09/09,1260.0,1280.0,1260.0,1270.0,154000,118.88681469131883,121.64130062720055,0.9511253862637241
2016/09/12,1270.0,1280.0,1260.0,1280.0,161000,122.05736867704198,125.20105972631985,0.9887449737692564
2016/09/13,1280.0,1280.0,1250.0,1260.0,133000,121.22506730810572,124.34107589626524,0.9827714747834649
2016/09/14,1250.0,1260.0,1240.0,1250.0,121000,119.92724313600812,122.8146236104581,0.9855495287029478
2016/09/15,1250.0,1250.0,1230.0,1250.0,137000,125.39906961784388,127.97366287247051,1.011984637763
2016/09/16,1250.0,1270.0,1250.0,1270.0,80000,126.29404059243345,128.73688004713554,1.0168562709836038
2016/09/20,1270.0,1270.0,1250.0,1250.0,69000,122.18650201859982,124.25746115997586,1.0021496254598479
2016/09/21,1250.0,1270.0,1250.0,1270.0,106000,121.81141703431587,122.91367606425443,0.9940234583719033
2016/09/23,1280.0,1290.0,1270.0,1290.0,159000,126.30602997331803,127.49074723912726,1.020736203209279
2016/09/26,1290.0,1310.0,1290.0,1300.0,175000,126.04331464953901,127.27919239103227,1.0067792912256655
2016/09/27,1290.0,1310.0,1280.0,1310.0,270000,123.09139304619352,123.6606939427827,1.0033115618034003
2016/09/28,1310.0,1310.0,1290.0,1300.0,54000,122.57627574879955,123.08314520379729,1.0115001370199463
2016/09/29,1310.0,1310.0,1290.0,1290.0,99000,123.37776291756543,124.8239596380299,1.0001604003879514
2016/09/30,1290.0,1300.0,1280.0,1290.0,52000,125.22599250451879,126.94713794821142,1.0890683618939476
2016/10/03,1300.0,1300.0,1290.0,1290.0,37000,122.74859022471412,124.48456870202413,1.0403811768338684
2016/10/04,1290.0,1300.0,1290.0,1290.0,53000,121.89583314660595,123.52597565014982,1.0328343799836481
2016/10/05,1290.0,1300.0,1280.0,1280.0,75000,120.21031086811959,122.24541011485064,1.0193383763180963
2016/10/06,1290.0,1300.0,1290.0,1290.0,69000,121.47490725915281,123.81150078893113,0.9703041950794923
2016/10/07,1300.0,1310.0,1290.0,1310.0,141000,123.504564779085,126.68734740292322,0.9764325821921114
2016/10/11,1310.0,1310.0,1290.0,1310.0,73000,120.95724413877988,125.15208158813667,0.999692342043461
2016/10/12,1300.0,1310.0,1280.0,1300.0,199000,119.06329347202855,122.7953935648111,0.9701704551696507
2016/10/13,1300.0,1320.0,1290.0,1310.0,158000,120.7943908376236,124.34510300428016,1.0547353553146261
2016/10/14,1300.0,1320.0,1300.0,1310.0,81000,120.47076746111247,124.09070933711257,1.0873327019326238
2016/10/17,1310.0,1320.0,1310.0,1310.0,157000,120.12209906727793,123.7363942715277,1.0563807277123778
2016/10/18,1320.0,1370.0,1310.0,1360.0,512000,123.70310249060627,127.37888415736455,1.2446450721900013
2016/10/19,1370.0,1380.0,1340.0,1370.0,488000,124.6127134033886,128.43413522939383,1.2871783871667306
2016/10/20,1370.0,1370.0,1350.0,1370.0,128000,122.1178280293579,126.4444971306293,1.2738297054380405
2016/10/21,1360.0,1360.0,1340.0,1360.0,130000,125.19721780635156,129.5666122215794,1.2867350529957327
2016/10/24,1360.0,1360.0,1350.0,1350.0,89000,123.6798801468223,128.24297497093477,1.1248540186616138
2016/10/25,1360.0,1370.0,1350.0,1350.0,170000,121.64621874145179,126.04178767461434,1.1187796376865071
2016/10/26,1350.0,1360.0,1340.0,1360.0,114000,122.1628625078015,125.7677307603342,1.123481158081188
2016/10/27,1360.0,1380.0,1360.0,1380.0,232000,124.57069572763257,127.67437008295677,1.1483153148229344
2016/10/28,1380.0,1390.0,1370.0,1390.0,267000,125.65283209819542,128.55397096454632,1.0406897229688241
2016/10/31,1380.0,1400.0,1370.0,1390.0,193000,121.16818323652774,123.8747644615611,1.0374987243436737
2016/11/01,1390.0,1390.0,1310.0,1360.0,424000,121.96269525423544,124.27539651405874,0.9860133351848435
2016/11/02,1350.0,1350.0,1330.0,1340.0,100000,122.32723149438134,124.66244364397805,1.0026598625554668
2016/11/04,1340.0,1340.0,1290.0,1310.0,312000,121.37361851194832,123.62564664517053,1.0271259838593743
2016/11/07,1330.0,1350.0,1330.0,1340.0,100000,125.60137989164251,128.22562756523467,1.019853761345116
2016/11/08,1350.0,1360.0,1340.0,1340.0,70000,126.86633897231762,129.09889903940623,1.0193250426299663
2016/11/09,1360.0,1360.0,1280.0,1290.0,322000,129.1772969370571,130.71380172149006,1.0979545686490086
2016/11/10,1340.0,1350.0,1310.0,1350.0,161000,128.8380335800536,131.34969394449405,1.075120254699852
2016/11/11,1360.0,1360.0,1330.0,1350.0,142000,129.03864532502428,131.6348662026806,1.0886532177280936
2016/11/14,1340.0,1360.0,1320.0,1360.0,286000,126.47841401855192,129.3753510895884,1.0854051038778367
2016/11/15,1360.0,1360.0,1340.0,1340.0,132000,125.11258484710532,127.30329954331303,1.053267073795373
2016/11/16,1350.0,1350.0,1330.0,1330.0,111000,122.94586299956227,124.7269432163538,1.01843605125481
2016/11/17,1320.0,1340.0,1310.0,1340.0,94000,125.1951554443996,126.63438256658613,0.8280875665268813
2016/11/18,1340.0,1340.0,1330.0,1330.0,40000,122.63011799326284,124.38975073389057,0.7694169456784803
2016/11/21,1340.0,1350.0,1330.0,1340.0,79000,120.86982807873632,122.2444132061437,0.79934549774901
2016/11/22,1330.0,1340.0,1330.0,1330.0,57000,119.5918528355531,120.9490755683909,0.7921852905379575
2016/11/24,1340.0,1360.0,1330.0,1360.0,284000,122.27325696998612,123.35644200826066,0.903637449136039
2016/11/25,1360.0,1370.0,1340.0,1350.0,412000,121.69721324264637,122.47999358155862,0.8757095976620146
2016/11/28,1350.0,1360.0,1340.0,1360.0,97000,122.94314092886707,122.89225492998011,0.8398126886234782
2016/11/29,1350.0,1360.0,1350.0,1350.0,103000,121.96337746309969,121.70339764375282,0.8338087862849554
2016/11/30,1360.0,1370.0,1350.0,1370.0,177000,124.32871771259362,124.48683049436404,0.8740501827847442
2016/12/01,1370.0,1380.0,1360.0,1370.0,245000,119.96617595424833,120.36840597359573,1.0484495046040865
2016/12/02,1370.0,1370.0,1360.0,1370.0,53000,118.86723493699498,119.59208170478128,1.0786322731785973
2016/12/05,1370.0,1370.0,1350.0,1360.0,108000,120.15652781546207,120.46131757255102,1.106170758211534
2016/12/06,1360.0,1370.0,1360.0,1360.0,92000,119.32676281051053,119.36099791206492,1.0952448876039838
2016/12/07,1360.0,1370.0,1350.0,1370.0,87000,118.14696360973642,118.15731232142461,1.109394067514564
2016/12/08,1370.0,1380.0,1360.0,1380.0,125000,116.72253612619332,117.10281022549232,1.112008038880315
2016/12/09,1380.0,1380.0,1360.0,1380.0,208000,114.50877280203744,114.90562399889252,1.096841506838391
2016/12/12,1370.0,1380.0,1360.0,1370.0,205000,113.49361306274169,114.85917731529771,0.9815262602695817
2016/12/13,1370.0,1410.0,1370.0,1390.0,1255000,112.65264173503404,113.94769756628509,0.9860402585850551
2016/12/14,1390.0,1390.0,1370.0,1380.0,288000,112.84296106737197,114.20005286239798,0.9788302227099197
2016/12/15,1380.0,1380.0,1370.0,1380.0,92000,115.47595983976169,116.6392151524579,0.9993274544555436
2016/12/16,1380.0,1410.0,1370.0,1400.0,574000,112.30329721455156,113.74987882022867,1.0443744831272435
2016/12/19,1400.0,1410.0,1390.0,1400.0,293000,111.0296688684414,112.51470731948763,1.0555102547987545
2016/12/20,1400.0,1400.0,1390.0,1400.0,92000,112.09493209269095,114.30423504473812,1.0502494857136466
2016/12/21,1400.0,1410.0,1380.0,1390.0,369000,111.00754247536322,113.29075659093772,1.0478483100146019
2016/12/22,1390.0,1390.0,1370.0,1390.0,467000,111.10365008190772,113.37294599603797,1.0589985997659253
2016/12/26,1390.0,1400.0,1380.0,1390.0,227000,117.6086996869383,120.16861698007952,1.0175402142979566
2016/12/27,1390.0,1390.0,1360.0,1360.0,889000,113.71821949205089,116.78184002981237,0.9818416944185588
2016/12/28,1350.0,1380.0,1350.0,1360.0,594000,115.01755585551703,118.04241684467493,0.9812250069605082
2016/12/29,1350.0,1370.0,1350.0,1370.0,229000,114.81103139309612,118.44627762186346,1.003600403009269
2016/12/30,1370.0,1370.0,1360.0,1370.0,91000,114.99585231243405,118.4291183900154,0.9803685957123636
2017/01/04,1370.0,1380.0,1360.0,1370.0,192000,111.57150189899036,115.10086974422313,0.9644951862576946
2017/01/05,1370.0,1380.0,1370.0,1380.0,104000,110.17967413845986,113.44715731012194,0.9754274668602164
2017/01/06,1370.0,1370.0,1360.0,1370.0,125000,112.28054684025662,115.00089433548095,0.974107306352057
2017/01/10,1370.0,1370.0,1350.0,1360.0,245000,120.12537062847981,122.3991452707783,1.0000142732951365
2017/01/11,1360.0,1360.0,1350.0,1350.0,99000,116.51300519071137,118.46130396051167,0.9883097911337199
2017/01/12,1360.0,1360.0,1330.0,1340.0,307000,116.09432581403654,118.03268032141759,0.979723155842459
2017/01/13,1340.0,1350.0,1340.0,1340.0,75000,114.549027808842,116.96644321701766,0.9834011598507432
2017/01/16,1340.0,1350.0,1300.0,1310.0,342000,114.04031200712745,116.45700811553397,0.9389629709014453
2017/01/17,1310.0,1320.0,1300.0,1300.0,147000,114.3717324402957,116.286953002915,0.9462793605250236
2017/01/18,1300.0,1310.0,1280.0,1310.0,315000,113.81807861283522,115.86611047256679,0.9438437670830144
2017/01/19,1320.0,1330.0,1310.0,1310.0,179000,111.12771781838066,112.69663556350051,0.9397203221388056
2017/01/20,1310.0,1340.0,1310.0,1330.0,165000,116.68740005549402,118.0061384511541,0.955782933769641
2017/01/23,1330.0,1330.0,1310.0,1310.0,150000,116.32916028732923,118.08651773234473,0.9517500052534418
2017/01/24,1310.0,1320.0,1310.0,1320.0,62000,116.23049755415933,118.0170571278314,0.9616929075753644
2017/01/25,1330.0,1340.0,1310.0,1310.0,196000,114.54723861996605,117.08045686286495,0.9448050643549205
2017/01/26,1310.0,1320.0,1300.0,1320.0,200000,110.41700090997628,113.27231354027303,0.9641857005499238
2017/01/27,1320.0,1320.0,1310.0,1320.0,121000,108.97614482852707,111.9412559791437,0.9612981633579517
2017/01/30,1320.0,1320.0,1300.0,1300.0,118000,110.00733159620523,113.00056403087595,0.9546262256695166
2017/01/31,1300.0,1310.0,1290.0,1290.0,103000,111.34826178783169,113.97879376678955,0.9628602683103807
2017/02/01,1290.0,1300.0,1290.0,1290.0,70000,110.30180870055169,113.086599609702,0.9564895215870182
2017/02/02,1290.0,1300.0,1280.0,1280.0,82000,114.20592730659895,116.52968661515484,0.9574718679642279
2017/02/03,1280.0,1290.0,1280.0,1280.0,78000,112.67412354031529,114.51773788788834,0.956079217021537
2017/02/06,1280.0,1310.0,1280.0,1300.0,116000,112.00769258738757,113.48920035253423,0.9671078468666806
2017/02/07,1300.0,1300.0,1290.0,1290.0,36000,108.64052091447347,109.87873466633013,0.968169129685051
2017/02/08,1290.0,1300.0,1280.0,1280.0,106000,106.88515237179932,107.30596321778285,0.9552506888598721
2017/02/09,1280.0,1290.0,1270.0,1280.0,182000,102.24775170471783,102.19057543823777,0.9607885685535669
2017/02/10,1290.0,1300.0,1290.0,1290.0,50000,100.54065905286762,100.79072851419177,0.9545142239709513
2017/02/13,1310.0,1310.0,1300.0,1310.0,84000,103.71618631456549,104.72994392366087,0.9816914530256594
2017/02/14,1310.0,1320.0,1310.0,1310.0,116000,106.13213937517072,107.17781867030811,0.9911927136877909
2017/02/15,1290.0,1290.0,1270.0,1290.0,435000,103.03713475916145,104.38754343076226,0.9507666227365307
2017/02/16,1280.0,1280.0,1270.0,1270.0,93000,102.2289905501354,103.23047464504657,0.9268097222450747
2017/02/17,1270.0,1270.0,1260.0,1270.0,194000,103.35890211932212,104.13731913835886,0.9283145743189096
2017/02/20,1250.0,1260.0,1240.0,1260.0,259000,102.37692174566901,102.79773641643692,0.9090112819846072
2017/02/21,1260.0,1260.0,1250.0,1260.0,124000,102.3092347172165,102.53115877361489,0.9043263078197509
2017/02/22,1260.0,1280.0,1250.0,1260.0,225000,102.45343224798715,102.91524383927886,0.9079902089294227
2017/02/23,1260.0,1270.0,1260.0,1270.0,60000,103.74182269315023,104.61143712103322,0.904532581819106
2017/02/24,1260.0,1280.0,1260.0,1270.0,84000,104.52519376120557,105.32337117178785,0.9278069893872544
2017/02/27,1270.0,1270.0,1260.0,1260.0,119000,104.6385513204009,105.5475880052148,0.9591990849182013
2017/02/28,1270.0,1270.0,1260.0,1260.0,27000,106.00843768420802,106.75597269624546,0.9589404981765063
2017/03/01,1260.0,1270.0,1260.0,1270.0,52000,106.47183927155177,107.14654224865956,0.9501394755938319
2017/03/02,1270.0,1280.0,1260.0,1270.0,80000,105.85829967791437,106.84676664878816,0.9386275019059174
2017/03/03,1260.0,1270.0,1250.0,1250.0,136000,106.06001619159389,107.12840266165419,0.9304261416258277
2017/03/06,1250.0,1270.0,1250.0,1260.0,122000,105.72561329029371,106.11577791299969,0.9366425237436483
2017/03/07,1260.0,1260.0,1250.0,1260.0,87000,106.13463858231256,106.02088592357883,0.9337070300978871
2017/03/08,1260.0,1260.0,1250.0,1260.0,57000,105.73588707130799,105.13404821959512,0.9369478383133852
2017/03/09,1260.0,1260.0,1250.0,1260.0,42000,104.68067528772818,104.36900198111493,0.9298613761776426
2017/03/10,1270.0,1270.0,1260.0,1270.0,171000,104.50586148578608,104.45485764143201,0.9380752298143132
2017/03/13,1270.0,1270.0,1260.0,1270.0,35000,106.16734425354797,105.81224679551046,0.9373275582375084
2017/03/14,1270.0,1280.0,1270.0,1280.0,61000,106.41027781723889,106.20552778861234,0.9528142395448278
2017/03/15,1280.0,1280.0,1260.0,1260.0,88000,104.04528082920201,103.90056704278608,0.9212567292898585
2017/03/16,1260.0,1270.0,1260.0,1260.0,47000,102.76559226338551,102.71442140296313,0.9110878465268264
2017/03/17,1270.0,1270.0,1260.0,1260.0,78000,103.79661993169142,104.06998165164659,0.9686047405437994
2017/03/21,1250.0,1260.0,1250.0,1260.0,56000,104.16006650518898,104.15674345285115,0.9822747945334239
2017/03/22,1250.0,1260.0,1250.0,1250.0,46000,106.29094059759272,106.13302960708523,0.9989754685861962
2017/03/23,1250.0,1260.0,1250.0,1250.0,89000,107.41455331580627,107.41854632139642,1.0041725138954611
2017/03/24,1250.0,1260.0,1230.0,1260.0,212000,106.94070600758604,107.19610571691645,1.0051704188780477
2017/03/27,1250.0,1250.0,1240.0,1240.0,62000,107.60498437944858,108.08194652388086,0.989685407564855
2017/03/28,1250.0,1260.0,1240.0,1260.0,73000,103.91216694865551,104.03733744166009,1.0034338963107772
2017/03/29,1260.0,1260.0,1250.0,1260.0,36000,103.4274967616611,103.57030109243257,1.0052598037139995
2017/03/30,1260.0,1260.0,1240.0,1240.0,47000,102.83929937750527,103.16706782060321,0.999599095212337
2017/03/31,1240.0,1260.0,1240.0,1240.0,110000,97.24645855032608,97.87728038604173,1.0147740563383676
2017/04/03,1240.0,1250.0,1230.0,1240.0,45000,96.62248534023577,97.68969752401902,1.0153481260674722
2017/04/04,1240.0,1250.0,1230.0,1230.0,108000,97.05351132072973,97.8231107307668,1.0150287466004202
2017/04/05,1230.0,1240.0,1230.0,1230.0,42000,96.68356332594938,97.76749539606386,1.0147358074407784
2017/04/06,1220.0,1230.0,1190.0,1190.0,259000,95.07644837917051,96.5232938268344,0.991579957948788
2017/04/07,1190.0,1200.0,1190.0,1190.0,86000,95.16339243981585,97.03606900951272,0.9811166162203363
2017/04/10,1200.0,1200.0,1190.0,1190.0,54000,94.06843941173439,95.80537974583997,0.9852791525265356
2017/04/11,1190.0,1200.0,1190.0,1190.0,58000,93.61685759107155,95.75889262950302,0.9881129575235165
2017/04/12,1190.0,1190.0,1170.0,1180.0,103000,97.37320330781266,99.31599098936901,0.9875071617226889
2017/04/13,1170.0,1180.0,1150.0,1180.0,107000,99.35168064278966,101.1081266180134,0.9826375724820336
2017/04/14,1170.0,1180.0,1160.0,1170.0,104000,99.54407075186394,101.08151082538863,1.0127252910585949
2017/04/17,1160.0,1180.0,1160.0,1170.0,26000,96.06117901171997,97.57605632841837,1.0069543764927957
2017/04/18,1170.0,1190.0,1170.0,1180.0,32000,100.09934608538506,101.20327016652584,1.012190266763933
2017/04/19,1170.0,1180.0,1170.0,1170.0,52000,100.29508396875964,101.49535759023269,1.0083628408334002
2017/04/20,1180.0,1180.0,1170.0,1170.0,25000,101.12598269736944,101.5723983655036,1.0074329626274987
2017/04/21,1170.0,1190.0,1170.0,1180.0,45000,101.23378098480076,101.42979459374945,0.9916934456994434
2017/04/24,1210.0,1210.0,1200.0,1200.0,90000,99.88036211979129,100.81838569255312,0.9912650786305193
2017/04/25,1210.0,1230.0,1210.0,1230.0,104000,101.70232488152455,102.43234671608623,0.997778869046273
2017/04/26,1230.0,1270.0,1220.0,1270.0,285000,104.43958310447412,104.91020612588706,1.0708409170062685
2017/04/27,1260.0,1260.0,1240.0,1250.0,135000,98.37326546365728,99.1333384999559,1.0431903567023093
2017/04/28,1240.0,1240.0,1230.0,1230.0,100000,95.7978889471161,96.65165165165142,1.0350003990600576
2017/05/01,1230.0,1230.0,1220.0,1230.0,100000,95.23343579907024,96.15137325704467,1.0178621559783267
2017/05/02,1220.0,1230.0,1220.0,1220.0,103000,91.8651255921501,92.88233948854464,1.0071538892830676
2017/05/08,1230.0,1240.0,1220.0,1230.0,152000,92.82536622933017,93.83807874311431,0.9921114869375893
2017/05/09,1230.0,1230.0,1220.0,1230.0,45000,94.20364401838846,95.23224273260703,0.9961820349565955
2017/05/10,1240.0,1240.0,1230.0,1240.0,74000,95.65363588621766,96.64293075745306,1.0013856002081676
2017/05/11,1240.0,1250.0,1230.0,1250.0,57000,96.51854301004781,97.53640546133244,1.0076829754608834
2017/05/12,1250.0,1260.0,1230.0,1250.0,120000,96.42546242620654,97.56868985349465,1.00474622857708
2017/05/15,1220.0,1240.0,1220.0,1230.0,169000,91.83034271195464,92.69184057475162,0.9903678617871138
2017/05/16,1230.0,1230.0,1210.0,1210.0,154000,90.31693774628211,91.09757353955624,0.9753240358133387
2017/05/17,1210.0,1220.0,1210.0,1210.0,66000,89.94793373839929,90.94519465241443,0.982196458037893
2017/05/18,1210.0,1220.0,1210.0,1220.0,109000,91.10654707902496,91.98356822210275,0.9944035748083562
2017/05/19,1220.0,1220.0,1210.0,1210.0,22000,90.67550525878042,91.41899390818963,0.9908402866159336
2017/05/22,1210.0,1220.0,1210.0,1210.0,78000,86.78615221400605,87.56509662795493,0.9920262342775947
2017/05/23,1210.0,1240.0,1210.0,1240.0,108000,87.65481964303798,88.30932994196634,1.032012712592123
2017/05/24,1240.0,1240.0,1210.0,1220.0,230000,87.0172800746428,87.40558549225504,0.9992046149893244
2017/05/25,1220.0,1230.0,1220.0,1230.0,134000,88.24026015893057,88.68180022975135,1.0012983433048337
2017/05/26,1230.0,1230.0,1220.0,1230.0,88000,87.6509942682524,88.16494309999865,0.9683336155059047
2017/05/29,1230.0,1230.0,1210.0,1210.0,151000,88.17383847227069,88.4574771056422,0.9712173670926024
2017/05/30,1210.0,1220.0,1210.0,1220.0,99000,89.79372895980848,89.94797853011622,0.9727997610856423
2017/05/31,1220.0,1220.0,1210.0,1210.0,100000,87.73638755568342,88.30581640640341,0.9701740472255581
2017/06/01,1210.0,1220.0,1210.0,1220.0,107000,86.22339630343649,86.81176325512966,0.9692305183193061
2017/06/02,1220.0,1240.0,1220.0,1220.0,119000,85.27598065661243,85.75609915075512,0.9687941436749296
2017/06/05,1220.0,1230.0,1220.0,1220.0,73000,84.98447219921785,85.56663283440483,0.970406283618115
2017/06/06,1220.0,1220.0,1210.0,1210.0,85000,86.31450034635243,86.8562733706429,0.9752711429990897
2017/06/07,1210.0,1220.0,1210.0,1210.0,83000,87.09865921081358,87.48141986657025,0.9750218186522924
2017/06/08,1220.0,1230.0,1220.0,1230.0,91000,88.01532681983292,88.40457040669558,0.9845638408852977
2017/06/09,1230.0,1230.0,1220.0,1220.0,89000,86.49675179885656,87.17869243860984,0.9761004036856268
2017/06/12,1230.0,1240.0,1220.0,1240.0,162000,87.5219188313287,87.78982421968624,0.9978903624342826
2017/06/13,1240.0,1240.0,1230.0,1230.0,89000,87.52600217170864,87.65879702220705,0.9916479653922478
2017/06/14,1240.0,1240.0,1220.0,1220.0,102000,87.21278260302302,87.3956462661958,0.9842398539126193
2017/06/15,1220.0,1230.0,1220.0,1220.0,78000,85.53753195304,85.9269611594731,1.0060390141975213
2017/06/16,1220.0,1230.0,1220.0,1230.0,99000,89.08412889589967,89.2556821187992,0.9998913198296722
2017/06/19,1230.0,1230.0,1220.0,1220.0,154000,89.86994519029739,89.97185215625224,0.9838208757949353
2017/06/20,1220.0,1250.0,1220.0,1230.0,274000,89.37043202872252,89.4614595483354,0.9916860167924736
2017/06/21,1240.0,1240.0,1220.0,1220.0,314000,86.12876254963182,86.06096396016618,0.9859514272095891
2017/06/22,1220.0,1230.0,1210.0,1230.0,73000,86.36267477963568,86.25635213292888,0.9501054777764194
2017/06/23,1230.0,1240.0,1220.0,1220.0,78000,88.829691379489,89.40711141159571,0.9714012867603564
2017/06/26,1230.0,1230.0,1210.0,1210.0,389000,88.38072588046528,88.45774529277286,0.9663426244592805
2017/06/27,1210.0,1220.0,1210.0,1210.0,210000,85.67594419817097,85.53635249753566,0.9619417881493094
2017/06/28,1190.0,1217.0,1190.0,1207.0,12200,86.42334606273855,86.37481505800086,0.9614747626024439
2017/06/29,1204.0,1222.0,1204.0,1218.0,7300,84.52602047901826,84.17339886328273,0.9672227308763056
2017/06/30,1210.0,1222.0,1210.0,1217.0,5300,85.061293975691,84.56377345280193,0.9792381951470619
2017/07/03,1217.0,1233.0,1217.0,1229.0,11400,85.55095090008578,85.01755895041043,1.0137597057710719
2017/07/04,1230.0,1232.0,1221.0,1221.0,5900,84.5192720685794,84.35350950350177,1.0180872604806415
2017/07/05,1221.0,1223.0,1218.0,1221.0,3600,85.00644071223314,84.63713140124682,1.0125009791930666
2017/07/06,1220.0,1222.0,1218.0,1221.0,7700,83.2938857840779,82.7379896778677,1.008856310976463
2017/07/07,1223.0,1223.0,1217.0,1217.0,5600,86.21780982417054,85.62823783047921,1.012579139726729
2017/07/10,1220.0,1222.0,1217.0,1217.0,3400,86.54790362911486,86.00294592994608,0.9811314439932322
2017/07/11,1218.0,1220.0,1217.0,1218.0,3400,82.96898295546518,82.25954112343716,0.9743842127050836
2017/07/12,1218.0,1220.0,1217.0,1217.0,4800,84.00409288419657,83.52122881338488,0.9790671498586742
2017/07/13,1219.0,1221.0,1217.0,1218.0,4900,77.57385991770555,77.0578087653091,0.9852477154119733
2017/07/14,1218.0,1221.0,1211.0,1220.0,7600,82.00191263322031,81.02837315746716,0.9896716143751915
2017/07/18,1221.0,1221.0,1215.0,1216.0,8600,70.60984885543094,69.37974482183597,0.9999428384947313
2017/07/19,1219.0,1219.0,1217.0,1218.0,1700,75.17545133758806,74.02764846887968,0.9989531143007436
2017/07/20,1219.0,1219.0,1215.0,1216.0,7800,77.45995561727699,76.1343224619959,0.9848490535857639
2017/07/21,1216.0,1219.0,1213.0,1213.0,4000,76.01803523864129,74.84102570251862,0.9897353947482567
2017/07/24,1212.0,1219.0,1212.0,1219.0,4000,80.4952777037393,79.07356490001702,1.01599920545016
2017/07/25,1219.0,1219.0,1210.0,1211.0,7200,78.90635913334764,77.67842799356573,1.014520194725527
2017/07/26,1210.0,1213.0,1209.0,1211.0,3900,80.52243780598258,78.99621785696634,1.0119812084605708
2017/07/27,1211.0,1219.0,1211.0,1217.0,8300,79.89113063780009,78.21882914115675,1.0166259125028514
2017/07/28,1220.0,1224.0,1219.0,1224.0,3500,78.15997014312427,76.81934497572095,1.0234832201414206
2017/07/31,1228.0,1232.0,1226.0,1230.0,6100,78.99551105300313,77.26719459669323,0.9932729102918803
2017/08/01,1240.0,1240.0,1225.0,1227.0,7400,79.86749645146689,77.74928724944063,0.984155927956721
2017/08/02,1230.0,1230.0,1222.0,1223.0,2200,76.52827886703652,74.36074478548423,0.9777295880489196
2017/08/03,1223.0,1227.0,1220.0,1225.0,4500,78.28012283383725,75.74455719782162,0.9794313590966605
2017/08/04,1225.0,1227.0,1220.0,1227.0,2100,79.33278075435645,76.39699712058649,0.9889168153615693
2017/08/07,1227.0,1234.0,1227.0,1230.0,7700,81.0441613767469,77.7447249312773,0.9878687799321129
2017/08/08,1231.0,1233.0,1226.0,1229.0,2600,80.50101358502275,77.35466195071899,0.9896811734106976
2017/08/09,1227.0,1234.0,1213.0,1218.0,10300,78.82900721359694,75.56034327789894,0.9920701049766676
2017/08/10,1200.0,1208.0,1200.0,1204.0,16200,78.2221050018597,74.62897080247511,0.9915879586643406
2017/08/14,1200.0,1204.0,1181.0,1184.0,20700,79.25116368742093,75.5720109595391,0.9755926428966925
2017/08/15,1183.0,1186.0,1182.0,1182.0,13100,80.74009529072931,77.20518991962658,0.9650859297073848
2017/08/16,1183.0,1188.0,1183.0,1185.0,7900,81.77183675302054,78.16595478145356,0.9659552387476846
2017/08/17,1190.0,1202.0,1188.0,1191.0,4300,79.09200289746184,75.55664909726028,0.975776615297101
2017/08/18,1191.0,1193.0,1183.0,1183.0,8100,81.73213275731479,78.01376386892022,0.9809612883026705
2017/08/21,1183.0,1186.0,1182.0,1183.0,5200,81.65370255076868,77.9689425205491,0.9840274232065654
2017/08/22,1191.0,1191.0,1181.0,1182.0,6600,81.12793590084631,77.49214829833299,0.9821889593608611
2017/08/23,1182.0,1184.0,1180.0,1180.0,6800,81.9290350020894,78.34703336252429,0.979609479407815
2017/08/24,1182.0,1182.0,1176.0,1176.0,9300,81.12863465277681,77.68828279799476,0.9854084799454642
2017/08/25,1177.0,1177.0,1171.0,1171.0,4800,80.07114713968843,76.77710461097601,0.9824946823636455
2017/08/28,1176.0,1181.0,1173.0,1180.0,9900,81.23533056725219,77.4753493487987,0.9800043285306865
2017/08/29,1180.0,1203.0,1180.0,1198.0,10500,83.4541724667865,79.38262660466572,1.0066201523997884
2017/08/30,1201.0,1206.0,1201.0,1203.0,4900,86.07218039447638,82.22240203284248,1.0016369179149476
2017/08/31,1205.0,1209.0,1205.0,1206.0,5300,86.58895646189804,83.09994991993369,1.0044944166696623
2017/09/01,1208.0,1208.0,1203.0,1204.0,2800,84.13745341700742,81.0340105648536,1.0079165175601639
2017/09/04,1204.0,1204.0,1188.0,1192.0,7300,83.95478240595489,80.56063109974735,1.0108030392501897
2017/09/05,1192.0,1192.0,1176.0,1177.0,6100,81.66331378670121,78.80335216033129,1.0107358544920302
2017/09/06,1177.0,1177.0,1171.0,1174.0,5100,80.6055454807503,77.74950043184651,1.0086446312423607
2017/09/07,1183.0,1187.0,1177.0,1180.0,3000,81.23605369197577,78.24655349230599,1.0064231195241662
2017/09/08,1174.0,1179.0,1174.0,1177.0,7000,81.57474595777747,78.15626556789952,1.0030041354677837
2017/09/11,1191.0,1191.0,1181.0,1185.0,3200,78.97093191391278,75.9741711557067,1.0066172276766983
2017/09/12,1190.0,1190.0,1176.0,1184.0,7800,79.48773245201043,76.38886621245514,0.9966743957903618
2017/09/13,1187.0,1196.0,1187.0,1193.0,3800,79.81865664744765,76.63622214214585,0.9992791165701012
2017/09/14,1187.0,1195.0,1187.0,1189.0,4500,78.78072841316181,75.82826318981921,1.0157064948097612
2017/09/15,1194.0,1199.0,1186.0,1197.0,4500,78.20264701712254,75.42158754616601,1.0147018647996668
2017/09/19,1196.0,1197.0,1193.0,1197.0,4700,77.7998285661925,75.6127822145476,0.9804606648727219
2017/09/20,1197.0,1202.0,1194.0,1195.0,5200,77.86649842370892,76.30988976604542,0.9800621359553441
2017/09/21,1200.0,1200.0,1195.0,1196.0,2400,76.33959799497771,74.97992311517926,0.9812613223235144
2017/09/22,1198.0,1198.0,1191.0,1194.0,1500,76.40355436198098,75.04025735199062,0.9857025306998295
2017/09/25,1191.0,1195.0,1191.0,1193.0,8900,74.43439587516684,73.28284527371099,0.9805071000885226
2017/09/26,1197.0,1198.0,1193.0,1198.0,6600,75.04857388997425,73.76321721813635,0.9844964206234068
2017/09/27,1205.0,1205.0,1200.0,1205.0,4400,75.30528237098763,74.11074200037974,0.9932482918248661
2017/09/28,1207.0,1213.0,1206.0,1211.0,6900,76.9596688485,75.23037361892698,0.9632770279096295
2017/09/29,1219.0,1219.0,1212.0,1213.0,5200,75.98613462568484,74.26919625861066,0.9732885965558086
2017/10/02,1214.0,1218.0,1214.0,1216.0,4300,76.69558826945881,74.95035456262507,0.9824781391137121
2017/10/03,1215.0,1220.0,1215.0,1215.0,6200,76.46547767143143,74.93741697359889,0.9753603017031304
2017/10/04,1222.0,1222.0,1215.0,1216.0,5000,77.46420409314929,76.00913591679704,0.9762697110142737
2017/10/05,1215.0,1218.0,1215.0,1218.0,4400,77.34856150213403,75.98035138119602,0.9836933606050917
2017/10/06,1216.0,1219.0,1216.0,1216.0,4100,75.63917340326745,74.3080679959221,0.9834660087389671
2017/10/10,1221.0,1223.0,1218.0,1222.0,5000,76.2652982134137,74.63905118242391,0.9807555711654237
2017/10/11,1222.0,1226.0,1218.0,1218.0,6500,75.55950675119189,74.1201838925803,0.9760883169664374
2017/10/12,1221.0,1221.0,1214.0,1214.0,7800,74.18368137372974,73.16747803255083,0.9818169510875746
2017/10/13,1214.0,1219.0,1213.0,1216.0,5600,73.96216409675958,73.18897148459888,0.9755577960027303
2017/10/16,1219.0,1219.0,1214.0,1215.0,4800,73.7432407267837,72.96929860667633,0.9849369045319559
2017/10/17,1215.0,1219.0,1215.0,1216.0,4300,71.08819719247695,70.3814721429866,0.9830246766145699
2017/10/18,1216.0,1219.0,1216.0,1217.0,3600,70.68509217523517,69.90615369300802,0.9827460457680185
2017/10/19,1218.0,1221.0,1215.0,1216.0,6300,71.32463606867408,70.3284359316952,0.9782304048833956
2017/10/20,1214.0,1219.0,1214.0,1219.0,6500,71.78306822322553,70.71034712421917,0.9846319428430262
2017/10/23,1220.0,1225.0,1219.0,1221.0,7300,71.84323580931714,70.87393019147183,0.9855338917303998
2017/10/24,1220.0,1227.0,1219.0,1225.0,14100,72.26431383695441,71.13530327905472,0.9825770852125437
2017/10/25,1226.0,1227.0,1219.0,1220.0,8900,71.87109194564752,70.82002907875959,0.9838818301707049
2017/10/26,1224.0,1224.0,1220.0,1220.0,5700,70.49933481320895,69.66058250309231,0.9729017050972943
2017/10/27,1220.0,1223.0,1218.0,1221.0,19700,69.6333807104926,69.0616857576865,0.9492596246547605
2017/10/30,1224.0,1224.0,1218.0,1223.0,12600,69.65173656918213,69.213320540965,0.9412441299578611
2017/10/31,1225.0,1227.0,1220.0,1225.0,8900,71.37590250834725,71.06023943983794,0.9466655000192714
2017/11/01,1227.0,1238.0,1226.0,1234.0,13500,70.3799901229265,70.53132677696522,0.9461509817039281
2017/11/02,1235.0,1239.0,1233.0,1235.0,5200,70.71037324377608,70.78387749225095,0.9500236772630075
2017/11/06,1238.0,1238.0,1230.0,1231.0,10100,69.98276741234241,69.83730172672597,0.9487402659661427
2017/11/07,1234.0,1238.0,1230.0,1232.0,6000,68.82768044542902,69.13382724877991,0.9391388000184759
2017/11/08,1232.0,1232.0,1226.0,1228.0,4500,67.51584080069622,68.14610628889612,0.9336109448885196
2017/11/09,1228.0,1231.0,1220.0,1222.0,10700,68.6523727382506,68.71351598246254,0.9319966169968472
2017/11/10,1222.0,1224.0,1220.0,1221.0,6500,69.28372336868172,69.23739135371818,0.9555442867022041
2017/11/13,1218.0,1218.0,1210.0,1211.0,12100,70.31158382233149,69.89765275156128,0.9753759286240584
2017/11/14,1212.0,1213.0,1203.0,1205.0,8300,70.99259479076558,70.92339518908061,0.9590885460064218
2017/11/15,1205.0,1208.0,1200.0,1203.0,14000,73.3445419282822,73.73228700790791,0.9759656694349167
2017/11/16,1201.0,1208.0,1201.0,1204.0,4800,71.8071683128583,72.57993653893082,0.9672756496049303
2017/11/17,1216.0,1216.0,1202.0,1207.0,4500,72.8039823022515,73.49947276000557,0.9724651952415558
2017/11/20,1202.0,1211.0,1202.0,1210.0,4900,73.44192831517155,74.04564849437922,0.9862395595140602
2017/11/21,1216.0,1216.0,1206.0,1207.0,10100,73.53165822041004,74.16922860809827,0.9696343882634035
2017/11/22,1214.0,1214.0,1207.0,1207.0,5400,72.24078947660496,72.91255880433064,0.96624065985484
2017/11/24,1210.0,1214.0,1206.0,1210.0,6500,73.05719920715788,73.7213469253948,0.9729929446346705
2017/11/27,1220.0,1220.0,1212.0,1218.0,8800,73.08064557544806,74.0764527431589,0.9948979928764283
2017/11/28,1223.0,1224.0,1213.0,1219.0,7600,73.51419837857037,74.83137339487243,1.0004283083782368
2017/11/29,1223.0,1224.0,1219.0,1223.0,6800,72.3275160632909,73.4407095471622,1.0064837882432947
2017/11/30,1225.0,1230.0,1224.0,1228.0,7900,73.02209495027986,74.189188308525,1.0013927532922018
2017/12/01,1230.0,1234.0,1228.0,1230.0,11900,72.49704706864406,73.86158580403622,0.9887212041654996
2017/12/04,1235.0,1238.0,1232.0,1233.0,6100,72.96565679646207,74.43025085929092,1.0063505997472226
2017/12/05,1235.0,1239.0,1234.0,1236.0,9800,73.7609869726611,74.96016782230059,1.0069707679530169
2017/12/06,1239.0,1245.0,1238.0,1241.0,10600,75.55124970966868,76.48391602932783,1.0262500186201375
2017/12/07,1246.0,1255.0,1245.0,1254.0,13600,75.79375171959482,76.95310432957056,1.0580739196564495
2017/12/08,1254.0,1262.0,1254.0,1258.0,13300,75.91477811710769,77.09076931321923,1.0614441721491235
2017/12/11,1262.0,1262.0,1259.0,1262.0,14800,76.92229882803527,77.79589770185748,1.0376550838866665
2017/12/12,1262.0,1272.0,1261.0,1272.0,14500,77.04090013432328,77.6547019430975,1.0610648913432412
2017/12/13,1272.0,1272.0,1267.0,1271.0,23700,77.91897049190037,78.25958062860717,1.0604566215091535
2017/12/14,1270.0,1272.0,1266.0,1268.0,9600,78.03467533609127,78.3962380750625,1.069147459942833
2017/12/15,1269.0,1269.0,1255.0,1262.0,19400,77.54436363663991,77.93931556463953,1.0399676492457464
2017/12/18,1256.0,1262.0,1256.0,1259.0,20600,76.14515758887987,76.62949164263313,1.0104776394148383
2017/12/19,1260.0,1261.0,1256.0,1256.0,21100,76.47970239136386,76.7245499462468,1.0096396257644504
2017/12/20,1260.0,1270.0,1257.0,1262.0,16800,77.11923026750623,77.02080783044248,1.0188865515846786
2017/12/21,1262.0,1265.0,1235.0,1235.0,32800,75.48849669985202,75.25841568256179,0.9405226644292096
2017/12/22,1247.0,1247.0,1234.0,1235.0,23200,75.24728602029172,74.71629405859235,0.939927924408947
2017/12/25,1235.0,1246.0,1235.0,1237.0,29900,75.24948214484274,74.72086501373076,0.9354941087045822
2017/12/26,1234.0,1242.0,1234.0,1239.0,81000,77.21573278734495,76.60284305729986,0.9387818642550402
2017/12/27,1230.0,1236.0,1220.0,1231.0,65600,76.64985740219578,76.02129206083748,0.9237802691502482
2017/12/28,1230.0,1232.0,1222.0,1222.0,23200,74.95137327986676,74.45504183247397,0.9214956359364218
2017/12/29,1229.0,1229.0,1218.0,1218.0,7000,74.64834775159662,74.2821080575979,0.922365414631334
2018/01/04,1215.0,1216.0,1210.0,1210.0,15800,72.8142901033064,73.1850855162818,0.897133084486976
2018/01/05,1212.0,1215.0,1210.0,1211.0,11800,72.51457946132568,73.02105870121778,0.8766689024381663
2018/01/09,1213.0,1218.0,1211.0,1215.0,6400,72.30009690718073,72.93070607290065,0.911116173387376
2018/01/10,1217.0,1236.0,1217.0,1235.0,15500,74.47006078644029,74.96017086157181,0.9438140047329345
2018/01/11,1224.0,1231.0,1222.0,1231.0,5700,74.13708090339063,74.70590432422306,0.9385511933268461
2018/01/12,1229.0,1229.0,1219.0,1223.0,6300,74.42028971698579,75.15031929530697,0.9389201262161317
2018/01/15,1225.0,1235.0,1225.0,1233.0,7400,75.78721895507938,76.47280025316971,0.9498271658906945
2018/01/16,1228.0,1236.0,1225.0,1228.0,13300,74.19710609312212,75.2550654308078,0.9420598956837797
2018/01/17,1226.0,1229.0,1213.0,1214.0,13800,73.3597075130224,74.19641431872803,0.9317034973165287
2018/01/18,1218.0,1218.0,1210.0,1211.0,10300,74.19365192268921,75.26740699689009,0.9204471656840285
2018/01/19,1212.0,1214.0,1208.0,1211.0,5800,73.19189671149385,73.88612635656351,0.9088534334489918
2018/01/22,1211.0,1211.0,1203.0,1206.0,7300,73.02251903156456,73.70208914148047,0.9705229282644757
2018/01/23,1210.0,1212.0,1201.0,1205.0,17800,71.09538590117698,71.9542823939183,0.9595916614242768
2018/01/24,1205.0,1208.0,1204.0,1205.0,5800,73.2223029409036,73.61662175065211,0.9647553107949183
2018/01/25,1205.0,1208.0,1203.0,1205.0,5300,74.8306375217695,74.84011419432676,0.9683192025803871
2018/01/26,1210.0,1218.0,1209.0,1211.0,8400,75.57530207909693,75.62663989782624,0.9983341510349819
2018/01/29,1211.0,1215.0,1210.0,1211.0,4800,76.35773462470473,76.47537189338871,1.0331634286049356
2018/01/30,1208.0,1208.0,1203.0,1203.0,9800,76.2372465903534,76.36956209662644,1.0476705392961652
2018/01/31,1205.0,1206.0,1202.0,1202.0,9200,77.24318288322145,77.50543259457132,1.0605575863863934
2018/02/01,1205.0,1206.0,1202.0,1203.0,5700,75.69048172249444,75.89387515437542,1.0428184920298327
2018/02/02,1203.0,1206.0,1202.0,1205.0,6000,76.52017771680015,76.50579630337388,1.0463695682292156
2018/02/05,1202.0,1204.0,1200.0,1201.0,14100,77.29256111500275,77.01943090740822,1.0773338875849208
2018/02/06,1199.0,1199.0,1152.0,1160.0,23600,78.6897437539801,78.20074967577784,1.090687238180609
2018/02/07,1170.0,1180.0,1153.0,1153.0,17400,79.10093330582927,78.45693448163044,1.0807028691201355
2018/02/08,1160.0,1164.0,1151.0,1153.0,8000,77.8026748021205,77.21499589041677,1.0710535019998053
2018/02/09,1146.0,1149.0,1140.0,1147.0,10600,80.58284265916778,79.39627290928681,0.9966213114335495
2018/02/13,1166.0,1172.0,1151.0,1151.0,9000,79.56753013133326,78.7701848009618,1.0040480675481218
2018/02/14,1150.0,1167.0,1149.0,1165.0,9500,82.98342504670015,82.405718110485,1.024006864236406
2018/02/15,1165.0,1174.0,1141.0,1143.0,18100,81.12179466274812,81.19510024603451,0.9709226921822084
2018/02/16,1150.0,1166.0,1149.0,1153.0,12500,80.39783934709497,80.71094425962592,1.000781822684347
2018/02/19,1158.0,1160.0,1151.0,1151.0,10400,79.39655090926827,79.60912357506993,0.9895303661925775
2018/02/20,1156.0,1158.0,1154.0,1157.0,4800,81.17219164553936,81.04830622235345,0.9993305423042641
2018/02/21,1153.0,1159.0,1152.0,1152.0,6400,80.64672301892476,80.813865887293,0.9976425633936219
2018/02/22,1152.0,1154.0,1138.0,1142.0,11700,80.13759788580714,80.14108628021391,1.0021126604918609
2018/02/23,1142.0,1148.0,1129.0,1133.0,13100,78.58000264179404,78.5513551730641,0.973376345805846
2018/02/26,1138.0,1144.0,1136.0,1141.0,3000,78.10402002340503,78.2687849528806,0.9583309920247283
2018/02/27,1141.0,1144.0,1141.0,1141.0,4200,77.32655591018029,77.65662139903894,0.9499385077956277
2018/02/28,1141.0,1151.0,1141.0,1145.0,9500,79.23027394968503,79.18759959188924,0.9641484365119873
2018/03/01,1144.0,1149.0,1144.0,1149.0,5200,81.47840718776668,81.34773222735724,0.9725688736518133
2018/03/02,1143.0,1147.0,1143.0,1146.0,8700,84.26795590898526,83.6145170165188,0.9777892506741594
2018/03/05,1148.0,1148.0,1131.0,1136.0,11800,83.03351301929843,82.71692039946507,0.9609222571646401
2018/03/06,1137.0,1143.0,1137.0,1140.0,4100,81.71652871261968,81.9752346548361,0.9516682594752514
2018/03/07,1142.0,1143.0,1125.0,1126.0,12300,80.96083320382603,81.3036774840455,0.9426844755573952
2018/03/08,1130.0,1130.0,1122.0,1122.0,5400,80.50673516049642,80.96175466004976,0.9203631870829443
2018/03/09,1125.0,1133.0,1117.0,1127.0,9800,81.03311621952173,81.42204821716992,0.9418780929557217
2018/03/12,1136.0,1139.0,1126.0,1132.0,4800,80.18830114162124,80.74412681990239,0.9299516693734198
2018/03/13,1131.0,1175.0,1130.0,1175.0,14700,81.94112464493952,82.56334753687837,1.0036884252297311
2018/03/14,1168.0,1168.0,1144.0,1165.0,6800,83.1201113564298,83.3426961918365,0.9906897396143202
2018/03/15,1165.0,1165.0,1147.0,1151.0,2900,82.07429118438802,82.39503517626353,0.9815923438828777
2018/03/16,1145.0,1151.0,1132.0,1135.0,6600,81.1243337852671,81.22097039065515,0.9612078071700524
2018/03/19,1139.0,1142.0,1134.0,1142.0,2800,82.09070102661128,82.38541812883216,1.0355572007794507
2018/03/20,1134.0,1139.0,1130.0,1138.0,2200,82.18549812479343,82.27288151158815,1.0363809218039706
2018/03/22,1140.0,1183.0,1137.0,1175.0,12700,83.08725318972449,83.28086882522176,1.0627822805961222
2018/03/23,1153.0,1159.0,1129.0,1132.0,6700,83.93548872460832,83.31095014434949,1.0940968207129653
2018/03/26,1127.0,1136.0,1127.0,1135.0,4400,83.68417388855359,83.48542401872025,1.1106850403220945
2018/03/27,1137.0,1146.0,1137.0,1146.0,3500,81.93087816006158,81.826050832882,1.0865962108110283
2018/03/28,1144.0,1175.0,1136.0,1172.0,6000,84.99378685232047,84.39654222362698,1.1187093199106375
2018/03/29,1170.0,1171.0,1149.0,1171.0,2600,85.0814120859086,84.6588619756172,1.1245153288464522
2018/03/30,1180.0,1180.0,1162.0,1172.0,3500,83.30404898153357,83.2984307954282,1.1027318829748887
2018/04/02,1167.0,1167.0,1161.0,1163.0,2300,83.24270546817871,83.26568257149324,1.0677448629954578
2018/04/03,1153.0,1173.0,1150.0,1163.0,5500,83.53083029592521,83.49485750169131,1.070742944691655
2018/04/04,1164.0,1177.0,1162.0,1173.0,3700,84.36956289575262,84.10448521850836,1.077597539086126
2018/04/05,1180.0,1200.0,1177.0,1200.0,7800,86.63882620492508,86.54817537848915,1.0952139002082937
2018/04/06,1199.0,1217.0,1178.0,1215.0,11600,88.35853206873233,88.47017327258945,1.1213251007839025
2018/04/09,1211.0,1220.0,1210.0,1218.0,5500,88.75335501476374,88.93641981788673,1.1281033974630847
2018/04/10,1220.0,1220.0,1207.0,1217.0,3700,87.97357219833489,88.28379949506278,1.1243917043311915
2018/04/11,1216.0,1220.0,1204.0,1217.0,4900,88.22915180617017,88.4444650746075,1.1327239758678753
2018/04/12,1217.0,1219.0,1213.0,1219.0,1300,87.88373316488108,88.26425586146861,1.0885689827697451
2018/04/13,1200.0,1200.0,1191.0,1198.0,4300,86.20531491587397,86.38964209475859,1.0930169946761765
2018/04/16,1198.0,1207.0,1160.0,1205.0,7000,86.57609398241767,86.94378750103274,1.1032729965616737
2018/04/17,1205.0,1214.0,1204.0,1214.0,3000,86.73402940824693,87.51141729668286,1.1122844078579965
2018/04/18,1214.0,1218.0,1214.0,1217.0,3200,86.5261564721811,87.4752567504917,1.0964040555445729
2018/04/19,1217.0,1217.0,1203.0,1216.0,1700,86.31856239981639,87.46045266357473,1.0968933105053082
2018/04/20,1216.0,1216.0,1213.0,1215.0,3000,86.51228567760259,87.5282130173186,1.0481382318621912
2018/04/23,1205.0,1213.0,1187.0,1213.0,6700,86.38325854172656,86.78793906369897,1.030820879688194
2018/04/24,1210.0,1215.0,1210.0,1211.0,3100,84.31864377369541,84.51716504903422,1.0178981411384118
2018/04/25,1211.0,1214.0,1209.0,1213.0,2200,82.93233646480836,83.0674443415152,1.0183326764099503
2018/04/26,1213.0,1216.0,1211.0,1216.0,3700,83.90925798434637,84.35456631285524,1.0403969420912504
2018/04/27,1216.0,1219.0,1215.0,1219.0,5500,84.67674878570308,85.4194997614128,0.9977337014480626
2018/05/01,1210.0,1222.0,1208.0,1217.0,5000,86.18205460414798,87.1663408946807,1.002177131112023
2018/05/02,1218.0,1218.0,1205.0,1206.0,4500,86.80497570621957,87.77300793916535,0.9985979399068471
2018/05/07,1209.0,1215.0,1208.0,1210.0,2600,87.11467173833631,87.98168592791397,0.9767501679821817
2018/05/08,1215.0,1220.0,1214.0,1219.0,4800,87.36866639694603,88.0776758004121,0.9745208130482611
2018/05/09,1219.0,1224.0,1216.0,1221.0,8000,87.4437690153592,88.04173919641143,0.9788513699723624
2018/05/10,1223.0,1223.0,1207.0,1210.0,2900,85.88978885353619,86.41219608240243,0.9713068586284446
2018/05/11,1206.0,1210.0,1190.0,1190.0,6700,83.17547041805945,83.83673842314039,0.9528929978176922
2018/05/14,1199.0,1202.0,1184.0,1184.0,3500,83.64762977950177,84.21804781527926,0.9455689264557374
2018/05/15,1201.0,1201.0,1180.0,1182.0,5600,85.27850132309149,85.73083301838665,0.9445576204555006
2018/05/16,1179.0,1182.0,1176.0,1176.0,4900,84.77309182472456,85.06905659069504,0.9455527925297362
2018/05/17,1176.0,1176.0,1162.0,1166.0,6500,81.82878760037818,82.18349610558631,0.9149764096602835
2018/05/18,1163.0,1184.0,1162.0,1180.0,3400,83.31765693031407,83.79336225117555,0.9391071193455391
2018/05/21,1180.0,1180.0,1164.0,1166.0,4500,82.43805391278451,83.28846563498543,0.9343253531637348
2018/05/22,1171.0,1174.0,1164.0,1166.0,3500,80.32463833077448,81.33488672322254,0.9349907972510786
2018/05/23,1165.0,1172.0,1163.0,1164.0,8000,83.01877788136407,83.61439422539571,0.9341100336199617
2018/05/24,1170.0,1176.0,1167.0,1173.0,2600,84.21336248000787,84.77310885124166,0.9455330048446989
2018/05/25,1168.0,1174.0,1168.0,1174.0,1700,83.69651395503615,84.54968288690617,0.9468216344628785
2018/05/28,1174.0,1175.0,1168.0,1169.0,1900,84.58504432902839,85.68613872358452,0.9444684771383356
2018/05/29,1167.0,1175.0,1167.0,1169.0,2700,84.33173238218882,85.53096107528562,0.9488876533345557
2018/05/30,1168.0,1173.0,1163.0,1170.0,7200,86.29537489424943,87.3507777557696,0.9637445230631768
2018/05/31,1170.0,1176.0,1170.0,1173.0,2600,86.00614942201368,87.27200243539892,0.9603034327220292
2018/06/01,1171.0,1171.0,1166.0,1166.0,2300,86.97795704225733,88.08979846835082,0.9656635545894476
2018/06/04,1168.0,1210.0,1168.0,1206.0,11500,88.714205384827,89.67734840598814,1.0172636328609732
2018/06/05,1206.0,1206.0,1175.0,1181.0,6100,86.51925856766366,87.78666645310517,0.9915507269320386
2018/06/06,1176.0,1178.0,1168.0,1171.0,5100,85.48006017854324,86.94994601986652,0.9856108468047322
2018/06/07,1171.0,1182.0,1171.0,1181.0,1700,83.75721469259324,85.35738778721371,0.98848714905796
2018/06/08,1172.0,1187.0,1172.0,1180.0,4700,85.29417938700396,86.41741659721954,0.9876283563639491
2018/06/11,1192.0,1192.0,1181.0,1183.0,2600,83.28974836150994,84.97627321542947,1.02634453302724
2018/06/12,1185.0,1187.0,1183.0,1184.0,2600,83.72356007181904,85.55880217050067,1.0228847176324187
2018/06/13,1183.0,1189.0,1183.0,1186.0,2800,84.163847827799,85.94951019631041,1.019074072330869
2018/06/14,1183.0,1193.0,1183.0,1190.0,2500,85.07183286525407,86.83487247293147,1.0311912451400953
2018/06/15,1191.0,1191.0,1183.0,1188.0,1300,84.29232174405172,86.16582486533176,1.0268217057747462
2018/06/18,1184.0,1184.0,1181.0,1181.0,1900,85.65236907494908,87.76685604470889,1.0519881254698973
2018/06/19,1181.0,1185.0,1174.0,1174.0,2600,86.67265757325828,88.51433011210713,1.0723809496174892
2018/06/20,1175.0,1179.0,1169.0,1172.0,4300,85.7728900044664,88.32716363746896,1.0718381918021207
2018/06/21,1172.0,1184.0,1169.0,1176.0,1400,84.72910443455636,87.95007455852492,1.0730448391983654
2018/06/22,1169.0,1176.0,1169.0,1176.0,1800,86.18697083434047,89.0187639117083,1.0681393517454194
2018/06/25,1176.0,1184.0,1166.0,1167.0,4200,87.01327804785957,89.96954103102304,1.0572549675676037
2018/06/26,1166.0,1174.0,1166.0,1173.0,3500,87.7568563007375,90.6672044954568,1.0582485259107155
2018/06/27,1150.0,1174.0,1150.0,1159.0,3700,86.79087227843463,89.53014535446312,1.0413423639139605
2018/06/28,1160.0,1174.0,1160.0,1164.0,4800,86.76917421534573,89.87069464688608,1.041984170837102
2018/06/29,1173.0,1173.0,1160.0,1161.0,2100,85.68489474185857,88.84035145179897,1.0225569679403814
2018/07/02,1173.0,1173.0,1156.0,1156.0,2100,86.48720176925664,89.57272569004093,0.9873567660284561
2018/07/03,1155.0,1157.0,1151.0,1151.0,3600,86.68086366481725,89.63940257064067,0.9874234339698631
2018/07/04,1176.0,1176.0,1156.0,1156.0,4500,87.54684504841977,90.50418696483958,0.9926410755907493
2018/07/05,1156.0,1165.0,1152.0,1152.0,3400,87.54900125472071,90.93393943889102,1.0422717764435068
2018/07/06,1164.0,1164.0,1148.0,1148.0,6400,86.28168564086364,89.61921373345322,1.039418956222843
2018/07/09,1156.0,1156.0,1144.0,1144.0,4900,85.59902561963595,88.71285312813104,1.007293162058662
2018/07/10,1163.0,1163.0,1136.0,1136.0,5300,84.85805887031762,88.43125351435842,0.9966012762415646
2018/07/11,1137.0,1138.0,1115.0,1115.0,23300,83.95816668609888,87.17528948941933,0.9836716387970971
2018/07/12,1115.0,1118.0,1115.0,1118.0,1600,83.15130951166513,86.92726969369595,0.9850896539880453
2018/07/13,1124.0,1125.0,1118.0,1124.0,2900,82.02615169550403,86.56143260383585,0.9773752040118638
2018/07/17,1128.0,1129.0,1123.0,1123.0,2600,81.37647559040256,85.75944890736054,0.9584263800927116
2018/07/18,1122.0,1128.0,1118.0,1125.0,4300,81.12669783537041,85.54271820444026,0.9551762752084544
2018/07/19,1125.0,1127.0,1123.0,1124.0,1200,81.79553909944332,86.27506451887528,0.9411128544798989
2018/07/20,1123.0,1127.0,1123.0,1125.0,1800,82.1291033959248,86.63356934564757,0.9523206217912638
2018/07/23,1125.0,1125.0,1122.0,1123.0,1300,82.16516833960867,85.91858135832014,0.9480919728090944
2018/07/24,1120.0,1125.0,1120.0,1124.0,900,82.2798511192251,85.91972688369204,0.9424995878333179
2018/07/25,1120.0,1125.0,1120.0,1121.0,800,82.07239804538878,85.5680266022652,0.9344971134789736
2018/07/26,1121.0,1137.0,1121.0,1133.0,11800,82.7635673250863,85.77240355036683,0.9443656351991188
2018/07/27,1136.0,1171.0,1123.0,1171.0,7800,84.07421330465466,87.34401689299722,1.0893755151624087
2018/07/30,1169.0,1170.0,1152.0,1164.0,7400,83.63787012904072,86.63053225674079,1.0660048086774205
2018/07/31,1164.0,1164.0,1145.0,1161.0,2500,83.84763015170589,87.88639774269423,1.0734192323385694
2018/08/01,1160.0,1160.0,1149.0,1149.0,2900,82.93536214597817,86.7625356465591,1.0582784515897805
2018/08/02,1159.0,1159.0,1130.0,1130.0,2000,82.06972050222507,86.018160701604,1.0336081740884815
2018/08/03,1130.0,1133.0,1125.0,1128.0,2300,81.43102209695324,86.06876670881255,1.033151372523516
2018/08/06,1128.0,1128.0,1120.0,1125.0,1700,81.50149297769926,86.52157176254673,1.0524405743429992
2018/08/07,1120.0,1124.0,1119.0,1123.0,2000,80.6229717818018,85.58032778344355,1.0434201819244433
2018/08/08,1120.0,1125.0,1120.0,1122.0,2200,80.29809522088041,85.4228375017818,1.043408919312146
2018/08/09,1125.0,1127.0,1119.0,1119.0,1900,81.14232776930301,86.37569957671454,1.0529373033569367
2018/08/10,1127.0,1128.0,1120.0,1122.0,2000,83.02976040380459,88.09212161596541,1.0746370911955652
2018/08/13,1099.0,1133.0,1097.0,1133.0,13600,85.5340843742529,90.89287620706547,1.1316151637731817
2018/08/14,1120.0,1140.0,1120.0,1138.0,3100,85.06854600476268,90.94634643808429,1.1167331891416226
2018/08/15,1085.0,1122.0,1085.0,1101.0,15100,82.55524742365955,88.4229431320896,1.0941388919817299
2018/08/16,1122.0,1140.0,1100.0,1107.0,3100,82.52068693957058,88.9623574132851,1.1039419682727611
2018/08/17,1108.0,1119.0,1101.0,1104.0,1500,81.58903529932054,87.8151961022141,1.0980765486646118
2018/08/20,1110.0,1114.0,1108.0,1108.0,700,81.82189117974868,88.29346810513245,1.096710646650587
2018/08/21,1108.0,1117.0,1107.0,1107.0,1100,81.70171695923209,88.6926315253056,1.100388138765534
2018/08/22,1102.0,1102.0,1093.0,1093.0,3100,80.4995273385525,87.26486053477205,1.0882321865605622
2018/08/23,1093.0,1095.0,1093.0,1095.0,1200,80.41084493734604,87.29924057338305,1.0949661736285
2018/08/24,1098.0,1100.0,1093.0,1094.0,1200,80.40736969601093,87.2910544093222,1.0931113726953943
2018/08/27,1108.0,1114.0,1094.0,1094.0,3100,79.0905686021983,85.80358510921441,0.9865871879912879
2018/08/28,1094.0,1150.0,1094.0,1149.0,10100,81.40187622789433,88.49518750304237,1.0872475173975416
2018/08/29,1130.0,1130.0,1122.0,1127.0,3500,79.9808765558825,86.5765737224347,1.0766475745838742
2018/08/30,1127.0,1127.0,1114.0,1117.0,1900,79.56620433835833,86.13733783253574,1.0632960372019995
2018/08/31,1118.0,1118.0,1106.0,1108.0,3200,79.25330038634786,85.88776072918739,1.0751467024468269
2018/09/03,1118.0,1118.0,1108.0,1108.0,1600,79.85733074593169,86.64416031775774,1.0688698458911985
2018/09/04,1117.0,1117.0,1106.0,1106.0,2900,80.25943014169364,86.99330895426147,1.070152948001542
2018/09/05,1106.0,1109.0,1093.0,1096.0,4900,80.03176015666699,87.1708591044195,1.0740538076780266
2018/09/06,1095.0,1100.0,1091.0,1092.0,3300,79.82056099583505,87.39307971112108,1.0900205043624103
2018/09/07,1090.0,1090.0,1087.0,1089.0,3700,79.94649210885157,87.53714116937542,1.0941005639533328
2018/09/10,1100.0,1100.0,1088.0,1088.0,3100,80.21163323669079,87.71493263748988,1.0475568847260517
2018/09/11,1089.0,1095.0,1085.0,1089.0,3800,80.25617600162023,88.10761782952406,1.0409458152475757
2018/09/12,1088.0,1090.0,1085.0,1090.0,2900,80.29629965476697,88.44972542513257,1.0459454660390946
2018/09/13,1085.0,1094.0,1085.0,1094.0,2200,79.85885070976317,87.81910872156307,1.0498946062195038
2018/09/14,1090.0,1103.0,1090.0,1095.0,6700,78.8621406056875,86.73332633624425,1.0517080435692445
2018/09/18,1100.0,1104.0,1094.0,1103.0,3300,79.86697420983471,87.32992902284364,1.061211695220297
2018/09/19,1108.0,1108.0,1098.0,1100.0,4600,78.97689354788623,85.98074937963477,1.0446112959824547
2018/09/20,1108.0,1112.0,1099.0,1110.0,5900,79.76524910372319,86.63834134966194,1.0447328656155352
2018/09/21,1114.0,1115.0,1100.0,1112.0,9800,79.18982774105834,85.93530283762128,1.0489692214118052
2018/09/25,1111.0,1119.0,1108.0,1119.0,7700,79.32057307388875,85.73308898206483,1.056846356721862
2018/09/26,1119.0,1119.0,1115.0,1118.0,5100,78.23895361126422,84.77164004840115,1.055417355562145
2018/09/27,1118.0,1123.0,1118.0,1123.0,4300,79.35279985096074,86.34846707069522,0.947273456683795
2018/09/28,1124.0,1137.0,1123.0,1134.0,6400,78.89920840324355,86.15640371419943,0.9479602782859439
2018/10/01,1138.0,1140.0,1135.0,1135.0,4400,78.53680999818447,85.9280231036872,0.9646094372984844
2018/10/02,1135.0,1135.0,1131.0,1134.0,3800,79.27197025319778,86.19171102814448,0.9600448305664145
2018/10/03,1140.0,1140.0,1132.0,1137.0,1700,79.99103150000096,87.37409446549921,0.9731576430246919
2018/10/04,1138.0,1148.0,1138.0,1148.0,6200,81.09492298723731,88.04152656931208,0.9836964316378027
2018/10/05,1148.0,1158.0,1148.0,1158.0,3400,82.84581883001002,89.62635806737175,1.0110594883746469
2018/10/09,1129.0,1154.0,1129.0,1154.0,3300,83.78894782828554,90.89735077083078,1.007644043042794
2018/10/10,1155.0,1155.0,1122.0,1122.0,5400,81.83197006285859,88.6165160947114,0.9475854541031347
2018/10/11,1120.0,1120.0,1103.0,1104.0,5700,84.35279640385728,90.84660177310413,0.9779541967524037
2018/10/12,1105.0,1125.0,1102.0,1120.0,4900,85.85735239270521,92.4390700090118,0.9926555850528224
2018/10/15,1122.0,1124.0,1100.0,1100.0,8400,86.40589849909058,92.89853765334819,1.022263231787106
2018/10/16,1101.0,1101.0,1052.0,1054.0,16300,82.01448690440166,88.49857512202118,0.9433762349626692
2018/10/17,1059.0,1076.0,1059.0,1075.0,4600,82.61592077052583,88.88704401532243,0.9438087257429886
2018/10/18,1078.0,1082.0,1076.0,1082.0,3400,84.22991778446996,90.30611417876155,0.9515928541556171
2018/10/19,1073.0,1079.0,1073.0,1078.0,2000,84.21621631823696,90.4072615599418,0.9914322516946494
2018/10/22,1090.0,1104.0,1090.0,1100.0,2700,86.43239933606166,92.74394047680332,1.0090019877225886
2018/10/23,1098.0,1098.0,1090.0,1096.0,3500,88.63362451471136,95.22545115749108,1.0267899863861578
2018/10/24,1104.0,1105.0,1082.0,1090.0,3600,87.7930149083014,94.7176701419889,1.0228406565452044
2018/10/25,1077.0,1094.0,1073.0,1079.0,6300,90.40140927896367,96.89398370527114,1.0474602378830922
2018/10/26,1080.0,1085.0,1075.0,1076.0,4300,91.55157003971706,97.7894090217946,1.0377473764531775
2018/10/29,1076.0,1085.0,1074.0,1074.0,3000,91.39544519351882,97.83184008278701,1.0313236265028336
2018/10/30,1074.0,1126.0,1074.0,1126.0,8800,94.29295376431745,100.73111340027062,1.0704525349622867
2018/10/31,1096.0,1113.0,1095.0,1095.0,2900,90.75832118069555,96.3144693158128,1.0361949397453873
2018/11/01,1090.0,1096.0,1090.0,1092.0,2400,91.89251559249053,97.19949885436301,1.0501482635444044
2018/11/02,1111.0,1111.0,1101.0,1105.0,3000,90.99399743673297,97.01046786262737,1.0193908383630204
2018/11/05,1100.0,1100.0,1092.0,1099.0,4200,91.9242979275437,97.56419250996521,1.000824613113687
2018/11/06,1099.0,1102.0,1060.0,1099.0,7800,92.38582618181006,97.48016405657197,0.9933670860703316
2018/11/07,1100.0,1109.0,1100.0,1105.0,4500,93.35729793574103,98.97810944738174,0.9963437286576493
2018/11/08,1105.0,1107.0,1103.0,1103.0,2100,91.79436013900045,97.34108043976913,0.9774365953316382
2018/11/09,1111.0,1112.0,1105.0,1106.0,2400,92.33679765867035,97.4826590291211,1.0128866675539074
2018/11/12,1113.0,1113.0,1101.0,1103.0,4300,91.5361802485491,97.15804384823491,0.970592810362473
2018/11/13,1100.0,1102.0,1090.0,1093.0,5900,93.07378407509992,98.47911414099639,0.9880617722912569
2018/11/14,1093.0,1098.0,1092.0,1092.0,2800,91.5286203801982,96.45585535326963,0.9852148306813929
2018/11/15,1092.0,1098.0,1087.0,1097.0,2700,93.40084954834266,97.93626920740299,1.0772786359967952
2018/11/16,1097.0,1098.0,1091.0,1093.0,1500,93.54762692430924,98.02826664624536,1.0858409324135394
2018/11/19,1100.0,1100.0,1095.0,1100.0,2300,92.74467368537502,97.6839307394201,1.0608654180930193
2018/11/20,1095.0,1113.0,1095.0,1113.0,2600,95.7725578192266,100.46295359839633,1.08175493570356
2018/11/21,1113.0,1119.0,1111.0,1113.0,3300,96.56645401617006,101.4105364524418,1.088076908316303
2018/11/22,1120.0,1147.0,1116.0,1137.0,6500,97.89247789395394,102.71202393698844,1.077732529272858
2018/11/26,1137.0,1149.0,1129.0,1147.0,10100,97.12381898667122,102.50951801481239,1.0484693148769098
2018/11/27,1146.0,1146.0,1133.0,1144.0,7600,96.1296039447809,101.14842248925564,1.0409664821564388
2018/11/28,1138.0,1148.0,1137.0,1146.0,9900,95.47938255973449,101.21150132658991,1.03710799178315
2018/11/29,1146.0,1148.0,1137.0,1137.0,11800,94.51251980688554,99.98850737811617,0.9979204647615262
2018/11/30,1146.0,1146.0,1135.0,1144.0,10600,94.95546567228142,100.20803978227787,1.0405264204817806
2018/12/03,1144.0,1149.0,1140.0,1144.0,20700,93.32599440194447,98.15521968191035,1.0123098578246468
2018/12/04,1149.0,1149.0,1145.0,1145.0,5300,95.10241819177294,100.60093125469467,1.0490632623329055
2018/12/05,1143.0,1149.0,1141.0,1142.0,17300,93.10449034473713,99.03045565644348,1.0543756039722423
2018/12/06,1140.0,1148.0,1140.0,1147.0,10000,95.70600556966737,101.44261324150148,1.0940024204193297
2018/12/07,1148.0,1150.0,1142.0,1142.0,12400,95.52091537449,101.0465188549708,1.1106386610741223
2018/12/10,1140.0,1143.0,1115.0,1129.0,9500,96.70942703667647,102.03956635031722,1.0991648104376945
2018/12/11,1125.0,1139.0,1125.0,1134.0,5000,96.39392375071002,102.7201594223503,1.11293839248221
2018/12/12,1134.0,1134.0,1120.0,1124.0,8200,93.16379044137955,99.67594780828023,1.0849137747663866
2018/12/13,1124.0,1124.0,1114.0,1118.0,10300,91.71984345322178,98.6140050290935,1.0573543014077074
2018/12/14,1118.0,1130.0,1118.0,1121.0,28600,93.72428687810141,100.05842564779792,1.0774259399541783
2018/12/17,1088.0,1097.0,1085.0,1092.0,18400,92.36098271262249,98.90633132077576,1.0365913761112155
2018/12/18,1090.0,1107.0,1090.0,1103.0,8700,95.10726991599853,102.01940006947025,1.0686987857556982
2018/12/19,1103.0,1113.0,1103.0,1105.0,7200,95.50188598716318,102.47066837153938,1.0741643864428534
2018/12/20,1105.0,1107.0,1101.0,1101.0,6500,99.9632310494708,107.09833672823387,1.0733644468630856
2018/12/21,1100.0,1107.0,1071.0,1073.0,16700,98.67263632762598,106.7842209103671,1.0545443813478081
2018/12/25,1121.0,1121.0,999.0,1015.0,95900,97.90224020356622,105.73297356819845,1.0461068361547712
2018/12/26,997.0,1003.0,984.0,993.0,47000,95.62543563727412,103.11223361268718,1.0225703309061343
2018/12/27,1000.0,1012.0,996.0,1003.0,10400,93.1423278009273,99.42753043057098,0.9709951994266106
2018/12/28,1004.0,1004.0,997.0,998.0,5600,93.19640483269943,99.67706699810502,0.9806998933211428
2019/01/04,987.0,987.0,981.0,982.0,7500,98.30361750693746,103.64391781122902,0.9994300324559481
2019/01/07,992.0,997.0,981.0,981.0,8900,96.09604980990825,100.85266016150025,0.9542072963776232
2019/01/08,984.0,985.0,978.0,980.0,13800,95.21377393428934,100.35838132461316,0.9490504760675358
2019/01/09,980.0,1000.0,979.0,1000.0,11500,94.29502045256784,99.80215583859979,0.9625088808102191
2019/01/10,1000.0,1041.0,1000.0,1039.0,10600,99.24863527740305,104.70385715464742,1.025689559405066
2019/01/11,1046.0,1060.0,1040.0,1058.0,5600,100.50533694432846,106.10425915455713,1.0657449055619972
2019/01/15,1043.0,1048.0,1038.0,1042.0,3600,98.87445024474651,104.18844067958652,1.0621487033814023
2019/01/16,1049.0,1049.0,1034.0,1038.0,1300,99.83011349834486,105.13261575987801,1.0635041630217605
2019/01/17,1038.0,1050.0,1038.0,1047.0,1800,100.70060459104435,105.15070832043745,1.0382509434475826
2019/01/18,1045.0,1050.0,1031.0,1033.0,4600,98.27030198384308,103.49159587195815,1.0150103829664106
2019/01/21,1031.0,1048.0,1031.0,1046.0,4800,99.69732560784537,104.75934836437912,1.0087305118302952
2019/01/22,1047.0,1051.0,1045.0,1048.0,2000,101.7363867925389,106.78770117688457,1.0141664228782057
2019/01/23,1047.0,1057.0,1047.0,1047.0,1700,101.00971062660413,106.78138699872054,1.020546072085027
2019/01/24,1045.0,1047.0,1010.0,1025.0,9000,97.85740277087775,103.24932130977726,0.987806684381115
2019/01/25,1030.0,1033.0,1001.0,1007.0,5000,94.59597795380262,99.78901815831514,1.0390449278126892
2019/01/28,1006.0,1006.0,984.0,984.0,10000,92.98299320013534,98.22904870266436,0.9876727845231613
2019/01/29,985.0,990.0,981.0,990.0,5400,92.75726730103219,98.20462619149113,0.98774866011749
2019/01/30,992.0,992.0,985.0,986.0,5200,92.17268935857666,97.15573629530336,0.9901314289503951
2019/01/31,987.0,987.0,981.0,981.0,5300,92.19449831386326,97.30661893836697,0.9773747917090959
2019/02/01,981.0,982.0,977.0,982.0,6400,91.23983785084287,97.09688366926093,0.9784871358358361
2019/02/04,983.0,996.0,983.0,993.0,5000,89.80080243717514,95.35569909103754,0.9960929388583005
2019/02/05,996.0,1002.0,991.0,1002.0,6500,89.55274078165691,95.13958951296112,1.0013540857097876
2019/02/06,1001.0,1014.0,1001.0,1014.0,3700,91.19409843575028,97.27073444946743,1.0096025151661845
2019/02/07,1010.0,1018.0,1006.0,1018.0,3100,93.14003649812574,99.35773456334529,1.016760025745762
2019/02/08,1014.0,1014.0,994.0,995.0,4200,91.22533967981575,97.59971417435351,1.0133911672620506
2019/02/12,1010.0,1010.0,995.0,1000.0,3100,88.46529396008165,94.8464434323985,0.9111085837516023
2019/02/13,1000.0,1000.0,991.0,994.0,2800,85.36098935461376,91.40913833936946,0.8996371850158215
2019/02/14,994.0,994.0,986.0,986.0,4900,87.59153706642567,93.28880829467695,0.8939784478498969
2019/02/15,985.0,1020.0,984.0,1020.0,7900,91.93403188016217,97.44322132282427,0.9708376332261873
2019/02/18,1031.0,1042.0,1020.0,1038.0,7900,93.85791293175514,99.93219318498167,0.9948495983942325
2019/02/19,1038.0,1041.0,1034.0,1035.0,3600,92.06932129221401,98.13810311141134,0.990904450905311
2019/02/20,1029.0,1029.0,1015.0,1017.0,4200,90.50283346199909,96.3867520390834,0.9750583782416055
2019/02/21,1017.0,1035.0,1017.0,1029.0,4600,91.24779408482962,97.51396682001744,0.9762597879592483
2019/02/22,1026.0,1026.0,1013.0,1014.0,2200,91.44875338103749,97.89377980363689,0.9600141705200177
2019/02/25,1016.0,1023.0,1012.0,1012.0,4500,91.27071263883153,97.11773630273655,1.0504466172496023
2019/02/26,1010.0,1014.0,1005.0,1007.0,2200,92.12558493973798,97.70473435979518,1.0491411171296747
2019/02/27,1005.0,1006.0,1001.0,1004.0,3000,89.76715776631445,95.68455512288594,1.0465799898808512
2019/02/28,1007.0,1010.0,993.0,995.0,6700,87.97104240662115,93.73634386817852,1.0446944610633022
2019/03/01,998.0,1006.0,998.0,998.0,3100,85.38816343857222,92.07763004225201,1.0385496043479745
2019/03/04,1000.0,1003.0,1000.0,1003.0,2600,85.13656582493509,91.93766756066967,1.0471874968001182
2019/03/05,1000.0,1023.0,1000.0,1023.0,4800,88.46255076195374,95.11640848135409,1.0908159615465332
2019/03/06,1021.0,1023.0,1012.0,1022.0,3300,89.31767678672306,95.74853795542779,1.0946478773060193
2019/03/07,1016.0,1025.0,1016.0,1025.0,3600,90.98029554497982,97.53131738566351,1.0976804388681807
2019/03/08,1023.0,1025.0,1015.0,1015.0,4600,91.96242529013398,98.25478336394072,1.1064741879745126
2019/03/11,1016.0,1036.0,1016.0,1033.0,3600,94.27364017820639,100.47887763963017,1.132633116414943
2019/03/12,1032.0,1039.0,1030.0,1033.0,5400,89.81357034388444,95.88510362646232,1.1170958986710302
2019/03/13,1026.0,1032.0,1020.0,1020.0,2200,89.55658482710196,95.86537956860286,1.1243991843082064
2019/03/14,1035.0,1038.0,1028.0,1028.0,3600,91.48251599790181,98.0471219042798,1.134026288130085
2019/03/15,1039.0,1040.0,1020.0,1029.0,5800,91.61453205919699,98.24117410970491,1.0973108763005825
2019/03/18,1029.0,1029.0,1011.0,1011.0,5200,88.10398093689452,94.36012493791056,0.9804521424930165
2019/03/19,1011.0,1016.0,1001.0,1001.0,4400,87.2032160126242,93.75502928677004,0.9713561981461597
2019/03/20,1001.0,1008.0,995.0,996.0,4200,84.69954562893084,90.6991911706852,0.9603347018173206
2019/03/22,997.0,1028.0,997.0,1028.0,4700,86.57393672380925,93.49873011035932,1.0756699745286402
2019/03/25,1017.0,1025.0,1017.0,1022.0,3600,89.1382943678802,95.40476251051935,1.1255449536915272
2019/03/26,1022.0,1030.0,1020.0,1030.0,6900,89.41197121565517,95.38791824589981,1.1182897618653356
2019/03/27,1018.0,1028.0,1017.0,1019.0,19300,85.5324662671604,91.81101545383872,1.1138651493937708
2019/03/28,1015.0,1016.0,1010.0,1016.0,3400,87.28039021693992,93.40425111208165,1.1305169342750967
2019/03/29,1016.0,1016.0,1009.0,1013.0,1500,87.44627552994027,93.20306429592911,1.1277209270958486
2019/04/01,1013.0,1020.0,1012.0,1018.0,3900,87.04206594005586,92.56864868847033,1.1235217237971051
2019/04/02,1023.0,1023.0,1014.0,1021.0,1800,86.92059542303765,92.80751196010947,1.131037676589839
2019/04/03,1016.0,1024.0,1008.0,1024.0,4000,85.71482552879648,91.83850419374616,1.1265348454557762
2019/04/04,1020.0,1023.0,1014.0,1022.0,2600,84.85489126557256,90.66342705472054,1.073061859814731
2019/04/05,1013.0,1020.0,1013.0,1019.0,2000,82.94538634677085,88.6943196207639,1.0708203456200036
2019/04/08,1015.0,1025.0,1015.0,1021.0,2100,83.50472562877694,89.29692528142722,1.0220987925268024
2019/04/09,1018.0,1023.0,1018.0,1023.0,1700,84.02727716303302,89.93638637915396,1.0233618690999575
2019/04/10,1020.0,1020.0,1013.0,1019.0,2200,83.72867024187443,89.8574359150392,1.0276569053674944
2019/04/11,1016.0,1026.0,1015.0,1024.0,1000,83.80557088357078,89.85964638723966,1.0528312547989713
2019/04/12,1025.0,1030.0,1018.0,1026.0,2400,85.28318074781315,92.25559063702578,1.0547917222474876
2019/04/15,1016.0,1017.0,1010.0,1014.0,5900,82.8831765876556,89.7469991738866,1.0724297333809532
2019/04/16,1019.0,1020.0,1015.0,1016.0,1900,82.28147338519769,89.01695135964142,1.072853163736789
2019/04/17,1021.0,1021.0,1017.0,1020.0,2500,83.36206357023521,89.92842644913208,1.070188578552405
2019/04/18,1020.0,1020.0,1011.0,1017.0,1800,84.01748923989064,90.63702360610898,1.0988511126514604
2019/04/19,1017.0,1017.0,1010.0,1010.0,2000,82.98408696204466,90.02689367207323,1.107398526679773
2019/04/22,1010.0,1017.0,1010.0,1017.0,1700,83.35167361527503,90.68789201854679,0.9535207849028174
2019/04/23,1016.0,1017.0,1012.0,1017.0,2000,84.04952460462074,91.57527650358234,0.9514155609186838
2019/04/24,1013.0,1018.0,1009.0,1009.0,5800,83.2395961171393,91.21532078598197,0.9499486527859902
2019/04/25,1009.0,1018.0,995.0,997.0,5700,82.03434710043797,89.67411303910427,0.9467558985911744
2019/04/26,1000.0,1005.0,1000.0,1003.0,2700,83.05365476594204,90.38183098146158,0.9642287906094348
2019/05/07,1003.0,1005.0,997.0,1001.0,2500,84.30752596316246,91.35449127357373,0.9795013851058697
2019/05/08,1002.0,1002.0,995.0,996.0,3800,84.61707373328615,91.97857212205349,0.993848021606937
2019/05/09,995.0,997.0,993.0,993.0,4300,86.26506692836193,94.07456493802287,1.004317734348467
2019/05/10,998.0,998.0,992.0,992.0,2400,88.8819209646591,96.5718004102158,0.9951543290510436
2019/05/13,995.0,998.0,990.0,990.0,2700,90.22228925854967,97.98055774086512,1.0153331080462509
2019/05/14,990.0,997.0,989.0,993.0,3100,90.99180741964564,98.79667904203254,1.0138376811254795
2019/05/15,998.0,1009.0,992.0,995.0,4000,90.71303376319429,98.64684872751027,1.0160701736156734
2019/05/16,995.0,1046.0,995.0,1046.0,8500,97.26988968298186,105.5094065189028,1.1297156390277436
2019/05/17,1019.0,1042.0,1015.0,1039.0,3600,95.01313314477585,102.83693154090874,1.108845995003325
2019/05/20,1013.0,1029.0,1013.0,1021.0,3500,94.55508750950546,102.14016790570027,1.085166299268643
2019/05/21,1028.0,1028.0,1006.0,1006.0,1800,93.12370226144736,100.70686368565416,1.076363684235489
2019/05/22,1019.0,1019.0,1000.0,1000.0,1600,91.58748722626501,99.86229270369134,1.0754512201891486
2019/05/23,1005.0,1008.0,1000.0,1007.0,2200,91.0673418233808,98.94744140217475,1.0860793498671213
2019/05/24,1001.0,1001.0,997.0,997.0,2900,90.28631847636832,97.62373701664768,1.0767089972291768
2019/05/27,998.0,1006.0,998.0,999.0,1300,90.69628243303978,97.79957565707072,1.0773055515242473
2019/05/28,999.0,1005.0,990.0,990.0,3900,89.06270219934365,96.2012281556572,1.0696441917679431
2019/05/29,1009.0,1009.0,986.0,993.0,3500,88.97387956411342,95.90439350874381,1.0815951765499572
2019/05/30,996.0,998.0,984.0,996.0,4100,90.01621699041053,96.8529802246122,1.0871130987273312
2019/05/31,996.0,996.0,990.0,994.0,1700,91.74611103436757,98.60243624282778,1.1004996671620564
2019/06/03,990.0,1002.0,990.0,991.0,2500,90.48622731421581,97.28789462075686,1.1091871825507402
2019/06/04,993.0,996.0,981.0,986.0,2900,92.20620096921182,98.85255084669524,1.1063576816107004
2019/06/05,992.0,992.0,980.0,988.0,4000,91.88373122895997,98.02063452105519,1.084942731023501
2019/06/06,994.0,1018.0,994.0,1018.0,4400,94.7010064575628,101.12683986719225,1.137482351379765
2019/06/07,1018.0,1018.0,1003.0,1017.0,1700,93.65503174169515,100.19379719350555,1.1123619309698425
2019/06/10,1018.0,1018.0,1000.0,1010.0,3800,92.1208824334117,98.23530969823221,1.0637247028631296
2019/06/11,1010.0,1016.0,1009.0,1016.0,1600,92.58554232982733,98.53414920569644,1.0580126510148993
2019/06/12,1007.0,1016.0,1003.0,1014.0,2000,92.92917257256832,99.03815479427035,1.06276658074162
2019/06/13,1013.0,1013.0,1002.0,1013.0,2500,92.03347572007111,98.51152130005426,1.068113018550812
2019/06/14,1001.0,1009.0,1001.0,1003.0,2500,91.36376728473621,97.65526205324235,1.0445151911854145
2019/06/17,1003.0,1010.0,1003.0,1010.0,2000,91.82156416505028,98.38934725852494,1.0263746668964013
2019/06/18,1002.0,1003.0,999.0,999.0,2400,90.39166714578478,97.0756276104616,1.03458084200017
2019/06/19,1000.0,1007.0,998.0,998.0,2900,90.02940837922282,95.96593754525388,1.0163585441769882
2019/06/20,998.0,1008.0,997.0,1008.0,1300,90.62714448520418,96.19462786076039,1.03500637438669
2019/06/21,1005.0,1005.0,991.0,1000.0,3100,90.06674126714721,95.97638783827136,1.0473382889943479
2019/06/24,1000.0,1004.0,995.0,999.0,1000,89.835498338588,95.58906571229822,1.0444100582854159
2019/06/25,1003.0,1003.0,994.0,997.0,1200,89.60044303305519,95.32525068837231,1.0473895431939872
2019/06/26,991.0,998.0,990.0,991.0,2900,90.31057297654903,96.48916898760058,1.0504304128321695
2019/06/27,991.0,991.0,987.0,988.0,1800,88.58794267530952,94.37334476515204,1.0495447729643912
2019/06/28,991.0,991.0,979.0,983.0,6100,88.76170507605987,94.47997497925368,1.0339423021636043
2019/07/01,998.0,1000.0,983.0,996.0,4200,86.48414034103592,92.163156479612,1.0047064639130348
2019/07/02,999.0,999.0,987.0,995.0,2000,86.57082813709185,92.04495461908573,1.003171279041272
2019/07/03,992.0,998.0,990.0,990.0,4100,85.9523319643946,91.8053131670371,1.0062022926304033
2019/07/04,990.0,997.0,990.0,991.0,2800,85.40809224592141,90.70056295350439,1.0091847650465378
2019/07/05,990.0,996.0,990.0,994.0,2700,86.75163742980362,91.96562166804662,1.0316103666210115
2019/07/08,994.0,994.0,990.0,990.0,2700,88.61942574394999,93.85179490428486,0.9850965675307876
2019/07/09,997.0,999.0,993.0,999.0,4200,90.51630213202951,95.82682848227553,0.9910297752997951
2019/07/10,995.0,995.0,985.0,985.0,5700,89.97659154624061,95.68098981416763,0.9776106735038264
2019/07/11,986.0,991.0,985.0,990.0,3900,90.77843072409509,95.90204554192306,0.9771755214557295
2019/07/12,989.0,991.0,986.0,987.0,2300,91.50206661333415,96.37688517155163,0.975687510384686
2019/07/16,987.0,994.0,985.0,993.0,2900,93.1954952235478,98.36178398233768,0.97909514929634
2019/07/17,993.0,993.0,981.0,981.0,3700,92.58170866330234,97.42537817163355,0.9638959156382423
2019/07/18,984.0,985.0,980.0,980.0,3000,94.30762236354445,99.42469307450207,0.9750515433314603
2019/07/19,981.0,986.0,981.0,982.0,1900,92.29392315053626,97.39211062516522,0.970486544160007
2019/07/22,986.0,990.0,982.0,983.0,3600,91.53960611866151,97.78800020833006,0.9568925907929143
2019/07/23,981.0,985.0,980.0,981.0,2800,90.86865199938984,97.18241322977241,0.9478487974702011
2019/07/24,981.0,986.0,981.0,983.0,1400,91.3437575037844,97.62102148883052,0.9472607493564713
2019/07/25,982.0,987.0,980.0,984.0,2300,90.16359336718027,97.19324180084514,0.94719381430367
2019/07/26,981.0,986.0,975.0,980.0,4100,87.76422942085341,94.56567725322887,0.9489151861448046
2019/07/29,980.0,980.0,975.0,975.0,5200,87.3589465734363,94.42061746568173,0.9608262293890678
2019/07/30,979.0,984.0,977.0,984.0,3700,88.05115211427446,94.31400234450385,0.9715365247956197
2019/07/31,973.0,980.0,973.0,975.0,4000,89.68707162599323,95.95017501249721,0.9611344535228882
2019/08/01,970.0,998.0,970.0,994.0,17500,91.93197417032289,98.33279045206524,1.0308449607601784
2019/08/02,984.0,992.0,972.0,974.0,7100,92.2359094080295,98.1228447085732,1.025215447002171
2019/08/05,977.0,977.0,968.0,968.0,4800,93.46538322259622,99.0161352682668,1.0352931836757628
2019/08/06,964.0,974.0,955.0,964.0,6700,94.50445511374829,99.97368254261302,1.034213073069392
2019/08/07,965.0,967.0,962.0,963.0,2500,94.73009597422556,99.83565899741966,1.0332452069470515
2019/08/08,969.0,970.0,963.0,970.0,1600,95.12444729195852,100.65322936628249,1.0324804425226277
2019/08/09,970.0,973.0,969.0,973.0,2100,93.48365987046786,99.19440931156802,1.0530372515703856
2019/08/13,973.0,973.0,963.0,963.0,5500,92.48490492260663,97.39484684155076,1.0371081138236844
2019/08/14,973.0,973.0,963.0,968.0,2300,94.51388762915774,99.56046747644307,1.0381172174158957
2019/08/15,965.0,965.0,955.0,956.0,4600,93.91977956864062,98.19151631329413,1.0379625804019066
2019/08/16,955.0,961.0,955.0,958.0,4700,94.64411948973802,99.17509765574489,1.060865215396586
2019/08/19,958.0,958.0,957.0,957.0,800,93.24289174451047,97.80577985507223,1.0446223615051469
2019/08/20,958.0,966.0,958.0,966.0,1800,93.77263814162087,97.60918440499064,1.0471242931121798
2019/08/21,966.0,966.0,957.0,958.0,2200,95.06225896389128,99.40493045231538,1.0379270288382585
2019/08/22,960.0,964.0,917.0,917.0,16300,90.98203168219952,94.93360210103098,0.84218511517685
2019/08/23,925.0,925.0,920.0,923.0,2800,92.07201519839063,95.99200224647785,0.845605862773406
2019/08/26,908.0,920.0,908.0,913.0,8200,93.91170194338285,97.62311031603008,0.8602992132876799
2019/08/27,913.0,924.0,911.0,911.0,5200,88.42341477326998,92.16320033780654,0.8473927348047899
2019/08/28,910.0,918.0,910.0,910.0,4300,90.08494035439215,94.24940200173904,0.8410424069971237
2019/08/29,911.0,914.0,911.0,911.0,1400,91.15836012464952,95.1839956685648,0.8427451708811248
2019/08/30,915.0,915.0,910.0,912.0,5000,90.90067591705608,94.47797608521125,0.8330993204107855
2019/09/02,915.0,915.0,913.0,915.0,900,90.9401568207841,94.3823860935291,0.7810325525636747
2019/09/03,913.0,918.0,913.0,915.0,2200,91.04061546178679,94.090481409514,0.7792461583719967
2019/09/04,917.0,918.0,913.0,914.0,1600,91.19553468757942,94.36074092234384,0.7814247262763799
2019/09/05,920.0,920.0,914.0,919.0,3500,89.75312537565378,92.82028210136467,0.7811098641734402
2019/09/06,921.0,923.0,918.0,923.0,2500,89.1844430756604,92.87390915799777,0.8529554894475904
2019/09/09,921.0,928.0,920.0,920.0,3600,88.74213797822006,92.00012647489243,0.8373747104276236
2019/09/10,926.0,929.0,922.0,929.0,2900,90.38246828578505,93.02368534683593,0.8364717839767023
2019/09/11,929.0,938.0,929.0,938.0,5800,90.06678240978309,91.90521967056466,0.8155988462233066
2019/09/12,933.0,939.0,933.0,939.0,5000,90.01977513699629,92.015617527031,0.810232116378526
2019/09/13,945.0,947.0,942.0,947.0,7300,90.8356157800563,92.86286396590135,0.8050541809892975
2019/09/17,949.0,958.0,948.0,950.0,6100,91.68457145517765,93.87967558137787,0.8073267780895066
2019/09/18,950.0,950.0,947.0,948.0,1800,92.8995835993214,95.78582704967292,0.8121250821725063
2019/09/19,946.0,950.0,945.0,948.0,4300,91.7222699860779,94.49432597372144,0.8094849502575174
2019/09/20,948.0,953.0,944.0,948.0,4600,92.16659128744763,95.15721750016249,0.8093673848498358
2019/09/24,940.0,948.0,940.0,945.0,3800,91.48736243397381,94.83147305798015,0.9341734637154274
2019/09/25,926.0,944.0,926.0,935.0,7100,91.2791939625211,94.03792831538433,0.9057550021383619
2019/09/26,941.0,953.0,941.0,943.0,24600,90.63072923085069,93.11941062251566,0.9241260635748136
2019/09/27,943.0,958.0,943.0,953.0,4400,92.64721876181639,95.19682754060209,0.9473789143823285
2019/09/30,956.0,961.0,953.0,961.0,4300,94.35989997828673,96.94290995270663,0.9701422338466441
2019/10/01,963.0,967.0,961.0,962.0,4700,94.07875782963887,96.52959233183834,0.9614948724852744
2019/10/02,963.0,969.0,960.0,964.0,6200,93.86440119252687,95.749267955441,0.9695284264821606
2019/10/03,961.0,968.0,957.0,968.0,2700,94.72693625727335,96.80683864675541,0.9957309229059701
2019/10/04,967.0,970.0,965.0,969.0,1900,92.95532568540385,95.36952304528408,0.9917684149287462
2019/10/07,972.0,979.0,972.0,979.0,3800,93.14670186289285,94.99617924095601,1.019468507959809
2019/10/08,982.0,982.0,973.0,973.0,4900,91.6644315992153,93.59570160053904,1.0044376346928336
2019/10/09,974.0,981.0,967.0,973.0,4500,95.00424306523097,96.70746078955395,1.0063249410683086
2019/10/10,978.0,978.0,966.0,973.0,1800,92.38242448513175,94.84629503771971,1.0001555048882242
2019/10/11,980.0,980.0,970.0,975.0,3300,90.63089992082801,92.90236303482887,1.0049975235700344
2019/10/15,975.0,977.0,973.0,976.0,4200,94.02581712937634,96.46946390997705,1.0030417006726953
2019/10/16,977.0,977.0,973.0,974.0,5200,92.0891325990321,95.17845032416109,0.9957108280047064
2019/10/17,974.0,975.0,960.0,964.0,9100,89.91291687243084,93.50904848797931,0.9778327721687518
2019/10/18,963.0,971.0,963.0,971.0,3000,90.23199278688111,94.0092904040631,0.9793193388326615
2019/10/21,971.0,975.0,970.0,973.0,1600,88.71313561354933,92.07778180925061,0.9880236145531384
2019/10/23,973.0,975.0,968.0,968.0,4700,86.71054015892405,89.56251680833373,0.9798080360874394
2019/10/24,968.0,975.0,968.0,971.0,2400,84.12914757416252,87.64644221631013,0.9809612403444692
2019/10/25,974.0,975.0,971.0,975.0,1900,84.19404685282322,87.73134917960978,1.0015843207685506
2019/10/28,977.0,977.0,974.0,975.0,4100,83.96383752921794,87.54004190952386,0.9607240322756635
2019/10/29,975.0,975.0,973.0,975.0,2700,80.87271474433817,83.92224289309969,0.9526553762341237
2019/10/30,975.0,981.0,974.0,981.0,12400,85.97043625305218,88.52530903941846,0.9579767214209898
2019/10/31,975.0,976.0,971.0,971.0,7400,84.11260796375697,87.05462443967316,0.9594757260577245
2019/11/01,973.0,975.0,971.0,973.0,3200,85.71483063997336,87.64533358313203,0.9537256649583963
2019/11/05,975.0,980.0,975.0,980.0,5400,84.93718596671135,87.33975298883632,0.912641064408032
2019/11/06,980.0,980.0,976.0,980.0,4100,84.05234135365617,86.48844931463098,0.9127286064897969
2019/11/07,980.0,980.0,979.0,980.0,2600,85.63668402606935,87.96540895534388,0.9265380060946373
2019/11/08,980.0,983.0,978.0,982.0,12200,84.45518432625906,87.23507121111362,0.9217942888053811
2019/11/11,990.0,991.0,983.0,983.0,9900,85.06421385453821,87.44279978938937,0.9397011086528372
2019/11/12,988.0,990.0,985.0,986.0,5300,83.65372242287074,86.45251952042811,0.938363182105968
2019/11/13,989.0,993.0,989.0,993.0,6500,85.18869327947588,87.77498782880083,0.9486244092827798
2019/11/14,990.0,990.0,985.0,985.0,5400,84.59910394080225,87.36859955921312,0.9538584792640149
2019/11/15,990.0,992.0,986.0,992.0,4400,84.43836200909712,87.15557789424997,0.9586648003707242
2019/11/18,993.0,996.0,990.0,994.0,7200,84.20632774443281,87.01043942886207,1.0027917710182535
2019/11/19,997.0,1000.0,990.0,990.0,9000,82.42052085157636,85.22356218318336,0.9884613643583419
2019/11/20,990.0,995.0,990.0,995.0,4300,83.06048984202113,85.42162956144472,0.9962672220244567
2019/11/21,995.0,1000.0,995.0,998.0,7200,82.47134131300834,84.63561382315552,1.0161082779525996
2019/11/22,995.0,996.0,992.0,992.0,5900,81.6187010551363,83.46236903475538,1.0080587567820394
2019/11/25,995.0,995.0,994.0,995.0,2500,81.23314502324335,83.14355487664345,0.9879069507973076
2019/11/26,995.0,996.0,993.0,993.0,3900,81.52387728096251,83.66852381837332,0.9851788188155133
2019/11/27,995.0,996.0,992.0,996.0,3500,82.23593239074994,83.99936621240123,0.9881370349143782
2019/11/28,997.0,997.0,995.0,997.0,3200,83.39213982937184,85.19242427523824,0.9972886535585274
2019/11/29,995.0,998.0,995.0,997.0,4400,83.62283077662525,85.51387023613329,0.9909972071217372
2019/12/02,998.0,999.0,992.0,995.0,7800,83.44637968971246,85.68496148439738,1.0017373463337973
2019/12/03,994.0,995.0,992.0,995.0,4800,81.90499077070083,83.970375996981,1.0061624987542956
2019/12/04,994.0,995.0,992.0,995.0,5000,82.54873654290849,83.91644301544727,1.008035809526844
2019/12/05,995.0,999.0,994.0,999.0,10400,80.37401323065627,81.96636955266646,1.0094882493053183
2019/12/06,996.0,1000.0,995.0,1000.0,7700,81.28268040169631,82.8172694866436,1.0101636004188133
2019/12/09,1000.0,1000.0,992.0,993.0,23800,79.65355975422057,81.19882223231014,0.9969109718941611
2019/12/10,987.0,987.0,978.0,983.0,24700,78.3078386357557,79.35671235075966,0.9577022686831975
2019/12/11,983.0,988.0,981.0,988.0,6500,81.17735882530859,82.34735167050398,0.9690018502917238
2019/12/12,990.0,990.0,981.0,983.0,7500,81.8869215465135,82.9876487141446,0.963152477937947
2019/12/13,988.0,989.0,986.0,987.0,6700,78.34028737081844,80.56640637917234,0.9391283725185534
2019/12/16,987.0,990.0,986.0,990.0,7800,81.40326775617255,83.21239982216346,0.9438022289025539
2019/12/17,990.0,990.0,988.0,990.0,21900,78.75061345612052,80.26752401044094,0.9392378776560779
2019/12/18,990.0,990.0,987.0,990.0,7400,78.56321137616055,80.20005393215389,0.944417799486193
2019/12/19,990.0,990.0,989.0,989.0,9100,76.75778580234078,78.49881810845332,0.9517527743544425
2019/12/20,990.0,995.0,989.0,990.0,11700,78.12301893033109,79.22782798999074,0.9450945370067141
2019/12/23,998.0,998.0,990.0,996.0,11900,78.90967148600606,80.3189520015051,0.9726170605941068
2019/12/24,996.0,997.0,994.0,997.0,9200,78.95750877891534,80.4554194631645,0.9735564524023108
2019/12/25,998.0,998.0,995.0,995.0,14400,81.42829947034859,83.32383275743116,0.9763854048852463
2019/12/26,995.0,997.0,993.0,997.0,58200,83.41726783709763,86.22037710804739,0.9736416650876976
2019/12/27,974.0,980.0,964.0,964.0,52800,81.10215275695973,83.26827786361225,0.9052731843948908
2019/12/30,963.0,967.0,952.0,967.0,12600,81.42816707131635,84.15950794176204,0.9372629596378474
2020/01/06,961.0,961.0,950.0,955.0,5700,84.06801764890574,86.7423406684964,0.9581094922605297
2020/01/07,951.0,963.0,951.0,963.0,6300,84.2119000187568,86.49545739283519,0.9196358015964926
2020/01/08,953.0,956.0,950.0,952.0,3600,83.80418983001744,85.89542259315854,0.9053983717114329
2020/01/09,956.0,964.0,952.0,963.0,4300,78.7235706840422,81.58694909962834,0.9242904173660623
2020/01/10,964.0,964.0,957.0,960.0,1900,77.4565549908235,79.99462773511937,0.913899338544337
2020/01/14,955.0,957.0,953.0,954.0,2400,78.33174377757105,81.14957549332516,0.9177168124710123
2020/01/15,955.0,958.0,955.0,955.0,2000,78.6404986606216,81.7307117580869,0.9245071210856087
2020/01/16,955.0,956.0,952.0,954.0,2200,77.67489660904378,81.33907910863314,0.9324985816374232
2020/01/17,954.0,957.0,954.0,955.0,1400,79.47009293628211,82.97487314063017,0.9209287400062375
2020/01/20,960.0,962.0,956.0,956.0,3200,78.62888782069342,82.07941304874414,0.898006234379153
2020/01/21,961.0,962.0,956.0,958.0,1600,78.99520698769336,82.00528644994486,0.9036358678651771
2020/01/22,950.0,954.0,948.0,948.0,10300,77.59224016970705,80.31220301015593,0.8931038104737951
2020/01/23,940.0,940.0,938.0,940.0,6800,79.29435711519388,82.27956110245874,0.8996626029459193
2020/01/24,930.0,930.0,923.0,924.0,9800,79.99830470740943,83.04346172341567,0.8787622144739867
2020/01/27,920.0,920.0,913.0,915.0,7200,82.25434747931331,84.95595503612394,0.9718607147516312
2020/01/28,911.0,913.0,911.0,913.0,4300,82.08833682976838,84.85492944429993,0.9791876054014151
2020/01/29,910.0,919.0,910.0,914.0,6300,81.50531628188614,84.56248235913395,0.9765796188452516
2020/01/30,918.0,957.0,915.0,957.0,10900,88.19518909015052,91.3045744069398,1.0501913411074604
2020/01/31,939.0,939.0,933.0,937.0,3700,85.4799023479498,88.63070630277346,1.038813379926013
2020/02/03,925.0,937.0,925.0,937.0,2900,85.78306722519686,89.20828314673466,1.0477212141208487
2020/02/04,936.0,939.0,936.0,939.0,2000,84.61866036339933,88.07281651014222,1.0414719962218708
2020/02/05,933.0,950.0,933.0,934.0,3800,82.45091828896761,85.63176817399992,1.0235013461885871
2020/02/06,935.0,944.0,935.0,937.0,4700,80.00533945274663,83.14348848048053,1.0175907785449898
2020/02/07,937.0,937.0,930.0,935.0,7200,80.1874485205203,83.51356468279012,1.0069641225196855
2020/02/10,935.0,943.0,933.0,943.0,2100,83.06580529916852,86.23675885650466,1.037509715272336
2020/02/12,944.0,944.0,931.0,931.0,2300,82.9980411781652,86.60076192617512,1.0271754922757186
2020/02/13,930.0,930.0,926.0,929.0,2100,83.59015951252158,87.43924090369502,1.029975266057326
2020/02/14,927.0,928.0,912.0,928.0,6600,80.27610718209355,84.27094419720707,1.0282705087297832
2020/02/17,914.0,943.0,913.0,937.0,9400,81.66848056586288,85.68023364459792,1.0566567041429933
2020/02/18,940.0,949.0,929.0,943.0,6900,83.68219572088704,87.87353274112672,1.075091176282895
2020/02/19,936.0,956.0,933.0,953.0,8600,85.82137427676713,90.4342487687422,1.085244621428368
2020/02/20,948.0,956.0,948.0,953.0,2700,84.66627812021042,89.24143208475395,1.0768422567282216
2020/02/21,945.0,958.0,945.0,955.0,4700,86.28332994455542,90.55372927167808,1.0878667201117986
2020/02/25,930.0,931.0,921.0,921.0,7500,86.78261192062618,91.39987312865408,1.1304579825707235
2020/02/26,920.0,921.0,892.0,895.0,9300,85.68647462447093,89.93431008962531,1.1033405631145368
2020/02/27,895.0,897.0,870.0,872.0,11600,85.38988044495571,89.85141772020934,1.108602626946595
2020/02/28,860.0,860.0,802.0,802.0,15600,82.10807538334339,85.93752265231245,1.0504636886727672
2020/03/02,773.0,800.0,773.0,790.0,16300,80.52747204767063,84.0143819101392,0.9262263753687943
2020/03/03,815.0,852.0,814.0,817.0,16400,82.30096892334929,85.9179364413328,0.9614327541556011
2020/03/04,809.0,824.0,809.0,820.0,6300,82.12376921798483,86.25578373942976,0.9635234981694427
2020/03/05,837.0,837.0,823.0,825.0,8400,80.96663839583911,85.05195423991101,0.9660966852653614
2020/03/06,816.0,826.0,816.0,821.0,4800,81.96186236916517,86.43760739224922,1.0074674311347704
2020/03/09,810.0,813.0,805.0,805.0,7300,83.57093049549094,88.7269213487612,1.0234112588207593
2020/03/10,773.0,859.0,754.0,838.0,18300,87.80551059652707,92.5876975166286,1.1280051277614764
2020/03/11,823.0,859.0,823.0,853.0,6600,91.6997836822085,96.122181386705,1.1625327994352193
2020/03/12,841.0,843.0,808.0,808.0,9100,90.14959922291992,94.01328280917991,1.1894966155303057
2020/03/13,750.0,762.0,750.0,752.0,13500,89.9338991907441,92.82813622510784,1.2037238519177413
2020/03/16,755.0,780.0,754.0,765.0,5500,96.06191470673356,98.76197711739297,1.193420483405369
2020/03/17,755.0,798.0,750.0,798.0,11000,101.0676473359724,101.199869143675,1.1836752058367086
2020/03/18,798.0,812.0,797.0,799.0,6700,103.63683213923196,101.90723629148823,1.182775255685021
2020/03/19,810.0,849.0,765.0,836.0,10000,106.25368865240468,102.48294705130449,1.280241300849983
2020/03/23,832.0,878.0,812.0,874.0,11000,106.22668523695593,104.40931620205953,1.3052547380388624
2020/03/24,904.0,908.0,871.0,902.0,14000,103.72032625171366,106.28427062114478,1.3076533953787386
2020/03/25,914.0,914.0,875.0,900.0,14800,96.60026896745177,99.78323300344913,1.2238115147421067
2020/03/26,900.0,926.0,892.0,926.0,6700,102.71065668884643,103.09556852248376,1.2815769801055434
2020/03/27,927.0,952.0,927.0,952.0,14600,102.7820621446976,102.48757667902173,1.286816354985493
2020/03/30,921.0,939.0,920.0,931.0,8900,103.06975570206998,102.93827739719848,1.4285542981768682
2020/03/31,936.0,941.0,912.0,921.0,4000,102.54797810680172,103.62041961437261,1.4530770975061793
2020/04/01,923.0,927.0,910.0,912.0,3300,107.04615979515538,106.90624583666397,1.5011671064965049
2020/04/02,897.0,897.0,877.0,877.0,7800,104.62391801382964,104.53649317899718,1.4283212282588307
2020/04/03,875.0,876.0,836.0,836.0,10700,100.39813476148058,100.65314976003188,1.3661952149189238
2020/04/06,836.0,878.0,836.0,878.0,9100,100.73986830913108,101.22976029857045,1.2364870337959686
2020/04/07,914.0,920.0,880.0,892.0,5700,100.31917894889246,100.58865797185605,1.2304081477687079
2020/04/08,882.0,910.0,882.0,909.0,4000,99.96475611240719,100.60644977222954,1.2268357029241477
2020/04/09,917.0,917.0,900.0,909.0,4900,99.62431194987975,100.64364164896462,1.2023645938874004
2020/04/10,909.0,913.0,888.0,898.0,2300,98.17200853306993,98.25712422989776,1.2030107885927501
2020/04/13,898.0,898.0,889.0,889.0,1300,102.06282254389158,101.51775674727408,1.079942261603282
2020/04/14,888.0,888.0,882.0,888.0,2800,98.89642390451138,99.16579957888723,1.0524907629489793
2020/04/15,896.0,896.0,891.0,893.0,2000,99.7649848339798,99.55192932989164,1.056187052813703
2020/04/16,895.0,903.0,886.0,903.0,3900,101.67826853496669,100.82271026368794,1.0779287407213756
2020/04/17,888.0,910.0,886.0,886.0,4700,97.87753033869635,98.32765966851372,1.0130986888234168
2020/04/20,888.0,896.0,888.0,894.0,1500,99.29666070994766,99.33313081555171,0.9293977656271991
2020/04/21,884.0,895.0,884.0,895.0,2500,101.60090362525807,100.87488672342606,0.9411225558539663
2020/04/22,889.0,897.0,889.0,897.0,1500,103.12378283994794,101.86302170225558,0.9477188734003481
2020/04/23,898.0,905.0,892.0,895.0,2900,103.06709910600402,102.00101981986289,0.9229015704548535
2020/04/24,898.0,907.0,898.0,907.0,2700,104.49736922551823,102.93981454380243,1.0040260104391239
2020/04/27,907.0,915.0,907.0,914.0,2800,101.18808676333688,100.9357724672977,0.9523182383727561
2020/04/28,911.0,921.0,906.0,912.0,3800,101.02810292055351,100.58285777983525,0.9464071582196629
2020/04/30,938.0,938.0,914.0,917.0,7000,99.45664845170583,100.10639756751509,0.9348611815459172
2020/05/01,917.0,923.0,883.0,883.0,7700,98.57261048172064,98.60175457481321,0.8710384530046608
2020/05/07,883.0,909.0,883.0,905.0,2900,99.13948631358667,99.05767376040966,1.018264414724287
2020/05/08,908.0,918.0,903.0,918.0,2500,97.88676210166398,98.32393409558061,1.0109114571587556
2020/05/11,922.0,922.0,914.0,914.0,1700,95.94821681429976,96.09692308804843,0.9825133262045276
2020/05/12,914.0,923.0,914.0,923.0,1400,96.14881013955866,96.61777166314045,0.9940117428087027
2020/05/13,923.0,933.0,923.0,933.0,1900,98.03236198211123,98.1854903769742,0.9992073995269874
2020/05/14,934.0,934.0,922.0,925.0,1300,93.5307357076804,93.99523677123781,1.0357607654637389
2020/05/15,925.0,940.0,914.0,940.0,3400,95.94673368856336,96.72471963853468,1.0363165565102324
2020/05/18,940.0,940.0,921.0,938.0,1500,97.20032828114795,97.89117457459182,1.0296680012110009
2020/05/19,942.0,946.0,930.0,938.0,3900,97.06902552054918,97.27185154608497,1.0123430215076163
2020/05/20,935.0,945.0,935.0,942.0,1800,97.34784422546079,97.44695020372129,1.0076941317874462
2020/05/21,942.0,945.0,940.0,945.0,2900,96.57739253772523,96.94999389570867,0.9955956241263711
2020/05/22,945.0,946.0,940.0,943.0,900,97.96597062466425,98.64218654067518,0.997044025964772
2020/05/25,940.0,945.0,937.0,945.0,800,96.6055047485406,97.41568222462918,1.0036413837156497
2020/05/26,945.0,953.0,943.0,953.0,4900,96.2127100254059,97.28249966252754,0.9865256517779872
2020/05/27,957.0,957.0,950.0,956.0,5000,94.40473392193579,95.46245455947137,0.9773599766812808
2020/05/28,956.0,960.0,953.0,960.0,5000,92.10296388551427,93.61375663558054,0.9631375565945612
2020/05/29,963.0,964.0,952.0,953.0,6700,90.28038227799009,92.7243122603316,0.9721912930908272
2020/06/01,957.0,957.0,950.0,950.0,3800,88.68682815028812,91.59805580905444,0.9380960847453906
2020/06/02,950.0,958.0,950.0,958.0,1900,88.81722443399939,91.73885750910814,0.9292484104102062
2020/06/03,956.0,965.0,956.0,965.0,3100,89.73494832439381,93.45753362839513,0.9252997434669213
2020/06/04,966.0,966.0,961.0,965.0,4700,86.7673135574359,90.12974095564924,0.9230035592609334
2020/06/05,965.0,980.0,965.0,979.0,10700,87.93122128650467,91.48222344083908,0.9278369451020593
2020/06/08,970.0,975.0,962.0,962.0,6400,86.84927548328857,90.70452995554655,0.9343838252580743
2020/06/09,957.0,964.0,947.0,964.0,7900,87.12916476572583,90.97166726600724,0.9370721427369174
2020/06/10,963.0,970.0,956.0,970.0,3300,87.40710151031695,91.51039268461403,0.9456175462706213
2020/06/11,969.0,969.0,950.0,950.0,2400,87.7678420551591,90.98203728142163,0.9418760804212539
2020/06/12,945.0,956.0,945.0,951.0,3200,89.76312593001786,93.36858208322538,0.9474819869435316
2020/06/15,951.0,959.0,950.0,951.0,800,92.3787559878977,94.70954624957271,0.9471361373499881
2020/06/16,956.0,969.0,956.0,969.0,2800,90.08373799060801,93.05368816053173,0.9196283004171392
2020/06/17,970.0,970.0,962.0,970.0,1600,92.3385561169973,95.24571198487043,0.9245025986809532
2020/06/18,970.0,971.0,962.0,970.0,1800,92.387918862022,94.82052479844774,0.9440853189680013
2020/06/19,966.0,970.0,966.0,970.0,1300,91.73483448174937,94.73862774829416,0.943819128733899
2020/06/22,970.0,970.0,966.0,969.0,900,92.01997872772,95.07129557665002,0.9454368098593574
2020/06/23,969.0,970.0,962.0,968.0,3600,91.25590701293814,94.4210405072596,0.9399289213787363
2020/06/24,968.0,968.0,962.0,968.0,1400,91.40366278983828,94.82630099238615,0.943761577415245
2020/06/25,959.0,968.0,957.0,961.0,4000,93.2400614402455,96.73287050975951,0.9568056075566888
2020/06/26,961.0,968.0,961.0,968.0,6400,93.06675355738847,96.83653922795148,0.9638436451632666
2020/06/29,961.0,970.0,961.0,969.0,2600,96.1166906183977,99.5266778633883,1.0103039564025302
2020/06/30,969.0,969.0,962.0,969.0,1800,95.05421589045942,99.32808831393051,1.0041577246719364
2020/07/01,962.0,969.0,961.0,962.0,3600,95.04759183103516,99.75667267300626,1.012297397482201
2020/07/02,969.0,971.0,969.0,971.0,3800,96.01958588264233,100.96811174563145,1.016984009860743
2020/07/03,971.0,971.0,970.0,971.0,1400,95.23328712046548,100.21899707820283,1.0124381745237752
2020/07/06,972.0,988.0,972.0,988.0,8900,94.61314592226925,99.87707657047919,1.0586021657193256
2020/07/07,987.0,988.0,971.0,988.0,3200,94.30903494983069,99.09899847102005,1.0613442744424753
2020/07/08,992.0,994.0,967.0,987.0,15900,96.16087778021608,101.10969461556274,1.0648061933575663
2020/07/09,991.0,991.0,976.0,990.0,4000,96.06840694935353,101.37358403328969,1.0630680548347082
2020/07/10,991.0,991.0,982.0,982.0,5100,96.79344245703615,102.15767589396918,1.0579679197843612
2020/07/13,982.0,987.0,979.0,983.0,1700,93.56428647349468,98.72360263052556,0.9977057455928066
2020/07/14,977.0,988.0,972.0,988.0,6000,94.86344010526619,99.72469137458694,1.015664800883254
2020/07/15,980.0,987.0,979.0,985.0,1900,93.94748416732106,99.01171243568096,0.9972650116093511
2020/07/16,981.0,986.0,976.0,978.0,2500,92.23959783594093,96.96520947492161,1.0230589271087356
2020/07/17,979.0,983.0,974.0,981.0,1400,94.48683766596214,99.27041158361713,1.0195055067739447
2020/07/20,980.0,987.0,977.0,987.0,1700,94.65811651508321,99.09152923143208,1.017644567476339
2020/07/21,980.0,987.0,979.0,987.0,3100,95.05728313294128,99.72675419574915,1.015007567802955
2020/07/22,985.0,985.0,955.0,955.0,3800,92.70196514768185,97.28313314444432,0.9351114644914342
2020/07/27,956.0,983.0,956.0,983.0,5300,95.9425626396751,100.30128420607227,0.9467664877544925
2020/07/28,983.0,983.0,962.0,977.0,2100,95.13400866131049,99.69738488395146,0.9473920988102451
2020/07/29,962.0,976.0,950.0,950.0,8600,93.62679335608891,98.4486007545452,0.9292906809260252
2020/07/30,952.0,958.0,897.0,920.0,28700,89.24808423948872,94.23152097643067,0.9200814451177083
2020/07/31,921.0,940.0,913.0,922.0,8100,91.94544816542867,97.0276258287306,0.9059335905809244
2020/08/03,922.0,940.0,919.0,940.0,3100,90.65374311498637,96.0385572166308,0.9181898321470661
2020/08/04,926.0,988.0,926.0,988.0,10300,93.46205863115844,98.797321876456,0.9951137136671586
2020/08/05,968.0,980.0,968.0,973.0,2400,92.07082610120226,97.47834625701394,0.9908339488783992
2020/08/06,983.0,983.0,975.0,981.0,1300,92.90188010630473,97.7917718405339,0.9932173992922172
2020/08/07,975.0,984.0,974.0,977.0,1700,93.01348427825428,97.62612214097344,0.9856332645039835
2020/08/11,979.0,984.0,974.0,983.0,2500,91.78042699474909,95.67982344659008,0.9714301679046429
2020/08/12,983.0,985.0,975.0,985.0,3400,92.00626796603085,95.03616838146154,0.9598641931935501
2020/08/13,981.0,988.0,979.0,986.0,3700,90.52192559476046,94.22863224110677,0.9411869214968268
2020/08/14,981.0,986.0,975.0,975.0,4000,89.23022343469039,93.11725662925878,0.9510816300161322
2020/08/17,979.0,985.0,968.0,985.0,1900,91.63539872522311,95.5418154774136,0.9552364944684156
2020/08/18,975.0,986.0,975.0,977.0,1500,90.72318904853215,94.60395669608769,0.9518698115326459
2020/08/19,975.0,980.0,971.0,971.0,1800,90.42756856504033,94.05731546852527,0.948655601540345
2020/08/20,972.0,972.0,970.0,970.0,1000,95.36564346040738,99.08977116693585,0.961565058649954
2020/08/21,975.0,978.0,975.0,976.0,700,95.5491879253036,99.03067066992512,0.99307095691624
2020/08/24,984.0,984.0,979.0,984.0,1300,95.00181676197033,99.11892015106916,0.9830007038215681
2020/08/25,985.0,985.0,980.0,983.0,1900,94.74620906905928,98.90453671024113,0.9718262999408422
2020/08/26,984.0,984.0,980.0,980.0,1200,94.69276789264136,98.80037351597511,0.9715899121107734
2020/08/27,985.0,985.0,981.0,985.0,1600,95.32118096354439,99.71072549192594,0.9758064982538533
2020/08/28,985.0,986.0,981.0,986.0,2400,97.8222795283379,101.8483024093662,0.9977835045750159
2020/08/31,980.0,985.0,978.0,979.0,2000,95.34444831606403,99.52492603341007,1.0339418129087858
2020/09/01,983.0,983.0,975.0,976.0,1800,95.0821337590676,99.73383834320477,1.034569151846275
2020/09/02,984.0,984.0,970.0,976.0,2200,94.84968061612845,99.11435841625843,1.0322491197328734
2020/09/03,983.0,984.0,973.0,974.0,2500,95.23707403350743,99.696785337024,0.9410804290362278
2020/09/04,974.0,982.0,972.0,975.0,1900,96.50289596801684,100.43901912028926,0.9448596827099838
2020/09/07,982.0,983.0,975.0,982.0,2400,98.54978521146565,102.85147452923815,0.9696942480497927
2020/09/08,984.0,984.0,976.0,983.0,3600,97.25630555539271,101.70655092202688,0.9645232102110365
2020/09/09,983.0,984.0,978.0,984.0,4800,98.36919941334564,103.48346186630776,0.9749182139490686
2020/09/10,984.0,985.0,979.0,980.0,3500,97.73725307534512,102.45483326771956,0.9583734496149982
2020/09/11,990.0,990.0,982.0,986.0,6900,97.80973891507776,102.41523881363885,0.9680452261530561
2020/09/14,989.0,991.0,987.0,990.0,3400,97.31906876868631,101.90553665977077,0.9692492505778058
2020/09/15,992.0,993.0,988.0,992.0,4300,97.94976628260532,102.74989831908957,0.9775519365297123
2020/09/16,993.0,995.0,991.0,995.0,5600,98.18512884538582,102.54952420505515,0.9779442652206745
2020/09/17,994.0,995.0,991.0,995.0,3500,99.2195374244837,103.50105510985298,0.9990650192949739
2020/09/18,995.0,995.0,991.0,995.0,8100,99.2013305833833,103.0332203455681,1.0079611967720983
2020/09/23,994.0,995.0,993.0,995.0,4600,100.37143807917448,104.85281149102481,0.9893658984429302
2020/09/24,995.0,998.0,995.0,998.0,5400,101.06711024274585,105.62617773112717,1.0145186907923147
2020/09/25,998.0,999.0,991.0,999.0,4900,98.83792291415143,102.9038104971463,1.016552921562748
2020/09/28,1000.0,1000.0,983.0,999.0,28200,96.19121332102047,99.31736087613466,0.98190248353252
2020/09/29,995.0,999.0,990.0,996.0,7500,96.25997090292682,100.09377514353108,0.9838495567113847
2020/09/30,999.0,999.0,993.0,995.0,5000,96.95425122536038,101.36161878439272,1.006142522205187
2020/10/02,993.0,999.0,992.0,999.0,2000,-1.0,-1.0,-1.0
2020/10/05,992.0,999.0,992.0,999.0,4100,-1.0,-1.0,-1.0
2020/10/06,999.0,999.0,996.0,997.0,1300,-1.0,-1.0,-1.0
2020/10/07,997.0,999.0,991.0,999.0,5300,-1.0,-1.0,-1.0
2020/10/08,998.0,999.0,996.0,999.0,6000,-1.0,-1.0,-1.0
2020/10/09,996.0,1000.0,995.0,999.0,7100,-1.0,-1.0,-1.0
2020/10/12,996.0,999.0,993.0,996.0,2900,-1.0,-1.0,-1.0
2020/10/13,991.0,999.0,991.0,997.0,2400,-1.0,-1.0,-1.0
2020/10/14,997.0,998.0,995.0,998.0,3900,-1.0,-1.0,-1.0
2020/10/15,999.0,999.0,994.0,999.0,2800,-1.0,-1.0,-1.0
2020/10/16,999.0,999.0,993.0,994.0,6300,-1.0,-1.0,-1.0
2020/10/19,994.0,997.0,993.0,995.0,2100,-1.0,-1.0,-1.0
2020/10/20,995.0,996.0,994.0,994.0,1300,-1.0,-1.0,-1.0
2020/10/21,992.0,998.0,992.0,998.0,5800,-1.0,-1.0,-1.0
2020/10/22,998.0,999.0,996.0,999.0,2600,-1.0,-1.0,-1.0
2020/10/23,990.0,997.0,990.0,995.0,9000,-1.0,-1.0,-1.0
2020/10/26,999.0,999.0,991.0,997.0,3600,-1.0,-1.0,-1.0
2020/10/27,996.0,999.0,995.0,999.0,3300,-1.0,-1.0,-1.0
2020/10/28,989.0,999.0,972.0,999.0,27200,-1.0,-1.0,-1.0
2020/10/29,996.0,998.0,995.0,995.0,2500,-1.0,-1.0,-1.0
2020/10/30,990.0,998.0,989.0,996.0,6800,-1.0,-1.0,-1.0
2020/11/02,998.0,999.0,994.0,999.0,4400,-1.0,-1.0,1.0181557619285497
2020/11/04,995.0,999.0,994.0,999.0,5000,-1.0,-1.0,1.006079551099343
2020/11/05,994.0,1000.0,994.0,1000.0,6200,-1.0,-1.0,0.9982973065418398
2020/11/06,999.0,1005.0,999.0,1004.0,11100,-1.0,-1.0,0.9938554682782968
2020/11/09,1004.0,1004.0,999.0,1004.0,7900,-1.0,-1.0,0.980207473058367
2020/11/10,1004.0,1006.0,1000.0,1005.0,9600,-1.0,-1.0,0.9696994805823733
2020/11/11,998.0,1005.0,998.0,1005.0,7900,-1.0,-1.0,0.9538698709080382
2020/11/12,1000.0,1007.0,1000.0,1007.0,5600,-1.0,-1.0,0.9586260506557964
2020/11/13,1000.0,1004.0,999.0,1002.0,11000,-1.0,-1.0,0.9670455953308572
2020/11/16,1002.0,1008.0,1002.0,1008.0,5900,-1.0,-1.0,0.9508046541175701
2020/11/17,1009.0,1010.0,1004.0,1010.0,6300,-1.0,-1.0,0.9499688093838907
2020/11/18,1005.0,1010.0,1001.0,1008.0,5600,-1.0,-1.0,0.9564396450331502
2020/11/19,1003.0,1005.0,1001.0,1003.0,3400,-1.0,-1.0,0.9450444379504551
2020/11/20,1000.0,1003.0,998.0,999.0,13000,-1.0,-1.0,0.9476853895532358
2020/11/24,999.0,1002.0,998.0,999.0,10000,-1.0,-1.0,0.9187871871085798
2020/11/25,998.0,1001.0,997.0,999.0,8100,-1.0,-1.0,0.9160511264073246
2020/11/26,998.0,1003.0,998.0,1002.0,7300,-1.0,-1.0,0.9101473933851345
2020/11/27,986.0,1004.0,986.0,1000.0,52400,-1.0,-1.0,0.9012849614637745
2020/11/30,1001.0,1001.0,996.0,997.0,13200,-1.0,-1.0,0.9121982241553508
2020/12/01,995.0,1003.0,995.0,996.0,5800,-1.0,-1.0,0.9038387982350359
2020/12/02,997.0,1004.0,997.0,1001.0,10200,-1.0,-1.0,0.9071951145621262
2020/12/03,998.0,1008.0,998.0,1007.0,4900,-1.0,-1.0,0.9250014671450256
2020/12/04,997.0,1003.0,995.0,1002.0,38600,-1.0,-1.0,0.916839464926925
2020/12/07,1001.0,1007.0,1001.0,1003.0,6800,-1.0,-1.0,0.9531226851709051
2020/12/08,1003.0,1006.0,1000.0,1005.0,10900,-1.0,-1.0,0.9563591255209717
2020/12/09,1000.0,1005.0,1000.0,1003.0,25900,-1.0,-1.0,0.9442749879701903
2020/12/10,1001.0,1005.0,1001.0,1005.0,21400,-1.0,-1.0,0.9579790697095367
2020/12/11,1005.0,1009.0,1004.0,1009.0,24100,-1.0,-1.0,0.9738757950430541
2020/12/14,1009.0,1010.0,1005.0,1008.0,13100,-1.0,-1.0,0.9671182825946597
2020/12/15,1005.0,1010.0,1004.0,1004.0,11400,-1.0,-1.0,0.9676082555837648
2020/12/16,1004.0,1007.0,1002.0,1003.0,9100,-1.0,-1.0,0.9641498973584901
2020/12/17,1000.0,1004.0,1000.0,1001.0,23000,-1.0,-1.0,0.9600641138904144
2020/12/18,1005.0,1005.0,1001.0,1005.0,4700,-1.0,-1.0,0.9580737311898457
2020/12/21,1002.0,1007.0,1001.0,1003.0,13500,-1.0,-1.0,0.9892513038657659
2020/12/22,1003.0,1003.0,999.0,999.0,8300,-1.0,-1.0,1.0033373981807452
2020/12/23,999.0,1001.0,996.0,996.0,13300,-1.0,-1.0,0.9982005763295626
2020/12/24,997.0,1005.0,997.0,999.0,31600,-1.0,-1.0,0.99743452456234
2020/12/25,999.0,1004.0,999.0,1001.0,10800,-1.0,-1.0,1.0031916256896647
2020/12/28,1000.0,1006.0,992.0,992.0,103700,-1.0,-1.0,0.9539234846279271
2020/12/29,977.0,990.0,972.0,990.0,65900,-1.0,-1.0,0.9428272729468683
2020/12/30,990.0,990.0,979.0,987.0,13600,-1.0,-1.0,0.9465453096532642
2021/01/04,987.0,987.0,981.0,982.0,7200,-1.0,-1.0,0.9487884305729504
2021/01/05,985.0,985.0,979.0,981.0,5500,-1.0,-1.0,0.9493967691933831
2021/01/06,979.0,985.0,979.0,982.0,3100,-1.0,-1.0,0.947602918922914
2021/01/07,985.0,985.0,980.0,983.0,4900,-1.0,-1.0,0.9309155493519311
2021/01/08,980.0,985.0,980.0,982.0,4700,-1.0,-1.0,0.9269677177439923
2021/01/12,980.0,982.0,980.0,981.0,2500,-1.0,-1.0,0.9289808639577618
2021/01/13,980.0,980.0,977.0,977.0,3600,-1.0,-1.0,0.9249290291839811
2021/01/14,977.0,979.0,976.0,976.0,2300,-1.0,-1.0,0.9188475074885334
2021/01/15,975.0,978.0,972.0,978.0,3000,-1.0,-1.0,0.9316164953511831
2021/01/18,975.0,975.0,970.0,971.0,3900,-1.0,-1.0,0.9325822921657126
2021/01/19,970.0,980.0,970.0,980.0,5500,-1.0,-1.0,0.941119801862381
2021/01/20,980.0,980.0,973.0,976.0,900,-1.0,-1.0,0.9416704754490419
2021/01/21,972.0,977.0,972.0,974.0,2000,-1.0,-1.0,0.9218733629815656
2021/01/22,971.0,975.0,970.0,971.0,2600,-1.0,-1.0,0.9252243041505699
2021/01/25,970.0,973.0,970.0,971.0,2000,-1.0,-1.0,0.953611614903636
2021/01/26,971.0,973.0,971.0,973.0,1200,-1.0,-1.0,0.9615626627281345
2021/01/27,970.0,973.0,969.0,969.0,7900,-1.0,-1.0,0.9525489645146682
2021/01/28,969.0,973.0,968.0,972.0,5700,-1.0,-1.0,0.9831731606331053
2021/01/29,973.0,973.0,967.0,970.0,1500,-1.0,-1.0,0.9928864085338562
2021/02/01,967.0,970.0,966.0,967.0,5600,-1.0,-1.0,0.9763276370343101
2021/02/02,970.0,971.0,950.0,965.0,4200,-1.0,-1.0,0.9646164939815187
2021/02/03,965.0,971.0,964.0,970.0,1700,-1.0,-1.0,0.9575325387071186
2021/02/04,970.0,971.0,966.0,969.0,1900,-1.0,-1.0,0.9592440069137395
2021/02/05,969.0,971.0,968.0,971.0,2000,-1.0,-1.0,0.9487129332488631
2021/02/08,972.0,973.0,970.0,973.0,5400,-1.0,-1.0,0.9650708441504359
2021/02/09,969.0,973.0,969.0,973.0,1900,-1.0,-1.0,0.9642725835995751
2021/02/10,973.0,973.0,970.0,970.0,2100,-1.0,-1.0,0.9605920410192401
2021/02/12,970.0,975.0,970.0,974.0,5200,-1.0,-1.0,0.9675764868114353
2021/02/15,971.0,983.0,970.0,983.0,6200,-1.0,-1.0,0.9657461669303257
2021/02/16,984.0,984.0,975.0,980.0,4300,-1.0,-1.0,0.9576994801029035
2021/02/17,979.0,979.0,974.0,974.0,7700,-1.0,-1.0,0.9556362973396144
2021/02/18,974.0,974.0,970.0,970.0,1600,-1.0,-1.0,0.9580254061058721
2021/02/19,970.0,978.0,970.0,972.0,1700,-1.0,-1.0,0.965857818416989
2021/02/22,970.0,976.0,970.0,971.0,1000,-1.0,-1.0,0.9704274391937974
2021/02/24,970.0,973.0,970.0,972.0,1100,-1.0,-1.0,0.9891608357238685
2021/02/25,970.0,978.0,970.0,973.0,2800,-1.0,-1.0,0.9710832893069802
2021/02/26,973.0,978.0,971.0,971.0,4900,-1.0,-1.0,1.0140962669144788
2021/03/01,971.0,976.0,971.0,971.0,2300,-1.0,-1.0,0.9755165558771631
2021/03/02,976.0,976.0,968.0,968.0,2600,-1.0,-1.0,0.97882273276182
2021/03/03,968.0,974.0,968.0,972.0,1800,-1.0,-1.0,0.9772179793029728
2021/03/04,973.0,973.0,968.0,972.0,900,-1.0,-1.0,1.0019652368200587
2021/03/05,969.0,975.0,969.0,975.0,2400,-1.0,-1.0,1.0199199197212023
2021/03/08,975.0,977.0,970.0,977.0,3000,-1.0,-1.0,1.0529274016162529
2021/03/09,977.0,987.0,975.0,987.0,5900,-1.0,-1.0,1.0531890658702021
2021/03/10,980.0,984.0,978.0,979.0,4100,-1.0,-1.0,1.0353583182970607
2021/03/11,979.0,985.0,978.0,985.0,3300,-1.0,-1.0,1.0506561901684872
2021/03/12,980.0,985.0,979.0,985.0,5700,-1.0,-1.0,1.0433541146998166
2021/03/15,986.0,987.0,979.0,987.0,4300,-1.0,-1.0,1.0082442818732689
2021/03/16,987.0,987.0,981.0,987.0,3300,-1.0,-1.0,1.0019345874001737
2021/03/17,987.0,987.0,980.0,987.0,2900,-1.0,-1.0,1.0009672264967369
2021/03/18,977.0,985.0,977.0,985.0,5500,-1.0,-1.0,1.000621960323096
2021/03/19,985.0,990.0,982.0,990.0,5600,-1.0,-1.0,1.0217854170822926
2021/03/22,982.0,991.0,982.0,989.0,5900,-1.0,-1.0,1.0167894911761246
2021/03/23,989.0,990.0,983.0,987.0,4200,-1.0,-1.0,1.0246770984626923
2021/03/24,987.0,987.0,976.0,984.0,4000,-1.0,-1.0,1.0403557873070184
2021/03/25,985.0,988.0,980.0,988.0,3900,-1.0,-1.0,1.0140646283153802
2021/03/26,988.0,988.0,980.0,982.0,3500,-1.0,-1.0,0.9814921622839127
2021/03/29,982.0,987.0,970.0,987.0,28900,-1.0,-1.0,0.976238179743109
2021/03/30,986.0,986.0,978.0,979.0,3600,-1.0,-1.0,0.97046221548347
2021/03/31,979.0,980.0,971.0,975.0,2900,-1.0,-1.0,0.9769161906291233
2021/04/01,973.0,975.0,970.0,970.0,2100,-1.0,-1.0,0.9694941030054425
2021/04/02,970.0,972.0,969.0,969.0,2100,-1.0,-1.0,0.9619535147615933
2021/04/05,971.0,975.0,970.0,975.0,2200,-1.0,-1.0,0.9551760589901727
2021/04/06,976.0,981.0,972.0,972.0,4600,-1.0,-1.0,0.9672358815660861
2021/04/07,971.0,978.0,971.0,975.0,2200,-1.0,-1.0,0.9639980571802879
2021/04/08,973.0,980.0,973.0,973.0,2900,-1.0,-1.0,0.9681288394159484
2021/04/09,970.0,979.0,970.0,971.0,3300,-1.0,-1.0,0.976134749988789
2021/04/12,977.0,977.0,974.0,975.0,1400,-1.0,-1.0,0.9939152155449774
2021/04/13,978.0,978.0,971.0,974.0,2000,-1.0,-1.0,0.9906452215908145
2021/04/14,971.0,973.0,971.0,972.0,1400,-1.0,-1.0,0.9933143200686861
2021/04/15,971.0,976.0,971.0,973.0,1000,-1.0,-1.0,0.9972514826764186
2021/04/16,971.0,973.0,970.0,970.0,1800,-1.0,-1.0,0.9961615180654938
2021/04/19,972.0,972.0,969.0,972.0,1400,-1.0,-1.0,1.0012987865522547
2021/04/20,970.0,971.0,967.0,967.0,1900,-1.0,-1.0,1.014684043840311
2021/04/21,967.0,970.0,963.0,963.0,3100,-1.0,-1.0,1.0317737058847414
2021/04/22,962.0,969.0,962.0,963.0,1800,-1.0,-1.0,1.0046701726501932
2021/04/23,965.0,966.0,962.0,962.0,1600,-1.0,-1.0,0.9888022957237235
2021/04/26,970.0,970.0,963.0,964.0,2300,-1.0,-1.0,1.0231602131846174
2021/04/27,965.0,970.0,962.0,962.0,1700,-1.0,-1.0,1.0288251289981214
2021/04/28,962.0,969.0,960.0,960.0,3900,-1.0,-1.0,1.023600571159394
2021/04/30,958.0,958.0,953.0,953.0,3800,-1.0,-1.0,1.0121168461904835
2021/05/06,953.0,959.0,952.0,952.0,1800,-1.0,-1.0,0.9944301021828315
2021/05/07,962.0,962.0,954.0,954.0,2400,-1.0,-1.0,1.0059041673472024
2021/05/10,952.0,960.0,952.0,959.0,2700,-1.0,-1.0,0.9941204923576842
2021/05/11,959.0,962.0,956.0,956.0,3100,-1.0,-1.0,1.0100576709505724
2021/05/12,956.0,962.0,953.0,953.0,2400,-1.0,-1.0,1.016443616734344
2021/05/13,953.0,959.0,953.0,954.0,1100,-1.0,-1.0,1.0362234277390128
2021/05/14,960.0,963.0,952.0,952.0,2000,-1.0,-1.0,1.0144374547722594
2021/05/17,952.0,956.0,952.0,953.0,2200,-1.0,-1.0,1.0168049557679462
2021/05/18,952.0,952.0,951.0,952.0,2600,-1.0,-1.0,1.0048571969888302
2021/05/19,952.0,958.0,950.0,950.0,6400,-1.0,-1.0,1.0083789792286435
2021/05/20,955.0,956.0,951.0,951.0,1100,-1.0,-1.0,0.9975031690702992
2021/05/21,956.0,956.0,952.0,952.0,1100,-1.0,-1.0,0.9797572421114503
2021/05/24,958.0,958.0,946.0,949.0,4800,-1.0,-1.0,0.9826393218285737
2021/05/25,947.0,951.0,947.0,949.0,2400,-1.0,-1.0,0.9787591609168654
2021/05/26,949.0,950.0,949.0,949.0,1300,-1.0,-1.0,0.9802000643327309
2021/05/27,949.0,952.0,949.0,950.0,7000,-1.0,-1.0,0.9824117934478263
2021/05/28,958.0,958.0,950.0,957.0,4700,-1.0,-1.0,0.9830942970461348
2021/05/31,956.0,956.0,951.0,951.0,1700,-1.0,-1.0,1.0093746347724317
2021/06/01,948.0,953.0,948.0,953.0,2000,-1.0,-1.0,1.0093610575888237
2021/06/02,950.0,952.0,947.0,947.0,2000,-1.0,-1.0,0.9975249036706811
2021/06/03,949.0,952.0,946.0,950.0,3900,-1.0,-1.0,0.9919384943929914
2021/06/04,949.0,953.0,947.0,952.0,1700,-1.0,-1.0,0.9950341562036655
2021/06/07,955.0,955.0,948.0,948.0,2400,-1.0,-1.0,0.9882495939671802
2021/06/08,948.0,955.0,948.0,954.0,1800,-1.0,-1.0,1.000078291510739
2021/06/09,954.0,960.0,953.0,960.0,1500,-1.0,-1.0,1.0241902445429156
2021/06/10,960.0,961.0,958.0,960.0,1600,-1.0,-1.0,1.0017800838171171
2021/06/11,960.0,960.0,955.0,955.0,3400,-1.0,-1.0,0.9820286896093752
2021/06/14,959.0,959.0,951.0,952.0,1900,-1.0,-1.0,0.9716207754561944
2021/06/15,952.0,958.0,952.0,952.0,1500,-1.0,-1.0,0.9639022927363764
2021/06/16,956.0,957.0,950.0,957.0,1700,-1.0,-1.0,0.9715534688133401
2021/06/17,957.0,957.0,955.0,955.0,1200,-1.0,-1.0,0.9896675415544136
2021/06/18,955.0,959.0,950.0,955.0,2400,-1.0,-1.0,0.9927037746862791
2021/06/21,955.0,955.0,943.0,943.0,5300,-1.0,-1.0,1.0187677053614133
2021/06/22,944.0,948.0,944.0,948.0,2300,-1.0,-1.0,0.9901514100506386
2021/06/23,948.0,949.0,944.0,949.0,1600,-1.0,-1.0,0.9964501941369134
2021/06/24,949.0,950.0,947.0,949.0,1700,-1.0,-1.0,1.0029306347747011
2021/06/25,946.0,949.0,944.0,946.0,3900,-1.0,-1.0,0.9912408339726786
2021/06/28,949.0,949.0,946.0,949.0,1600,-1.0,-1.0,0.9879347532326147
2021/06/29,946.0,949.0,945.0,949.0,2200,-1.0,-1.0,0.9961526462441135
2021/06/30,949.0,950.0,945.0,948.0,1400,-1.0,-1.0,0.99820081475433
2021/07/01,948.0,950.0,943.0,945.0,1500,-1.0,-1.0,0.9959462170343952
2021/07/02,945.0,948.0,943.0,943.0,1300,-1.0,-1.0,0.996380312482214
2021/07/05,945.0,947.0,943.0,944.0,1100,-1.0,-1.0,1.0112567282356701
2021/07/06,947.0,947.0,944.0,944.0,900,-1.0,-1.0,1.0083005312752908
2021/07/07,944.0,944.0,941.0,941.0,1600,-1.0,-1.0,1.0157249697028825
2021/07/08,944.0,945.0,940.0,940.0,2400,-1.0,-1.0,1.0163812497035474
2021/07/09,940.0,944.0,939.0,939.0,4300,-1.0,-1.0,0.9979176484810176
2021/07/12,941.0,944.0,939.0,939.0,2900,-1.0,-1.0,0.9888411660694362
2021/07/13,942.0,943.0,939.0,939.0,1800,-1.0,-1.0,0.9815449274220458
2021/07/14,939.0,942.0,938.0,938.0,2300,-1.0,-1.0,0.9829768719684576
2021/07/15,941.0,942.0,935.0,935.0,2800,-1.0,-1.0,0.9990359121929095
2021/07/16,935.0,937.0,933.0,933.0,2600,-1.0,-1.0,0.9913647148161141
2021/07/19,933.0,935.0,930.0,931.0,3600,-1.0,-1.0,0.9785710780242759
2021/07/20,937.0,937.0,932.0,932.0,2800,-1.0,-1.0,0.9893197333604983
2021/07/21,872.0,887.0,866.0,877.0,64800,-1.0,-1.0,0.897350283751745
2021/07/26,875.0,881.0,872.0,878.0,20200,-1.0,-1.0,0.9340084407683492
2021/07/27,880.0,883.0,876.0,883.0,7200,-1.0,-1.0,0.9323549077761479
2021/07/28,884.0,884.0,880.0,880.0,3300,-1.0,-1.0,0.9400780968706859
2021/07/29,883.0,883.0,880.0,880.0,3900,-1.0,-1.0,0.929725589020635
2021/07/30,883.0,885.0,877.0,877.0,4400,-1.0,-1.0,0.9372586659432569
2021/08/02,877.0,882.0,875.0,881.0,5500,-1.0,-1.0,0.9228531988279437
2021/08/03,877.0,880.0,873.0,873.0,2900,-1.0,-1.0,0.9196000727466688
2021/08/04,877.0,877.0,873.0,873.0,2800,-1.0,-1.0,0.923490034248423
2021/08/05,872.0,874.0,870.0,870.0,3800,-1.0,-1.0,0.9227165595244845
2021/08/06,869.0,869.0,866.0,866.0,3000,-1.0,-1.0,0.9112662403152034
2021/08/10,865.0,870.0,865.0,865.0,4200,-1.0,-1.0,0.9372036512558685
2021/08/11,865.0,869.0,865.0,869.0,1500,-1.0,-1.0,0.9290481504624399
2021/08/12,869.0,869.0,866.0,866.0,4400,-1.0,-1.0,0.9365027666894494
2021/08/13,866.0,867.0,865.0,866.0,1700,-1.0,-1.0,0.9313232456271414
2021/08/16,866.0,867.0,857.0,857.0,5600,-1.0,-1.0,0.9134772223621931
2021/08/17,856.0,856.0,852.0,852.0,2100,-1.0,-1.0,0.9158208152449868
2021/08/18,852.0,855.0,851.0,852.0,1400,-1.0,-1.0,0.9111188458523664
2021/08/19,852.0,857.0,852.0,855.0,3400,-1.0,-1.0,0.915766585702062
2021/08/20,858.0,859.0,856.0,858.0,3400,-1.0,-1.0,1.004047162422229
2021/08/23,858.0,860.0,857.0,857.0,3100,-1.0,-1.0,0.9877132427567914
2021/08/24,857.0,858.0,855.0,857.0,3400,-1.0,-1.0,0.9781310437713616
2021/08/25,856.0,860.0,856.0,859.0,3000,-1.0,-1.0,0.9792927656732237
2021/08/26,859.0,867.0,859.0,867.0,4900,-1.0,-1.0,0.9947101495861318
2021/08/27,867.0,870.0,864.0,870.0,1900,-1.0,-1.0,0.9964793199697738
2021/08/30,873.0,873.0,864.0,869.0,2800,-1.0,-1.0,0.993288842885582
2021/08/31,864.0,867.0,863.0,863.0,1700,-1.0,-1.0,0.9848854925388038
2021/09/01,863.0,867.0,863.0,867.0,2000,-1.0,-1.0,0.9782961593602392
2021/09/02,867.0,868.0,858.0,858.0,5600,-1.0,-1.0,0.9641738299038831
2021/09/03,843.0,850.0,840.0,840.0,32100,-1.0,-1.0,0.9258264063965764
2021/09/06,842.0,842.0,830.0,833.0,24500,-1.0,-1.0,0.9069774155879661
2021/09/07,832.0,835.0,830.0,832.0,11700,-1.0,-1.0,0.8963931786589214
2021/09/08,829.0,832.0,829.0,831.0,10300,-1.0,-1.0,0.8894808778006251
2021/09/09,828.0,833.0,828.0,830.0,9400,-1.0,-1.0,0.8946302640662777
2021/09/10,829.0,832.0,821.0,825.0,24200,-1.0,-1.0,0.8846300887525834
2021/09/13,822.0,830.0,821.0,824.0,16800,-1.0,-1.0,0.8781315323201184
2021/09/14,824.0,825.0,821.0,825.0,11600,-1.0,-1.0,0.8702531223356067
2021/09/15,824.0,825.0,822.0,824.0,10800,-1.0,-1.0,0.8794970014986583
2021/09/16,823.0,823.0,819.0,820.0,10200,-1.0,-1.0,0.8786899492589303
2021/09/17,819.0,820.0,813.0,815.0,17800,-1.0,-1.0,0.8733037088400355
2021/09/21,808.0,808.0,800.0,801.0,26700,-1.0,-1.0,0.8712232445412249
2021/09/22,800.0,803.0,797.0,797.0,14000,-1.0,-1.0,0.8767908204305556
2021/09/24,798.0,802.0,796.0,802.0,13100,-1.0,-1.0,0.8664787257919748
2021/09/27,800.0,803.0,800.0,800.0,13800,-1.0,-1.0,0.8652688929064822
2021/09/28,803.0,814.0,800.0,811.0,18300,-1.0,-1.0,0.8923431977753755
2021/09/29,811.0,811.0,806.0,807.0,8000,-1.0,-1.0,0.9090541773472303
2021/09/30,812.0,814.0,810.0,810.0,9600,-1.0,-1.0,0.9218826982572389
2021/10/01,808.0,808.0,802.0,802.0,7800,64.2606210622974,65.03951177441223,0.9389262933264214
2021/10/04,802.0,804.0,798.0,799.0,7000,65.54795924647611,66.3386673331353,1.0164468897372225
2021/10/05,798.0,798.0,791.0,792.0,11900,66.9084895066307,67.12134864354336,1.023919655716047
2021/10/06,791.0,792.0,786.0,786.0,12900,66.94341353381122,66.70859312948801,1.0154522476088785
2021/10/07,785.0,785.0,781.0,781.0,9300,66.79206682266874,66.72524959973032,1.0234655921924687
2021/10/08,781.0,786.0,781.0,784.0,8500,66.08582475249835,65.89896061160424,1.0246444687916436
2021/10/11,786.0,787.0,782.0,782.0,4200,64.90544354538123,64.62354340782173,1.024028568464146
2021/10/12,782.0,785.0,780.0,780.0,7500,65.4069563082229,65.07194834852571,1.02716384199751
2021/10/13,780.0,781.0,771.0,775.0,11700,65.19981525110029,64.6750556685533,1.017434131148427
2021/10/14,770.0,773.0,765.0,765.0,14800,63.04884633173785,62.88816232348352,0.9901930343413538
2021/10/15,765.0,766.0,750.0,763.0,32800,61.81967116741753,61.353305585987606,0.9758488194792259
2021/10/18,763.0,768.0,758.0,761.0,22600,62.3736925648369,62.0417987582062,0.9859254465690125
2021/10/19,758.0,762.0,758.0,760.0,6100,61.67634458921979,61.336175071121836,0.980170415838952
2021/10/20,760.0,761.0,757.0,758.0,9300,61.371671084084014,61.34076929448619,0.9775544495927233
2021/10/21,758.0,760.0,757.0,760.0,7800,62.20545740508074,61.58869021409701,0.9927188705673302
2021/10/22,759.0,759.0,755.0,755.0,4300,61.94875753012812,61.595471802708836,0.9839622795375135
2021/10/25,751.0,754.0,751.0,751.0,5000,61.87792889714632,61.11558055710875,1.0007479368518288
2021/10/26,751.0,751.0,743.0,744.0,15800,60.09386420923438,59.683262334867685,0.9733105450934759
2021/10/27,743.0,744.0,737.0,737.0,9600,59.37375796126712,59.07404318128277,0.9613242706203201
2021/10/28,730.0,731.0,698.0,698.0,43500,56.79209113814188,56.513584193735056,0.8375293063744693
2021/10/29,698.0,699.0,676.0,681.0,27700,54.374537630056395,53.96031853254777,0.8144559334562842
2021/11/01,700.0,701.0,674.0,678.0,41300,53.32783392356218,53.37070021232162,0.7995709173621511
2021/11/02,679.0,688.0,678.0,685.0,27600,55.037211026865954,54.91945207794724,0.809923743771399
2021/11/04,693.0,708.0,683.0,707.0,23300,57.20017895998482,56.74889470509251,0.874106787332583
2021/11/05,707.0,708.0,702.0,706.0,9300,57.76523032566615,57.12832361319009,0.8801697361515731
2021/11/08,706.0,708.0,694.0,696.0,12900,58.35774853752138,57.288089023217616,0.9250909962518952
2021/11/09,700.0,700.0,690.0,690.0,13500,58.38856653953015,57.842816806066146,0.9255732895325478
2021/11/10,690.0,692.0,683.0,691.0,13100,59.880984662892025,59.20651577864378,0.9307196356727259
2021/11/11,689.0,701.0,689.0,700.0,6300,60.59333902551464,59.5721228765471,0.9413125269603431
2021/11/12,701.0,705.0,692.0,699.0,13100,59.80858650298568,58.226719157979225,0.9253486751710782
2021/11/15,698.0,701.0,690.0,699.0,7200,60.3329514644513,58.6241661227201,0.9480983862633791
2021/11/16,691.0,694.0,680.0,680.0,15100,58.75846468467765,56.947182408590656,0.9324444128541897
2021/11/17,684.0,684.0,674.0,675.0,12700,58.03177604995451,56.52741849460148,0.9357271187173822
2021/11/18,675.0,675.0,663.0,666.0,12600,57.50735412122046,56.31730515888279,0.9361230031744289
2021/11/19,663.0,665.0,652.0,655.0,12600,56.26718772896729,55.39527534558184,0.9216414027378835
2021/11/22,650.0,652.0,622.0,622.0,36300,54.716289649861295,53.71545755916386,0.8611739097131973
2021/11/24,614.0,615.0,596.0,596.0,52200,53.53990790316382,52.22997671787256,0.8331381859034594
2021/11/25,595.0,595.0,562.0,563.0,62000,50.54592573675238,49.32425184138479,0.6828659993566574
2021/11/26,555.0,555.0,532.0,546.0,45800,50.598928547330566,49.14104524982628,0.6206746263430445
2021/11/29,537.0,579.0,527.0,536.0,70700,50.244285376430675,48.42069318482636,0.7743612086538764
2021/11/30,542.0,543.0,524.0,529.0,31900,51.13809742783987,48.70640390795432,0.7033550094549887
2021/12/01,535.0,545.0,530.0,544.0,23100,52.13833790711637,49.77826679862063,0.7013312477071374
2021/12/02,540.0,542.0,535.0,536.0,22100,51.416937079953776,49.05182094086754,0.6945566114604118
2021/12/03,545.0,562.0,543.0,562.0,22100,53.52985615902781,50.8762683636435,0.6698378518200864
2021/12/06,552.0,557.0,550.0,555.0,28700,52.59986858855426,50.026873383362044,0.6764664960465137
2021/12/07,554.0,565.0,554.0,565.0,14000,52.2902440523734,49.69137027129112,0.6401714046473934
2021/12/08,572.0,575.0,567.0,573.0,14500,53.08519868109979,50.77103574206265,0.639902907423315
2021/12/09,573.0,573.0,571.0,573.0,3200,53.10635567897316,50.86949431985036,0.6504201383695354
2021/12/10,573.0,574.0,570.0,573.0,7000,53.223838943296954,51.22723971510137,0.6578397882588986
2021/12/13,580.0,581.0,573.0,573.0,8600,53.05816753367931,51.453916433341554,0.6679458649427349
2021/12/14,573.0,576.0,571.0,573.0,5200,53.569445151909434,51.52707019132677,0.6738932187878297
2021/12/15,573.0,575.0,565.0,565.0,11300,52.96156413842367,50.73027226470398,0.66491195093756
2021/12/16,569.0,569.0,544.0,546.0,35700,50.30502657371152,48.5708918220295,0.6383748256531768
2021/12/17,544.0,555.0,534.0,549.0,33200,51.216159868945596,49.36284277263708,0.6513541416583523
2021/12/20,545.0,547.0,539.0,539.0,9800,51.385575200415865,49.52345602619753,0.7453890186807324
2021/12/21,540.0,541.0,536.0,538.0,5000,49.92362550564353,48.14883774366774,0.7384573663938898
2021/12/22,535.0,538.0,530.0,537.0,13300,50.069712025717685,48.27389506899283,0.7322531606667284
2021/12/23,540.0,549.0,540.0,546.0,14300,50.61222074233572,48.74366733894341,0.7341870487954231
2021/12/24,546.0,547.0,542.0,542.0,4100,50.14645718411443,48.46713197813985,0.7285720774959027
2021/12/27,541.0,541.0,527.0,530.0,13900,50.032030528782826,48.29888412115172,0.9442908855562537
2021/12/28,529.0,531.0,523.0,527.0,16400,50.483628412970084,48.29836000527564,0.9278246738009696
2021/12/29,527.0,542.0,525.0,542.0,13100,52.13519654539288,49.57602677498033,0.9587296265632865
2021/12/30,544.0,556.0,540.0,553.0,11600,53.31460866782475,50.72448103241722,0.9708197752736762
2022/01/04,553.0,559.0,553.0,556.0,6600,52.53146240262374,50.00479051039308,0.9231433567080701
2022/01/05,561.0,562.0,558.0,558.0,5100,52.41327450728108,50.04928034378978,0.9203030953710549
2022/01/06,557.0,557.0,546.0,547.0,10500,53.69707424950353,50.88920754432246,0.9418222780630039
2022/01/07,550.0,553.0,548.0,548.0,4600,55.139162766427916,51.86901875056233,0.9467155159196199
2022/01/11,548.0,550.0,541.0,543.0,12100,55.2376541754682,51.761158019113566,0.9311163497356864
2022/01/12,541.0,549.0,541.0,545.0,7700,55.1836537770555,51.50237816665479,0.9177633028034121
2022/01/13,545.0,547.0,534.0,534.0,9700,55.114747014842195,51.10391188910815,0.8825975928244137
2022/01/14,531.0,532.0,526.0,530.0,8200,54.95315558515011,50.87519308466989,0.9010863629982926
2022/01/17,527.0,536.0,526.0,531.0,7800,54.50965545319865,50.79868963038998,0.9521891464247636
2022/01/18,530.0,532.0,528.0,530.0,2900,54.80166206216535,50.73183975922587,0.9548184415289962
2022/01/19,530.0,531.0,527.0,527.0,4600,56.071876974614696,52.02307615386531,0.9775612172214035
2022/01/20,527.0,531.0,526.0,528.0,3400,56.12995954591992,52.03131384795474,0.9826824450116989
2022/01/21,528.0,533.0,527.0,528.0,5700,56.56840612109855,52.386588263643254,0.9911888843499739
2022/01/24,526.0,541.0,526.0,541.0,6000,58.20770507385626,53.75633563083122,1.0706437701198421
2022/01/25,536.0,540.0,536.0,540.0,3400,58.392581513786844,54.07575111468647,1.0896211036453918
2022/01/26,546.0,546.0,540.0,543.0,4300,59.40601987429527,55.09581878468269,1.096291770521682
2022/01/27,543.0,544.0,530.0,530.0,8100,58.75032544431325,54.42050343331623,1.1536135864572286
2022/01/28,543.0,543.0,531.0,534.0,6100,57.00089896442337,53.053794352612286,1.0371904032557027
2022/01/31,530.0,532.0,530.0,531.0,1300,57.12686722863357,52.99792489142535,0.9744075941817943
2022/02/01,532.0,535.0,530.0,532.0,4500,57.743019778717965,53.7036545759822,0.9765348962852408
2022/02/02,544.0,544.0,523.0,538.0,21000,57.70575273128341,53.58882835713802,0.998122332557285
2022/02/03,538.0,538.0,532.0,534.0,3300,57.33492108614195,53.53540917662085,0.9935859367128889
2022/02/04,532.0,534.0,526.0,532.0,6600,57.46283121470503,53.664754167902075,0.9838255181381875
2022/02/07,536.0,536.0,531.0,531.0,2700,58.85869162970337,54.51568007947035,0.9882748830887165
2022/02/08,544.0,546.0,542.0,543.0,5000,60.35037585410971,55.56094082751064,1.0059283188454993
2022/02/09,547.0,547.0,544.0,547.0,2100,60.44645729006779,55.7735929922552,1.0007541830935798
2022/02/10,549.0,556.0,543.0,556.0,5600,60.84360142542698,56.24855231175171,1.0267710465621271
2022/02/14,556.0,556.0,545.0,556.0,8000,62.837215878318275,57.243864890985066,1.1310853583094396
2022/02/15,558.0,564.0,551.0,561.0,6200,64.92130670938563,58.75113807992525,1.1510438498169502
2022/02/16,568.0,573.0,565.0,572.0,3700,64.7829745470028,59.17520323466211,1.1869315274344672
2022/02/17,572.0,575.0,571.0,571.0,3000,65.35767440286199,59.19121083895259,1.1861236986825936
2022/02/18,570.0,570.0,561.0,561.0,5600,63.87844855080835,57.85521743211349,1.1390158878332963
2022/02/21,551.0,551.0,547.0,549.0,8200,63.35772039071935,57.358443212921,1.0984989105759908
2022/02/22,541.0,547.0,541.0,545.0,4300,62.900398075525175,56.72542187698687,1.1097482045763167
2022/02/24,547.0,547.0,540.0,543.0,8000,64.82637443666297,57.86921688283957,1.109164215739819
2022/02/25,542.0,546.0,541.0,542.0,3100,61.067221280873476,55.46917728350629,1.0882625984435546
2022/02/28,545.0,547.0,543.0,543.0,3100,62.53422924603863,56.382575518689634,1.0574633506995033
2022/03/01,541.0,549.0,541.0,546.0,8000,61.79116838008994,56.33598251628139,1.058512495939325
2022/03/02,549.0,549.0,542.0,546.0,3900,62.91125271508869,57.51982308735042,1.08000772647428
2022/03/03,546.0,560.0,546.0,559.0,6400,62.601574950194085,57.60013834053479,1.1023069180669338
2022/03/04,553.0,556.0,540.0,540.0,11700,61.520505941915346,56.92282675859383,1.1115114959130394
2022/03/07,539.0,539.0,526.0,526.0,9600,61.35609208822026,56.825744884527765,1.1542383711447939
2022/03/08,517.0,520.0,513.0,519.0,12900,61.57058110190974,57.299155842632885,1.1760099795161678
2022/03/09,511.0,531.0,510.0,527.0,13000,63.23652801656362,58.75321787906087,1.1842918242886176
2022/03/10,538.0,538.0,521.0,525.0,12300,60.604956861564865,56.063156824341085,1.128267662715221
2022/03/11,516.0,526.0,516.0,520.0,6800,62.348439278716775,57.23691711626937,1.145241962151287
2022/03/14,520.0,546.0,520.0,546.0,11300,65.06611374765185,60.09472492391159,1.2449736415614248
2022/03/15,550.0,551.0,539.0,544.0,18200,65.06411133045766,59.789543509184995,1.2315151323035836
2022/03/16,544.0,544.0,530.0,537.0,5500,63.17666098400226,58.24670452835472,1.1958101838285473
2022/03/17,532.0,540.0,530.0,534.0,6000,61.462252301577614,57.33921898979325,1.1449892723123034
2022/03/18,531.0,533.0,530.0,533.0,4600,59.787904515353254,56.74112846450973,1.1275987521672295
2022/03/22,533.0,533.0,532.0,533.0,4900,57.51660699518285,55.05596144963501,1.104760655340361
2022/03/23,535.0,537.0,535.0,537.0,3500,55.28425275329846,53.19084530740197,1.0765062993838599
2022/03/24,537.0,543.0,537.0,543.0,4900,56.17069869765471,54.23811438221543,1.06682132020747
2022/03/25,545.0,548.0,544.0,546.0,4600,57.62904120256827,55.67629710448584,1.0554001085527396
2022/03/28,547.0,547.0,541.0,545.0,4200,58.06455304836503,55.77662215766668,1.0727678980543591
2022/03/29,542.0,548.0,541.0,548.0,3700,58.31393073306113,55.58763701427608,1.0712789994024168
2022/03/30,549.0,549.0,541.0,546.0,3900,58.30086076942985,55.61292945720682,1.0840696250991626
2022/03/31,542.0,548.0,542.0,545.0,5000,59.35102274549775,56.51002538124858,1.0971082409188788
2022/04/01,541.0,548.0,541.0,548.0,3400,61.02576766478761,57.34867936113071,1.0760051683630816
2022/04/04,548.0,548.0,543.0,544.0,1300,60.527740053216874,56.649089131514295,1.0212814032902149
2022/04/05,547.0,547.0,543.0,544.0,4400,59.811242600891724,56.11696539385863,1.0219984148866366
2022/04/06,542.0,545.0,541.0,544.0,4700,60.65109400665647,57.08665752187297,1.0362848870774288
2022/04/07,540.0,544.0,533.0,533.0,8100,60.52494509829206,56.48528984032236,1.0109414304775495
2022/04/08,537.0,548.0,532.0,543.0,6300,61.68731033193413,57.76968068481938,1.002009868455409
2022/04/11,533.0,538.0,533.0,535.0,4400,60.43069644573962,56.75782770181716,0.9469326007181116
2022/04/12,533.0,533.0,526.0,528.0,5900,61.24243433515264,56.97048751679476,0.9564743173164808
2022/04/13,528.0,533.0,523.0,533.0,5100,60.50921720210118,56.63764827462764,0.9461020383417047
2022/04/14,526.0,532.0,526.0,530.0,3800,59.42361053009496,55.92893289541663,0.937596374086741
2022/04/15,522.0,527.0,522.0,523.0,4300,59.07218260420106,55.753151522107046,0.9650222143221656
2022/04/18,522.0,526.0,521.0,523.0,4000,59.60021079430863,55.99538886621256,1.0185047785122783
2022/04/19,525.0,525.0,521.0,522.0,2900,58.21284411659147,54.851318384026925,1.0092058135216402
2022/04/20,522.0,524.0,520.0,524.0,3300,56.99362917512736,53.64701945239674,1.0003179745072937
2022/04/21,521.0,526.0,521.0,524.0,4500,57.64239656919982,54.25806715700866,0.9934462216459437
2022/04/22,524.0,526.0,522.0,525.0,2500,58.43021576729731,54.855388962939614,1.028151522168303
2022/04/25,521.0,527.0,520.0,522.0,4700,59.31255969704854,55.35066433115854,1.0313483474815148
2022/04/26,521.0,523.0,520.0,523.0,3000,59.03235301752767,55.090586292176965,1.0308992086546098
2022/04/27,516.0,529.0,512.0,528.0,20800,60.55977402191953,56.427642468668736,1.0575398555547884
2022/04/28,518.0,526.0,518.0,524.0,5400,59.008009783081526,54.944316305686705,1.0360600824951518
2022/05/02,524.0,530.0,524.0,526.0,5100,60.42910677897767,56.09761064064277,1.0247910740787525
2022/05/06,516.0,526.0,516.0,522.0,3000,59.48738918197718,55.206486931723674,0.9952927376501591
2022/05/09,526.0,526.0,521.0,521.0,5600,60.9306838536154,56.46420649290217,1.0019366613069305
2022/05/10,512.0,519.0,512.0,515.0,5000,58.8965961984684,55.12970962920946,1.0045368819820817
2022/05/11,515.0,519.0,513.0,515.0,4200,58.02658067012142,54.82223565459539,1.0103726483299813
2022/05/12,510.0,516.0,509.0,512.0,10800,57.21063984272773,54.25146225492497,1.01299360266326
2022/05/13,511.0,518.0,511.0,517.0,5800,57.71135625602992,54.866627854875595,1.0041091273613252
2022/05/16,520.0,524.0,516.0,518.0,6700,56.97090402005427,54.80974972399133,1.012143384894071
2022/05/17,514.0,516.0,513.0,513.0,5100,57.41789534013346,55.07097284221221,1.0048248723706361
2022/05/18,509.0,515.0,509.0,513.0,3700,56.2739788638189,54.302277828184074,0.9952017684302084
2022/05/19,509.0,513.0,508.0,509.0,5000,56.9594639853302,54.55388077109063,1.0137887695500252
2022/05/20,509.0,510.0,507.0,510.0,3400,56.73454149768564,54.35101460325599,1.0139133410700536
2022/05/23,511.0,515.0,511.0,515.0,3800,57.0071882008808,54.79670081252075,0.9972808990116807
2022/05/24,511.0,511.0,508.0,509.0,5800,57.25647844559904,54.81362214520521,1.0013876773250112
2022/05/25,508.0,512.0,508.0,510.0,4800,57.69792205010481,55.003412312475255,1.0033735671728425
2022/05/26,508.0,510.0,508.0,508.0,6000,57.38131652974266,54.426059076044794,1.0016338924730517
2022/05/27,508.0,508.0,506.0,506.0,5500,57.548039272136585,54.55841252266366,0.9680499057480517
2022/05/30,506.0,518.0,503.0,518.0,11100,57.43558126440155,54.48427997796633,1.001803130660329
2022/05/31,517.0,518.0,514.0,516.0,11200,57.19055292745039,54.52725362063568,1.005069891982132
2022/06/01,515.0,517.0,513.0,517.0,3600,57.552482506722626,54.69736598024868,0.9922290093126424
2022/06/02,516.0,516.0,513.0,516.0,3500,57.57354249975408,55.22679044331904,1.0120855573047742
2022/06/03,514.0,517.0,513.0,515.0,3500,56.39590806931438,54.8256171241582,1.0076756253512427
2022/06/06,515.0,519.0,515.0,516.0,6300,56.58169068457275,55.04061663679845,0.9862349900918003
2022/06/07,516.0,519.0,515.0,515.0,3900,55.95295146131546,54.41630762656733,0.9815518633969302
2022/06/08,519.0,519.0,515.0,515.0,5800,54.83621747409511,53.29617876831245,0.9702336341245832
2022/06/09,515.0,518.0,514.0,514.0,4600,54.891328834609745,53.20666586255641,0.9669135883836381
2022/06/10,513.0,516.0,513.0,514.0,3400,55.9970530400575,54.12474150917238,0.9727450484704793
2022/06/13,512.0,513.0,510.0,512.0,3700,58.11465312329436,55.44186891930367,0.9938202567336147
2022/06/14,510.0,514.0,506.0,506.0,5500,58.76268992335517,55.89675109842725,0.9963721108300002
2022/06/15,506.0,508.0,505.0,505.0,4200,58.71191838713947,56.17900172465918,1.008194634533789
2022/06/16,505.0,509.0,505.0,505.0,3300,58.05552287166906,55.590643139454144,1.0080086990121446
2022/06/17,502.0,504.0,501.0,502.0,7900,58.64151889126163,55.733859507684144,1.0344414218882667
2022/06/20,505.0,505.0,501.0,501.0,3300,57.74555808542278,55.47988159139131,1.0467132050092218
2022/06/21,501.0,505.0,500.0,500.0,5100,58.043381262321134,55.67866522822143,1.0251431371197408
2022/06/22,499.0,500.0,496.0,496.0,8700,57.71272528874468,54.987644645495095,1.0225255219597778
2022/06/23,496.0,503.0,496.0,500.0,2500,58.13059631501278,55.400290329274746,1.0254216825177964
2022/06/24,504.0,513.0,496.0,496.0,10200,57.52600891234538,55.125712808084785,1.0009309991418582
2022/06/27,496.0,501.0,495.0,499.0,4600,56.84112637592238,54.7616329510598,0.9943124547656492
2022/06/28,499.0,502.0,496.0,502.0,3700,56.34577353469532,54.065355661793745,0.9867696281177795
2022/06/29,501.0,507.0,498.0,507.0,12900,57.44537058489016,54.89318682285408,1.0117062062614424
2022/06/30,509.0,509.0,497.0,503.0,8500,57.89421572212804,55.173306852570626,1.01229203244127
2022/07/01,500.0,503.0,496.0,496.0,10300,58.37321746795726,55.770157715904745,1.030977735800054
2022/07/04,498.0,499.0,495.0,495.0,4300,57.337240479769704,54.65986624500542,1.0173840771282325
2022/07/05,496.0,496.0,495.0,495.0,3400,56.84143611688883,54.53990341494149,1.012861332065099
2022/07/06,495.0,498.0,495.0,495.0,5400,57.1558169664699,54.9195133443545,1.0256022399398947
2022/07/07,495.0,499.0,494.0,495.0,8500,55.89482334558258,53.7223728265254,1.016643700375043
2022/07/08,499.0,499.0,494.0,494.0,8300,55.43279621069864,53.30460089931785,1.0250846115738452
2022/07/11,498.0,498.0,494.0,494.0,6900,56.056067793373856,53.67169519566022,0.9786982737935762
2022/07/12,494.0,498.0,494.0,494.0,5500,57.3665166788204,54.96515955186412,0.9948341115691457
2022/07/13,496.0,499.0,494.0,494.0,5000,56.901175572919335,54.737169585650136,0.9910087272063208
2022/07/14,497.0,499.0,494.0,498.0,5200,56.5319127532376,54.569717902878324,0.9975672430092076
2022/07/15,496.0,498.0,495.0,495.0,3300,55.46020190716102,54.16733849558478,0.9844161490647532
2022/07/19,494.0,494.0,489.0,491.0,14500,53.515733975798426,52.297555180266585,0.9552305226354093
2022/07/20,489.0,494.0,488.0,488.0,11200,55.378366072633845,54.44270072495839,0.9290265550580902
2022/07/21,489.0,493.0,489.0,493.0,6400,56.21151471912261,55.431546843119264,0.9538728553589004
2022/07/22,495.0,495.0,491.0,491.0,4700,55.759539487866505,55.0548235113566,0.950729698683899
2022/07/25,491.0,493.0,490.0,493.0,2400,56.42205993793211,55.64206696997238,0.983374652066974
2022/07/26,495.0,501.0,491.0,498.0,16900,57.04105650891796,56.249747678821514,1.026220311035452
2022/07/27,493.0,497.0,493.0,494.0,7700,55.86477347553473,55.383358835690956,1.0167905524579715
2022/07/28,502.0,502.0,486.0,486.0,49200,55.161632528492845,54.62026439835162,0.9687167608147129
2022/07/29,487.0,492.0,487.0,487.0,7400,54.49547809503324,54.40748347662917,0.9444675159203292
2022/08/01,492.0,492.0,484.0,486.0,7400,54.74616144797994,54.60002473511272,0.9415937176810268
2022/08/02,485.0,488.0,485.0,486.0,3500,55.76512347731624,55.833456879339,0.958255058388115
2022/08/03,491.0,491.0,484.0,484.0,7600,55.12561145625201,55.17281500989534,0.9493888443571376
2022/08/04,484.0,486.0,484.0,484.0,2600,55.22572053989205,55.58175929049788,0.9540520775689867
2022/08/05,484.0,485.0,483.0,484.0,6400,55.18332755224411,55.377375356176685,0.9339836010780616
2022/08/08,482.0,483.0,481.0,481.0,9400,54.89615238551675,55.17579537049136,0.9623140901826035
2022/08/09,484.0,484.0,481.0,482.0,5800,55.50003097857462,55.701255662189574,0.9703116427340776
2022/08/10,484.0,484.0,481.0,484.0,4400,56.19908208165272,56.28466136221034,0.9736675836716269
2022/08/12,484.0,493.0,484.0,493.0,9300,55.792051102239135,56.44399655734451,0.9557587598519711
2022/08/15,494.0,496.0,489.0,496.0,12500,55.172931889151855,56.12745065765032,0.9640629183507798
2022/08/16,488.0,488.0,481.0,487.0,11800,54.29967411064639,55.24667062632659,0.9364491343464774
2022/08/17,483.0,487.0,481.0,482.0,17900,53.403949741095346,54.23261312043055,0.919813208262426
2022/08/18,481.0,485.0,480.0,481.0,12300,53.028740661793236,53.62009839133549,0.9245550129259049
2022/08/19,481.0,483.0,481.0,481.0,7100,52.34572736179183,52.86086908432127,0.947038736738422
2022/08/22,480.0,485.0,480.0,482.0,6700,53.70298104665683,54.056608790410976,0.9440878467612653
2022/08/23,481.0,482.0,480.0,480.0,5600,54.59073291964218,54.95133280373257,0.953770399983537
2022/08/24,480.0,480.0,477.0,477.0,15200,54.375158875590515,54.63993705981749,0.9537553747993643
2022/08/25,479.0,480.0,477.0,480.0,3800,53.93113485053469,54.2079352647429,0.9341909421144579
2022/08/26,478.0,479.0,477.0,479.0,4400,53.13470479649979,53.64403682104623,0.935995346626275
2022/08/29,479.0,479.0,476.0,476.0,5100,54.59942366739987,54.94578296529545,0.9681205187731977
2022/08/30,478.0,478.0,476.0,477.0,2900,55.06443377793405,55.056650746800614,0.9575858065247247
2022/08/31,475.0,476.0,475.0,475.0,5700,55.487730160924734,55.278627356271656,0.9609467247494762
2022/09/01,476.0,476.0,471.0,472.0,10600,56.7658090817923,56.378213543582504,0.9539200827418571
2022/09/02,471.0,471.0,469.0,469.0,10100,58.81627737168223,58.30019721924342,0.9684027795783567
2022/09/05,468.0,468.0,467.0,467.0,4400,60.20379569961706,59.33032787252066,0.9834569895696688
2022/09/06,467.0,469.0,463.0,463.0,11700,60.261119681087905,59.60049049651162,0.9798771690351827
2022/09/07,462.0,463.0,458.0,461.0,10000,61.03880061519726,60.223450498919604,0.98330385789457
2022/09/08,463.0,465.0,462.0,465.0,7000,59.90254609665976,59.09514479285952,0.9495862071801238
2022/09/09,460.0,463.0,460.0,462.0,7200,60.30119139811624,59.59329035934326,0.9391505495539324
2022/09/12,462.0,462.0,460.0,460.0,6800,59.551722713855106,59.13745437522737,0.9280778240070676
2022/09/13,459.0,460.0,457.0,458.0,4600,59.50296224291024,59.21230517470269,0.9214969838813571
2022/09/14,456.0,457.0,452.0,452.0,12300,60.16476004515613,59.049300363261416,0.9320879263925036
2022/09/15,456.0,456.0,450.0,452.0,11100,59.961510432939455,59.07092157164091,0.9687692940426497
2022/09/16,450.0,450.0,449.0,449.0,9100,60.95222128355123,59.68482645773898,0.9936354217421439
2022/09/20,449.0,449.0,446.0,449.0,10200,60.410196577886474,59.4310026290079,0.9820529083984861
2022/09/21,445.0,446.0,442.0,442.0,10600,60.18134422139101,59.002045624026444,0.9852471293680055
2022/09/22,440.0,440.0,431.0,431.0,16200,59.86598067730282,58.638425880688104,0.964482937717012
2022/09/26,425.0,427.0,422.0,422.0,13300,60.35072347251691,59.07282436114761,0.9526165918851655
2022/09/27,422.0,422.0,404.0,405.0,29100,56.72679754990265,55.50432412571366,0.9185867260736938
2022/09/28,401.0,401.0,391.0,398.0,20900,55.668988299420676,54.187171309607685,0.9009633650883992
2022/09/29,398.0,420.0,398.0,420.0,21000,57.79926095677538,56.328957382039704,1.0120022986727828
2022/09/30,423.0,423.0,408.0,410.0,17500,56.70772750452865,55.30928362829874,1.0098816916840971
2022/10/03,410.0,423.0,409.0,416.0,15500,56.49211837178525,55.625361490017866,0.9891120274884573
2022/10/04,419.0,429.0,417.0,427.0,10100,55.57180060918372,55.06938991729678,0.9681939014985043
2022/10/05,427.0,432.0,427.0,428.0,8000,55.2727961701913,55.278151691572255,0.966185170822021
2022/10/06,425.0,428.0,423.0,425.0,8500,55.14847702277683,54.902861273876105,0.9606489510267937
2022/10/07,420.0,422.0,416.0,416.0,12400,54.88660069754901,54.593121074735826,0.9548717726641509
2022/10/11,410.0,413.0,401.0,402.0,17300,55.10959548098343,54.607787842862244,0.9804801792614751
2022/10/12,400.0,400.0,396.0,400.0,9700,55.02181695253182,54.507809938038335,0.9779922700754398
2022/10/13,402.0,404.0,396.0,397.0,5300,56.47135434162627,55.59910293138833,0.9816057760826947
2022/10/14,398.0,400.0,397.0,397.0,10900,55.83022061656864,55.47812509836838,0.9458849959855118
2022/10/17,397.0,403.0,397.0,399.0,8700,56.83620302261422,56.327157425414875,0.9602389817207168
2022/10/18,402.0,404.0,398.0,403.0,7900,57.04755497186602,56.51587259628174,0.9546119414796954
2022/10/19,406.0,411.0,404.0,411.0,7100,58.19648769189774,57.71135000090173,0.9713449937556023
2022/10/20,411.0,411.0,404.0,408.0,6900,57.06667661342052,56.66948325858684,0.969186640838483
2022/10/21,405.0,405.0,400.0,400.0,8800,56.75164939588223,56.36532300876027,0.9507923066183228
2022/10/24,404.0,404.0,396.0,398.0,8300,56.189549569874764,56.03531650129,0.9417063930685636
2022/10/25,401.0,401.0,396.0,401.0,10000,57.568265185903165,57.042178002054925,0.9359217702269881
2022/10/26,402.0,408.0,400.0,401.0,8700,57.71499565682146,57.121450511051286,0.9288498453473367
2022/10/27,399.0,404.0,399.0,404.0,7600,61.00136256670161,60.73785828723452,1.0404031228376092
2022/10/28,401.0,408.0,400.0,401.0,26900,62.767180771681076,62.05074714496136,1.0421550741599876
2022/10/31,403.0,403.0,396.0,396.0,11700,62.767625683258274,61.89710116138216,0.8986003562034222
2022/11/01,396.0,398.0,396.0,398.0,5300,61.968781090684566,60.89475156688613,0.8997272699768591
2022/11/02,398.0,399.0,396.0,397.0,11300,60.4783452907907,59.48350571914882,0.8988703900046122
2022/11/04,400.0,400.0,397.0,397.0,7000,61.218472247477976,59.931988554968804,0.9334724616462498
2022/11/07,398.0,402.0,398.0,402.0,5400,61.911827843603476,60.77871246943018,0.965079812613808
2022/11/08,406.0,408.0,398.0,398.0,25300,60.60607851205114,59.48476378905318,0.943188310484967
2022/11/09,402.0,402.0,398.0,400.0,4000,60.79093411537551,59.623297225259044,0.9500320851579005
2022/11/10,397.0,406.0,397.0,403.0,10100,61.413760997529224,59.87944635167173,0.9706013610349637
2022/11/11,401.0,407.0,398.0,407.0,7500,60.99976806158162,60.07607166802145,0.9620356476318935
2022/11/14,407.0,415.0,405.0,415.0,11100,63.22049365412825,62.1501950729203,0.9932961715701587
2022/11/15,410.0,410.0,407.0,409.0,4100,64.05358549300809,62.79917353812673,0.9818359045292652
2022/11/16,408.0,408.0,402.0,402.0,4500,63.0828479310792,61.83216494308596,0.9739788466679854
2022/11/17,401.0,401.0,398.0,398.0,8800,63.328775990279276,61.86412219327176,0.9728856566911253
2022/11/18,398.0,401.0,398.0,399.0,8900,64.94678361831807,63.31609172630671,0.9548970110685367
2022/11/21,398.0,401.0,398.0,399.0,9100,68.34715621955785,66.4324376019684,0.9663699873248143
2022/11/22,403.0,403.0,400.0,403.0,8200,70.47195405790116,68.44353676723568,0.9581209753388589
2022/11/24,404.0,408.0,402.0,405.0,9200,74.76500559913923,72.18156874227746,0.9582444321896515
2022/11/25,408.0,408.0,404.0,405.0,6500,75.40476073073205,72.96210479312592,0.9644549276926524
2022/11/28,408.0,408.0,407.0,408.0,4700,76.44668893281013,73.99909910560666,0.988278596694774
2022/11/29,408.0,412.0,407.0,407.0,21600,76.37191974372428,74.4429951051103,0.9923127942043657
2022/11/30,409.0,409.0,404.0,404.0,3300,74.17610013594285,72.43835597364419,0.9907688919547795
2022/12/01,406.0,408.0,404.0,405.0,4100,74.29428218909399,73.27403630789412,0.9944750149912555
2022/12/02,405.0,405.0,400.0,400.0,6800,71.81922278545538,71.31570752626487,1.0110316726808026
2022/12/05,402.0,404.0,401.0,402.0,6600,72.71093659834304,72.41904587476765,1.0041802816529053
2022/12/06,404.0,404.0,400.0,400.0,3000,72.24288688903714,72.23509977499259,0.9998112160469407
2022/12/07,399.0,403.0,399.0,401.0,6500,72.95060839467365,71.91969291003123,1.001979758571223
2022/12/08,404.0,404.0,398.0,398.0,6600,72.35841574270201,71.2223838731412,1.0228270277699156
2022/12/09,398.0,400.0,398.0,400.0,7600,71.15099568918333,70.30341310066761,1.0074321910324735
2022/12/12,400.0,400.0,399.0,399.0,1900,71.62970144166518,70.37348372019669,0.9623453685120649
2022/12/13,400.0,400.0,397.0,399.0,5400,70.82364815883432,69.9215101827999,0.958323746258674
2022/12/14,398.0,405.0,397.0,401.0,19600,71.73850998456078,71.21320952491695,0.9628684410279852
2022/12/15,400.0,402.0,400.0,400.0,2600,75.90986402252759,74.71421464024961,0.9738398804322871
2022/12/16,401.0,401.0,397.0,397.0,8500,74.98903747108983,73.58364909728245,0.992611503714368
2022/12/19,397.0,398.0,396.0,396.0,8900,75.35798974941925,73.69411469952752,1.0095897075334082
2022/12/20,400.0,400.0,395.0,396.0,6700,79.00714676071819,76.08575833366483,1.0133349846871536
2022/12/21,395.0,399.0,392.0,394.0,17400,79.4167073216872,76.40062261828047,1.012880441738704
2022/12/22,395.0,398.0,394.0,394.0,4700,78.39649641903107,75.23417763228699,1.0069448330853534
2022/12/23,394.0,398.0,393.0,398.0,5700,80.56166805519376,76.86897431268171,1.029584948285042
2022/12/26,400.0,400.0,395.0,399.0,17500,81.75646094013513,78.26581745204685,1.023658974882412
2022/12/27,400.0,404.0,398.0,402.0,17100,83.8411484579444,80.0694184333656,1.0453430079339028
2022/12/28,399.0,400.0,395.0,398.0,11900,80.58625812354822,76.89249069314407,1.0232348980918233
2022/12/29,397.0,397.0,381.0,390.0,24900,77.8165136128078,74.13608739167188,0.9742323265918558
2022/12/30,389.0,393.0,389.0,390.0,3400,78.76531011868761,75.27978283437311,0.982446675665834
2023/01/04,390.0,390.0,383.0,386.0,7600,78.90040099406554,75.51202064181525,0.9693370702349732
2023/01/05,383.0,385.0,380.0,380.0,8300,76.64548122761124,74.2318776415617,0.9528491947639431
2023/01/06,375.0,378.0,375.0,378.0,10700,75.62979773494544,73.38797019773452,0.9449756950892324
2023/01/10,386.0,386.0,378.0,380.0,6000,75.45412014058586,73.92327544185481,0.9615360534503538
2023/01/11,381.0,382.0,377.0,377.0,5500,75.24180358521828,73.47157845212912,0.9419239492814854
2023/01/12,377.0,377.0,371.0,371.0,8300,74.83230431816736,73.02192928273365,0.9140746710590958
2023/01/13,371.0,372.0,362.0,362.0,13400,73.54428368818603,70.97857653591161,0.876945045825542
2023/01/16,360.0,364.0,360.0,364.0,7700,75.21632944136178,72.19851637721024,0.872840890628184
2023/01/17,361.0,364.0,360.0,362.0,9600,73.8378330721383,71.01150712466473,0.862611807713257
2023/01/18,363.0,377.0,363.0,370.0,10900,71.98054048926352,69.65683542518867,0.8833685786299381
2023/01/19,370.0,373.0,370.0,370.0,3500,73.70544054524385,70.91383381533579,0.8772578454678321
2023/01/20,371.0,378.0,371.0,376.0,5700,73.81009286341657,71.22357800867532,0.9282511216272574
2023/01/23,378.0,380.0,377.0,378.0,3700,71.64251001989709,69.31355009562556,0.9206490892011882
2023/01/24,380.0,383.0,380.0,383.0,4600,70.48983545340049,68.18296212194608,0.9126404854935884
2023/01/25,383.0,384.0,378.0,383.0,7000,69.54620715654637,67.37040137258212,0.9089574846668708
2023/01/26,384.0,384.0,380.0,380.0,3500,68.57355828911477,66.77086114947114,0.9045090563336001
2023/01/27,381.0,383.0,381.0,381.0,5600,69.61500969139782,67.54205875049037,0.910214599358541
2023/01/30,386.0,388.0,375.0,375.0,31100,69.51086965251937,67.5410419602104,0.8885943960514238
2023/01/31,376.0,378.0,375.0,376.0,3800,70.0336546183863,67.8424965297408,0.893194885176785
2023/02/01,380.0,384.0,373.0,384.0,8800,71.86280462062922,70.08455904660002,0.9153434965971113
2023/02/02,384.0,384.0,378.0,380.0,3700,70.74361908199995,69.52249454207579,0.9122752287250874
2023/02/03,380.0,380.0,377.0,378.0,3400,70.87320143688767,69.62094770286814,0.9090289238779826
2023/02/06,379.0,384.0,374.0,384.0,4900,71.15493087449404,70.37147602002891,0.9368209541816029
2023/02/07,384.0,387.0,381.0,387.0,13700,70.23855246151065,69.49775401021864,0.9430818180706292
2023/02/08,385.0,386.0,380.0,381.0,3700,69.58556275757947,68.53798091152143,0.9315566183775033
2023/02/09,381.0,386.0,381.0,382.0,2200,68.98332469903681,67.9300708551548,0.9326223425655017
2023/02/10,382.0,382.0,377.0,377.0,4000,66.35659654104772,65.8841555213374,0.9411693863729971
2023/02/13,377.0,378.0,376.0,376.0,1100,66.7685222580728,66.01806289524717,0.9712667833992409
2023/02/14,376.0,376.0,369.0,373.0,11800,64.7117612741438,63.873365186165756,0.9541965415758757
2023/02/15,369.0,373.0,367.0,373.0,8200,65.11148420786522,63.86113572000561,0.9567635674043654
2023/02/16,372.0,380.0,372.0,380.0,7300,65.43603126738957,64.22692277192313,0.9886771350643171
2023/02/17,369.0,377.0,369.0,374.0,13800,65.71909484671507,64.4035349301097,0.9734389011655877
2023/02/20,411.0,416.0,383.0,398.0,244900,70.86008214657775,69.2678434730049,1.075914913741066
2023/02/21,397.0,398.0,387.0,398.0,52300,70.30693663683512,68.77264768457786,1.0770939551918752
2023/02/22,398.0,398.0,389.0,391.0,11200,68.99602548933765,67.71772880930067,1.0867259423706908
2023/02/24,388.0,395.0,388.0,393.0,18100,69.92885776794007,68.41918551955601,1.1002015396242495
2023/02/27,393.0,414.0,393.0,409.0,51300,72.85821082368074,71.32140859072176,1.1485586918788682
2023/02/28,406.0,406.0,398.0,405.0,42300,72.55196216689448,70.59928778277452,1.1455236584866646
2023/03/01,402.0,402.0,399.0,400.0,7900,70.26886425560612,68.20435409740715,1.138175972802367
2023/03/02,405.0,405.0,400.0,403.0,8400,69.67689014806959,68.0169917138985,1.1337683434048629
2023/03/03,403.0,407.0,401.0,406.0,13900,69.95701272167068,68.68570529410748,1.1182594610771401
2023/03/06,410.0,412.0,401.0,401.0,16100,68.09221162694014,67.15928250290199,1.1020128430547003
2023/03/07,400.0,405.0,400.0,403.0,11600,67.99921117874732,66.82311914861363,1.0982741512786611
2023/03/08,403.0,405.0,400.0,404.0,6400,66.61656711687397,65.73539918360031,1.0945252357543631
2023/03/09,405.0,405.0,400.0,405.0,10200,69.23874056988336,68.16398266475272,1.0872616690747852
2023/03/10,401.0,403.0,400.0,400.0,17900,68.77489073284482,68.13719068220504,1.1261936639527061
2023/03/13,395.0,400.0,394.0,400.0,9200,66.61364601734603,66.35103901956822,1.1612446751884924
2023/03/14,394.0,399.0,393.0,397.0,12600,67.9498643918894,68.44721889726341,1.294596256680914
2023/03/15,397.0,403.0,397.0,399.0,14100,70.29735858169434,70.25058721179666,1.2902806901237023
2023/03/16,396.0,403.0,393.0,403.0,12000,74.4686882212786,73.98420299698932,1.3672349287194525
2023/03/17,402.0,405.0,401.0,403.0,11000,74.20908110526896,73.67457667288812,1.3387008380953265
2023/03/20,398.0,398.0,393.0,393.0,7200,74.49550104403642,73.90327048014096,1.1006501806511275
2023/03/22,394.0,396.0,392.0,394.0,5900,74.90268097362528,73.96002978521624,1.082481269770543
2023/03/23,399.0,399.0,393.0,394.0,7700,74.38784712496206,73.45845424225928,1.1239782643911245
2023/03/24,393.0,395.0,391.0,391.0,3700,73.6111047185806,72.5694403074577,1.1288577511483293
2023/03/27,391.0,395.0,391.0,394.0,2900,73.52234045674368,72.71845715331095,0.9767444708829964
2023/03/28,393.0,393.0,391.0,393.0,4100,73.62864936149542,72.62659779977865,0.9746573935587549
2023/03/29,391.0,399.0,391.0,396.0,9500,72.90064705702048,71.51414945028517,0.963445181204513
2023/03/30,399.0,402.0,396.0,400.0,13700,73.49620131907486,72.02823844440641,0.9809907847949177
2023/03/31,398.0,399.0,395.0,399.0,7800,71.8352263162927,70.65771123162193,0.9805292690160765
2023/04/03,400.0,403.0,396.0,397.0,14300,71.80856055125804,70.66130170323758,1.0314007102023874
2023/04/04,400.0,400.0,394.0,394.0,5300,71.14771570459493,69.78973400351069,1.0095281052928808
2023/04/05,394.0,398.0,393.0,395.0,9000,71.40167413693622,70.38020236599974,1.0314870506168645
2023/04/06,397.0,397.0,392.0,392.0,8200,71.9824007080221,70.98178713629467,1.0178771458605018
2023/04/07,392.0,393.0,390.0,390.0,4800,70.43334528298625,69.31452291171566,1.004228247399738
2023/04/10,395.0,397.0,391.0,392.0,5400,71.11762770205723,70.04996909764112,0.989911444671446
2023/04/11,393.0,394.0,391.0,392.0,5800,70.01922610257141,69.46326735994633,0.9831261818394431
2023/04/12,392.0,397.0,392.0,395.0,7500,70.83860580346607,69.79357053114047,0.9961871990401825
2023/04/13,395.0,398.0,395.0,396.0,9600,72.10327713957695,71.00035153070903,0.9778771353229078
2023/04/14,398.0,398.0,395.0,395.0,2600,71.81418027374652,70.9461211700927,0.967912762177215
2023/04/17,396.0,397.0,396.0,396.0,2700,71.16288827234436,70.22997366176767,0.9538614674087954
2023/04/18,398.0,398.0,396.0,397.0,1800,71.611936568658,70.6431434606819,0.9488172318326755
2023/04/19,398.0,398.0,395.0,396.0,3200,71.90333643340315,70.9341935931858,0.9458915303440799
2023/04/20,393.0,397.0,393.0,396.0,2900,72.65982959028818,71.43289395846168,0.9603776424952682
2023/04/21,395.0,397.0,394.0,394.0,3500,71.21407637090067,70.25688256295713,0.9592378377391593
2023/04/24,394.0,398.0,394.0,395.0,3100,70.37040445002239,69.69735197126346,0.961502650302535
2023/04/25,398.0,400.0,396.0,398.0,7800,70.99434262212966,70.00148542506825,0.9659520476611367
2023/04/26,398.0,400.0,396.0,398.0,8100,69.99434432236174,69.30274881828808,0.9746696186121859
2023/04/27,397.0,401.0,396.0,396.0,28400,71.29757011514997,70.63142060914339,0.9695727345118953
2023/04/28,400.0,400.0,397.0,400.0,10200,70.675105424075,70.1640923508552,0.9700586790658631
2023/05/01,400.0,405.0,398.0,404.0,19000,70.72806810777978,70.16391677686782,0.9893517647768075
2023/05/02,404.0,404.0,400.0,401.0,6200,71.14393878724955,70.91203663014898,0.9850896107892525
2023/05/08,405.0,405.0,401.0,401.0,6900,69.97370598961727,69.80206689014243,0.9811886808625121
2023/05/09,401.0,403.0,400.0,400.0,9000,69.50068825458193,68.9618239309708,0.972310326252152
2023/05/10,403.0,405.0,399.0,402.0,11100,70.26228558972366,69.27313929200338,0.9817509406327726
2023/05/11,402.0,403.0,397.0,401.0,20600,69.23703722475445,68.7737684011492,0.9865944047549775
2023/05/12,399.0,401.0,399.0,399.0,3300,69.40111286935591,68.62822664028232,0.9733582197541387
2023/05/15,399.0,402.0,399.0,400.0,13200,69.19400948498021,68.0337050292366,0.9754384967413385
2023/05/16,400.0,405.0,398.0,402.0,30500,70.00393084564027,68.76719357572439,0.9788294812208801
2023/05/17,402.0,404.0,401.0,402.0,8400,70.07574959295269,69.22031575345872,0.9764734149045485
2023/05/18,402.0,404.0,402.0,402.0,5900,68.20365481875854,68.0798581029569,0.9719306038226078
2023/05/19,402.0,403.0,401.0,401.0,6800,68.24194643946318,68.2858400820928,0.9710792031759926
2023/05/22,401.0,403.0,400.0,402.0,4700,67.80016302978784,67.96581796083055,0.9642518311312566
2023/05/23,402.0,403.0,400.0,400.0,5700,67.89942981156975,68.28804633520613,0.9810321722458851
2023/05/24,400.0,403.0,399.0,401.0,8100,68.3645435067832,68.55171063035883,0.9877022548563341
2023/05/25,400.0,403.0,400.0,403.0,14500,68.52283702005812,69.40323461477726,0.9868377995303896
2023/05/26,400.0,400.0,398.0,398.0,6500,68.13695455525477,69.17929925338399,0.9704189668519728
2023/05/29,402.0,402.0,398.0,399.0,3300,67.49749866087298,68.53485656531035,0.9690032986733914
2023/05/30,399.0,399.0,398.0,398.0,3800,67.16448116975577,68.32450944638413,0.9688238749125225
2023/05/31,398.0,400.0,397.0,397.0,4000,68.26200230586767,69.86973486315762,0.98092681973809
2023/06/01,397.0,398.0,394.0,394.0,4700,67.20270001496142,68.437749102002,0.9743537416851917
2023/06/02,395.0,396.0,394.0,394.0,3500,67.3734312824524,67.757636951829,0.9577269601301936
2023/06/05,394.0,396.0,393.0,393.0,6200,65.99384517043401,66.53243282912675,0.9395088098924049
2023/06/06,393.0,394.0,391.0,391.0,4300,65.26545527168493,66.1022118737063,0.9317645726199892
2023/06/07,391.0,392.0,390.0,390.0,8100,66.99718362777676,67.61680254557882,0.9450221489667607
2023/06/08,390.0,391.0,389.0,389.0,5200,67.5612504960291,67.99887875955133,0.9649300360132305
2023/06/09,389.0,389.0,382.0,384.0,21800,64.42556543206409,65.26250736814174,0.9117719643472416
2023/06/12,387.0,392.0,387.0,390.0,4400,63.38052371739516,64.68163531202403,0.9632573288180363
2023/06/13,393.0,394.0,391.0,391.0,6100,62.321200566677014,64.09113186893912,0.9542559528087464
2023/06/14,390.0,391.0,388.0,389.0,6000,60.52984486340108,62.305455423839916,0.9378528926330567
2023/06/15,388.0,389.0,387.0,387.0,3400,60.48947419220417,62.39712061285755,0.9173458304464488
2023/06/16,386.0,389.0,386.0,386.0,5000,59.22842903507832,61.36726979646843,0.9139137060308631
2023/06/19,388.0,390.0,385.0,388.0,5400,59.80910525177219,61.50098580398694,0.9430948340574508
2023/06/20,386.0,391.0,386.0,390.0,6900,61.31413634047929,63.394531164480995,0.9548685681406729
2023/06/21,388.0,391.0,388.0,388.0,4000,60.92512606341389,63.1478905636929,0.9466403962600056
2023/06/22,388.0,389.0,387.0,387.0,4500,60.89469584739212,62.41004833442179,0.9405799014594003
2023/06/23,390.0,390.0,388.0,388.0,6900,63.2171556840202,64.47818389801655,0.9455272421918957
2023/06/26,389.0,391.0,388.0,389.0,3200,64.06270915392379,65.09932752588881,0.9554256708065608
2023/06/27,389.0,391.0,389.0,390.0,1900,64.5839183696759,65.74773754954224,0.9595528881245537
2023/06/28,390.0,391.0,388.0,390.0,7800,62.116434562169296,63.3686725699255,0.9408520054711687
2023/06/29,390.0,390.0,388.0,389.0,9000,61.416715512120234,63.0078196038792,0.9404694740635271
2023/06/30,388.0,391.0,388.0,389.0,9600,61.28721246434792,63.22718072465779,0.933253072476797
2023/07/03,388.0,392.0,388.0,392.0,6900,61.3619577114555,63.79924389860576,0.9888597510950449
2023/07/04,398.0,398.0,394.0,396.0,7600,63.24710404840792,65.18017490688821,1.0278031195632873
2023/07/05,395.0,396.0,393.0,393.0,4000,62.1736654944007,63.8988953729871,1.0194193136724408
2023/07/06,393.0,394.0,392.0,392.0,3000,64.01106492813629,65.46336766935079,1.039168066857186
2023/07/07,392.0,392.0,389.0,389.0,5100,64.47040381081653,65.91226250775858,1.0277288999086887
2023/07/10,391.0,393.0,390.0,391.0,4800,65.92749045763672,67.55357054780355,1.0448988138594537
2023/07/11,393.0,393.0,389.0,389.0,6100,64.39903067603022,66.31208376388587,1.040133755387711
2023/07/12,388.0,390.0,388.0,389.0,2800,65.27278063868557,66.95418304126527,1.046254048024101
2023/07/13,392.0,392.0,389.0,389.0,3000,64.19566548276656,65.92852491021067,1.0480800388592877
2023/07/14,392.0,392.0,388.0,389.0,6000,64.9926836792242,66.42121270766694,1.069627697374236
2023/07/18,389.0,389.0,388.0,389.0,3400,65.73752562959505,66.93242949430167,1.0573876196386198
2023/07/19,389.0,391.0,389.0,391.0,2600,67.41920258024257,68.43201814567236,1.05236913135071
2023/07/20,391.0,391.0,389.0,389.0,2100,67.52081560209882,68.07494852298578,1.0428342363678258
2023/07/21,389.0,390.0,387.0,388.0,11400,68.28462259140102,68.32528074521849,1.0550754379916283
2023/07/24,388.0,390.0,388.0,388.0,4500,66.66418584854574,67.04169528147308,1.018313350220525
2023/07/25,388.0,389.0,388.0,389.0,1900,66.09701038296146,66.41598730902754,1.0180943878609612
2023/07/26,389.0,389.0,388.0,389.0,900,66.80703857641024,67.10991051033658,1.0176467387766388
2023/07/27,388.0,389.0,387.0,389.0,9400,67.68940560195638,67.96456843089196,1.0072084234745833
2023/07/28,389.0,390.0,387.0,387.0,35100,67.4401820591715,67.31346913885295,1.0299781685151492
2023/07/31,387.0,389.0,386.0,389.0,6500,67.54507204256849,67.55023033332311,1.016117508876961
2023/08/01,389.0,391.0,387.0,391.0,12000,66.31710412365254,66.27597844904267,1.0189942537537815
2023/08/02,393.0,396.0,391.0,394.0,22600,69.04578779915344,68.28437893877533,1.0417361294805851
2023/08/03,391.0,396.0,391.0,391.0,8200,70.16656590786293,68.76110935115571,1.0099114723083538
2023/08/04,392.0,393.0,391.0,393.0,3200,71.06674864104633,69.50888080135674,1.0166628470858379
2023/08/07,390.0,395.0,390.0,393.0,18900,71.55881176261558,69.8092884048672,0.9874050856958374
2023/08/08,392.0,396.0,392.0,394.0,6400,70.69132131776256,69.09073909320676,0.9883237803263144
2023/08/09,396.0,396.0,392.0,393.0,4100,70.14223284994165,68.78614188581192,0.9870073294237887
2023/08/10,391.0,400.0,391.0,400.0,14500,71.32505862008142,69.50077940408835,0.9993020162536185
2023/08/14,403.0,410.0,400.0,410.0,110900,74.44121298873503,71.93654882028939,1.0336227425560591
2023/08/15,407.0,407.0,388.0,396.0,73500,72.81427520067301,70.36664432243268,0.8399512356983498
2023/08/16,397.0,397.0,391.0,391.0,6300,74.62379938893977,72.01203757043703,0.8402836556725559
2023/08/17,390.0,394.0,389.0,393.0,17600,74.77111334880242,72.18332755602081,0.8425725709102861
2023/08/18,389.0,396.0,389.0,396.0,9300,75.73076651127545,73.39495754855412,0.860718422308401
2023/08/21,397.0,397.0,393.0,395.0,6600,74.75581831899032,72.85027544196724,0.8579940235229692
2023/08/22,395.0,396.0,394.0,396.0,6400,73.68469233012439,71.78491510387485,0.8499645080236595
2023/08/23,396.0,396.0,393.0,395.0,7900,73.24578083619446,71.54021646216752,0.845712376905935
2023/08/24,396.0,399.0,395.0,399.0,8600,73.3206029957372,71.85585303880457,0.8471066731535315
2023/08/25,397.0,398.0,394.0,395.0,12400,74.68525617111717,72.02782023232017,0.842759322762264
2023/08/28,399.0,399.0,396.0,398.0,6700,72.46057270019851,70.68101241392296,0.863603500239685
2023/08/29,396.0,399.0,396.0,396.0,4000,72.63373292852131,70.94380906798327,0.8584274960779038
2023/08/30,399.0,399.0,395.0,398.0,8900,72.79686472416536,71.10467936867056,0.8552926081081763
2023/08/31,398.0,402.0,396.0,402.0,17700,72.22443295130309,70.68812142047267,0.8547062094090142
2023/09/01,402.0,404.0,400.0,404.0,12700,72.8162108509431,70.75912036189501,0.8330817879700209
2023/09/04,404.0,408.0,400.0,407.0,18100,73.07726534182504,70.8159614458008,0.8335561145046387
2023/09/05,407.0,407.0,400.0,405.0,12100,73.14802568104398,70.87231595814704,0.8290589279711044
2023/09/06,401.0,406.0,401.0,406.0,9000,72.67437808862212,70.51538477502535,0.8232410402604963
2023/09/07,406.0,406.0,403.0,406.0,5000,74.27555869419047,71.71469956329307,0.8315182448445443
2023/09/08,403.0,404.0,401.0,403.0,12200,75.47976940020142,72.67936505734421,0.8359491585379053
2023/09/11,403.0,409.0,403.0,409.0,18700,78.16264095186439,74.58965420445071,0.833313266909976
2023/09/12,410.0,414.0,406.0,409.0,57100,77.96238404115049,74.54202196446495,0.827744623076967
2023/09/13,410.0,420.0,409.0,417.0,37500,78.46913495714021,75.53312423042968,0.8555646987185311
2023/09/14,420.0,437.0,418.0,435.0,51600,80.88337817552762,78.03028469215309,1.0192735311116656
2023/09/15,453.0,456.0,430.0,435.0,110200,79.64693865486537,77.34024007976495,0.9888959687295794
2023/09/19,432.0,444.0,430.0,438.0,63900,81.25144443748158,78.16171063046185,0.9740767292007607
2023/09/20,432.0,439.0,431.0,434.0,19100,81.21049348645836,78.38879422860656,0.9860148709057633
2023/09/21,434.0,479.0,432.0,459.0,126400,88.78406338735276,85.61687303859148,1.036042129746959
2023/09/22,461.0,507.0,459.0,497.0,258800,96.07032426122069,92.39730265863128,1.0930816733526985
2023/09/25,481.0,510.0,481.0,490.0,188700,93.91664128495894,90.74346292420347,1.075088024465858
2023/09/26,490.0,490.0,451.0,457.0,137700,92.78514775279272,89.10407660260803,1.0185902030941236
2023/09/27,453.0,473.0,445.0,452.0,94000,91.82415464519505,88.54075253702285,1.0152856309559726
2023/09/28,453.0,471.0,453.0,457.0,44000,90.20217662649277,86.69467966252056,1.0402591331942932
2023/09/29,457.0,478.0,448.0,452.0,55100,89.75621056376725,87.11459989235657,1.052563342732799
2023/10/02,455.0,456.0,431.0,431.0,41200,85.52006773773398,82.7068090403661,1.0717091028876324
2023/10/03,426.0,464.0,425.0,464.0,108100,93.89579928325279,91.06356173023785,1.1469615994661186
2023/10/04,450.0,496.0,447.0,458.0,89600,95.06867956689953,92.25347707953507,1.1578100729035337
2023/10/05,462.0,470.0,453.0,460.0,46900,95.12509551732605,91.9174761822599,1.1481993658549408
2023/10/06,460.0,467.0,454.0,461.0,26600,96.95003383770364,93.32993635723676,1.1552105103700323
2023/10/10,469.0,470.0,445.0,446.0,42400,92.26500992305733,89.78727259907096,1.0992095042449936
2023/10/11,445.0,456.0,439.0,451.0,38000,93.19248040878593,91.31038113560722,1.1149828836318383
2023/10/12,449.0,460.0,448.0,453.0,20500,92.1333421308003,90.34051184506208,1.1105138116252455
2023/10/13,453.0,467.0,449.0,466.0,22400,98.4009142909321,96.5068593771096,1.1291811366280435
2023/10/16,469.0,498.0,467.0,486.0,107900,103.01680168462497,100.69710109258911,1.1701703743638587
2023/10/17,488.0,492.0,477.0,486.0,42400,102.21222064678534,100.04239433871469,1.1584850363448278
2023/10/18,496.0,508.0,488.0,504.0,121700,104.3157341359232,101.77716463804578,1.1839582765923042
2023/10/19,500.0,508.0,481.0,488.0,84800,102.77379941261458,100.12803952052167,1.1733788797704559
2023/10/20,492.0,496.0,467.0,473.0,51500,101.72348650132305,98.66075632301093,1.1423017700018372
2023/10/23,481.0,503.0,481.0,484.0,79500,105.81975298409441,102.50868871719125,1.0097256070063363
2023/10/24,485.0,499.0,469.0,499.0,53300,109.16736636614388,105.91298772166043,1.0110746465890519
2023/10/25,500.0,504.0,493.0,500.0,36500,109.38399994885806,106.09399584785359,1.0085284922360487
2023/10/26,497.0,505.0,484.0,486.0,74800,107.49541851862361,103.0609004926568,1.1530855861418619
2023/10/27,486.0,498.0,478.0,492.0,26600,107.30700830318042,103.3422696999766,1.1618794243011714
2023/10/30,489.0,503.0,482.0,482.0,88600,109.38762685492645,105.25302640068428,1.155658245943731
2023/10/31,482.0,496.0,473.0,494.0,35800,111.33027449843486,106.76028474909201,1.1648522779387493
2023/11/01,497.0,504.0,491.0,500.0,34400,110.24912168102863,105.76558771079812,1.1379680899438398
2023/11/02,500.0,500.0,493.0,496.0,29400,106.3620147056902,103.04228956873598,1.015597500511243
2023/11/06,498.0,502.0,490.0,490.0,23600,102.58376740458772,99.87345202088328,1.0794531741043825
2023/11/07,491.0,495.0,482.0,482.0,36800,104.59486288469925,101.62043828669628,1.0798949643640086
2023/11/08,482.0,491.0,479.0,490.0,35700,105.55282004745298,103.56361803161376,1.1072412248995416
2023/11/09,487.0,487.0,477.0,484.0,22100,100.96825746681404,99.60576943267073,1.0905029057246431
2023/11/10,483.0,483.0,470.0,476.0,35800,101.49555072253969,98.98729507069393,1.0552794255728495
2023/11/13,480.0,495.0,479.0,489.0,40600,101.1189690665606,98.6827641986834,0.9711252509110584
2023/11/14,490.0,497.0,481.0,490.0,57600,102.56155888889676,100.33820998213345,0.9711247576921346
2023/11/15,570.0,570.0,570.0,570.0,121700,118.56197818890102,117.2992559891233,0.9601159023455289
2023/11/16,588.0,638.0,588.0,627.0,890200,131.64383259639786,130.7779238671255,1.15250548070097
2023/11/17,621.0,680.0,621.0,653.0,665200,135.9543067767916,134.63643739532202,1.1383612433527697
2023/11/20,693.0,693.0,662.0,682.0,208700,143.0610915060754,142.10827794429176,1.2008342561096135
2023/11/21,668.0,687.0,647.0,650.0,180700,135.95903759453975,135.87939427387647,1.1143849665985355
2023/11/22,650.0,717.0,640.0,695.0,260200,145.60274900976714,145.6721495686701,1.1941533272572413
2023/11/24,704.0,765.0,681.0,760.0,294500,157.83937948705784,158.38390748119417,1.4981429292931294
2023/11/27,768.0,771.0,731.0,744.0,223900,153.54058690345065,153.45451411116645,1.4962093915530401
2023/11/28,750.0,795.0,740.0,752.0,273300,155.00921400834557,154.9344515915952,1.5159717050244632
2023/11/29,766.0,785.0,723.0,728.0,185800,151.25366399733807,151.31984866915528,1.4588102506901977
2023/11/30,723.0,724.0,694.0,695.0,117000,144.64570212549978,143.53532343227474,1.4130568407386093
2023/12/01,694.0,704.0,681.0,692.0,101400,143.74393199708885,141.88277118345277,1.4553034048089322
2023/12/04,692.0,715.0,682.0,697.0,89500,145.1520440286862,142.94665331206966,1.5321940567594379
2023/12/05,688.0,700.0,673.0,676.0,54500,143.78624333426288,140.68749172959286,1.5217134573237676
2023/12/06,668.0,696.0,665.0,689.0,51200,142.23237155557106,140.23102327124536,1.5461126427841743
2023/12/07,686.0,746.0,680.0,719.0,156700,151.60277101085472,148.62359860457195,1.6516898906584956
2023/12/08,708.0,724.0,694.0,696.0,115500,150.2660881903041,146.83409121219032,1.6482136775931386
2023/12/11,721.0,764.0,721.0,758.0,140200,161.30084036994347,157.65773212790722,1.661174930174191
2023/12/12,743.0,743.0,698.0,699.0,164000,149.1108925319813,146.34087300557746,1.5622894379330459
2023/12/13,708.0,716.0,672.0,689.0,107100,146.9283003095621,144.2771695089217,1.5444503029002736
2023/12/14,689.0,699.0,676.0,680.0,63400,145.89587364717573,144.55510801904092,1.6494207508509988
2023/12/15,677.0,701.0,673.0,697.0,90700,146.58072166204258,146.80571489940846,1.669256933652987
2023/12/18,690.0,699.0,677.0,699.0,44500,146.76452537640517,147.45353167387745,1.4831721645933431
2023/12/19,696.0,708.0,662.0,664.0,95400,134.10364831923152,136.9105332984139,1.4305858196571237
2023/12/20,654.0,664.0,640.0,643.0,99800,127.87831089119098,131.518094005836,1.3881530508635584
2023/12/21,640.0,651.0,633.0,637.0,67500,129.31811909103564,132.6338261307292,1.4486224043410394
2023/12/22,667.0,693.0,665.0,665.0,72600,132.1571752058412,135.72763385930267,1.359211588537878
2023/12/25,665.0,702.0,665.0,693.0,51800,137.91659790439016,141.3697630745814,1.0225448783734152
2023/12/26,688.0,720.0,688.0,697.0,81000,137.6819171735455,141.60219038547658,1.0332915571005814
2023/12/27,700.0,707.0,686.0,691.0,53700,135.77847227589578,140.12023633853758,1.0148327990290678
2023/12/28,692.0,694.0,668.0,668.0,50700,133.25664760295203,137.435641244923,0.942147547454333
2023/12/29,666.0,673.0,655.0,662.0,57600,132.36169020669288,135.69430489219707,0.9979723932386713
2024/01/04,662.0,677.0,655.0,675.0,37800,137.78387155616022,139.5565215486599,1.0685475759601886
2024/01/05,675.0,680.0,645.0,648.0,45300,133.4033607151182,134.34446766833116,0.9925064491718449
2024/01/09,651.0,675.0,651.0,669.0,52800,136.4882164847218,137.22400477570685,0.725551960460116
2024/01/10,670.0,670.0,655.0,661.0,42800,134.62796189154474,136.36811834461102,0.7186748307765471
2024/01/11,668.0,679.0,662.0,675.0,46000,137.29865931167754,139.82834641725213,0.860575114464049
2024/01/12,669.0,677.0,665.0,667.0,25800,135.27320769042944,140.58461957822945,0.8866227983850665
2024/01/15,669.0,691.0,669.0,685.0,40000,135.35314283466423,140.60788544023524,0.8515871304129816
2024/01/16,684.0,684.0,661.0,669.0,34600,135.61798332011085,140.44308973925655,0.8371122139798732
2024/01/17,665.0,675.0,663.0,663.0,45200,135.315206580752,138.8885257203783,0.8277227265171269
2024/01/18,664.0,669.0,654.0,655.0,31000,131.7999480875683,136.07715351914013,0.8971368212578469
2024/01/19,657.0,657.0,646.0,651.0,41200,127.83690100210939,132.91275085209216,0.9297720015237931
2024/01/22,651.0,651.0,636.0,640.0,51600,124.64843167487301,129.42509310175106,0.7618430118725743
2024/01/23,642.0,651.0,635.0,637.0,41000,124.33361161586751,129.08109128104047,0.7595679521367006
2024/01/24,635.0,642.0,626.0,633.0,47400,124.98280349985973,129.42996615867065,0.7577050707091174
2024/01/25,628.0,649.0,622.0,642.0,31000,127.57491569303427,132.01265193379345,0.7426059798878458
2024/01/26,638.0,649.0,634.0,645.0,33100,129.66409778002398,134.38518821865785,0.7717466403517468
2024/01/29,653.0,670.0,653.0,661.0,59300,134.2216123082708,138.14342868890037,0.8786964986575216
2024/01/30,660.0,673.0,649.0,649.0,82500,130.78389408603363,134.92427970160773,0.831568972936748
2024/01/31,749.0,749.0,749.0,749.0,32500,146.99778284299327,150.79282282642805,0.841929689126868
2024/02/01,794.0,834.0,737.0,820.0,1200900,164.19978382904824,167.34660857760716,1.1509425359651242
2024/02/02,810.0,855.0,802.0,829.0,397400,166.85535737870464,170.14033055699733,1.158550399027123
2024/02/05,820.0,834.0,802.0,802.0,152800,159.09965166870438,161.67979307391192,1.1377958825139884
2024/02/06,801.0,802.0,777.0,789.0,133000,156.09233966569815,159.2468630104265,1.1371546970466149
2024/02/07,785.0,808.0,769.0,778.0,103200,156.0696878736152,158.87591229080223,1.1185438210707117
2024/02/08,778.0,800.0,772.0,784.0,77000,153.57533786001366,158.9744403823685,1.1180362018130914
2024/02/09,776.0,776.0,744.0,750.0,143400,149.1930023840836,154.53571693302544,1.1053232306711858
2024/02/13,750.0,762.0,740.0,762.0,82700,148.53444734439148,155.88161227902407,1.106175262740619
2024/02/14,739.0,742.0,725.0,738.0,155900,144.3211573272564,152.16523729885247,1.1053031413160632
2024/02/15,604.0,648.0,588.0,628.0,582700,119.95409439928109,127.59474993984195,0.8071253364151977
2024/02/16,625.0,655.0,612.0,635.0,162900,121.37391349711426,128.85211763365257,0.8077615667898105
2024/02/19,630.0,684.0,630.0,675.0,138700,121.37550196845186,128.47978227837837,0.9357551269258405
2024/02/20,673.0,699.0,665.0,689.0,114700,123.9722117630373,131.3647540975785,0.9483023680391963
2024/02/21,684.0,757.0,684.0,749.0,347500,135.69820187936216,144.01822862695957,1.0768417468724407
2024/02/22,745.0,798.0,738.0,752.0,194300,134.35709279953306,142.99850688421847,1.0656382114571987
2024/02/26,750.0,774.0,742.0,748.0,91900,127.83479490962368,136.3132161007534,1.040742610842674
2024/02/27,744.0,758.0,731.0,742.0,102500,128.1437096901098,136.34274273875621,1.0353251779269936
2024/02/28,737.0,805.0,735.0,799.0,166600,140.18625438462487,149.1850492532572,1.1406065474497054
2024/02/29,799.0,809.0,782.0,801.0,84600,139.55036972667898,148.16119242021455,1.1536707254530214
2024/03/01,801.0,830.0,780.0,788.0,68900,135.81293261800116,144.66784431314315,1.1521394618346537
2024/03/04,785.0,787.0,751.0,754.0,52500,132.37720247553705,141.49351225451164,0.9903713552258385
2024/03/05,747.0,755.0,722.0,724.0,79400,126.8357843682365,135.0718529931515,0.9702580071507764
2024/03/06,724.0,736.0,708.0,736.0,104700,129.25445305838807,136.84765357154745,0.9714694145752188
2024/03/07,745.0,748.0,698.0,698.0,156500,124.57669005435348,131.2996727455469,0.951152747813559
2024/03/08,700.0,714.0,700.0,708.0,50600,125.51312002789705,131.8723998826465,0.961235228793898
2024/03/11,700.0,705.0,678.0,685.0,138700,122.78037706376193,128.49320635361104,0.9928303058074679
2024/03/12,684.0,699.0,675.0,691.0,122000,122.1249375577479,127.56841088158488,0.9974978079631189
2024/03/13,691.0,705.0,676.0,681.0,43900,120.1013326170602,126.31509678743227,0.9839169084846155
2024/03/14,677.0,687.0,670.0,687.0,114700,118.6510975687936,124.06879833214491,0.9873682834512262
2024/03/15,688.0,688.0,670.0,679.0,23500,118.97833536741066,123.60922889620365,0.9842642595372671
2024/03/18,677.0,704.0,677.0,699.0,57100,120.59823196539163,126.0659684067583,1.3638545905526134
2024/03/19,700.0,700.0,686.0,691.0,16800,120.41700200027712,125.14133501115423,1.3336475679549842
2024/03/21,699.0,709.0,689.0,690.0,29600,117.64875040460171,122.58714147469053,1.2937597663430516
2024/03/22,693.0,693.0,679.0,684.0,29500,117.1643854981974,121.58877710937712,1.0001418050818607
2024/03/25,680.0,682.0,672.0,678.0,28600,116.9950815200082,121.54052262312017,1.037525204899597
2024/03/26,668.0,672.0,657.0,671.0,38400,116.30291347836197,120.75127025155422,1.0291249935827114
2024/03/27,671.0,674.0,660.0,660.0,28500,114.00847457142011,118.80912234574623,1.0125005519457901
2024/03/28,660.0,663.0,641.0,641.0,26800,110.83964284318381,115.5394338394876,1.0236233803657317
2024/03/29,651.0,670.0,651.0,670.0,29800,116.64069898537429,121.51444340347888,0.8326697469797478
2024/04/01,670.0,670.0,659.0,665.0,34100,118.62628334236935,124.19947883429184,0.8639388559552966
2024/04/02,665.0,669.0,635.0,639.0,65500,115.15704909398423,120.85570241534025,0.8247078509775044
2024/04/03,633.0,647.0,629.0,641.0,16600,114.40511876655006,118.94821810085733,0.829616319011101
2024/04/04,649.0,649.0,636.0,640.0,14900,112.77277446384144,117.20680072907683,0.8772117939157285
2024/04/05,634.0,644.0,626.0,642.0,37700,116.17582813267178,119.71407802001819,0.8704022728704832
2024/04/08,648.0,654.0,644.0,647.0,34800,115.91631239890627,119.57112558913482,0.9305594952922656
2024/04/09,656.0,670.0,652.0,662.0,46900,118.56321948603853,122.11129019962377,0.958882944512443
2024/04/10,662.0,686.0,658.0,673.0,43900,120.88187266968563,124.66813774258591,1.0420416279717177
2024/04/11,678.0,705.0,669.0,685.0,96300,123.48535030050556,126.44207624340203,1.0523223553652157
2024/04/12,690.0,697.0,679.0,679.0,35800,123.92589798528839,125.74662371114613,1.0431953250423476
2024/04/15,673.0,688.0,673.0,681.0,41900,124.98924562502751,126.60809845513134,1.0409439493975872
2024/04/16,679.0,681.0,659.0,659.0,35900,123.65669391707748,125.60757938619038,1.0327583014596513
2024/04/17,662.0,663.0,640.0,644.0,61800,122.54978595974029,124.59657688728534,1.0232575287421237
2024/04/18,647.0,678.0,647.0,668.0,40200,126.94836743658033,128.50871787210494,1.0884524394517936
2024/04/19,666.0,687.0,661.0,681.0,63800,133.19020428848475,133.9308013235174,1.1572622164917188
2024/04/22,698.0,727.0,692.0,720.0,105000,139.21412660366022,139.48124685679,1.2756373991834093
2024/04/23,732.0,775.0,725.0,774.0,190800,148.2155116520651,148.9525411042342,1.447077555374887
2024/04/24,768.0,771.0,750.0,764.0,79500,141.8306948229631,143.32207087608532,1.4080488221942478
2024/04/25,760.0,774.0,736.0,749.0,68800,143.0439347638768,144.33170103455407,1.4177452752526876
2024/04/26,743.0,755.0,736.0,743.0,128500,141.2974203606403,142.25935424793792,1.4279886708861709
2024/04/30,773.0,791.0,764.0,769.0,120400,145.59408158878745,145.0969420610521,1.3453610289573918
2024/05/01,758.0,801.0,758.0,763.0,126300,143.9204516791673,144.38999866056278,1.3139833961885767
2024/05/02,766.0,779.0,762.0,767.0,37300,144.81865550974695,145.19323856872404,1.3207386563966632
2024/05/07,770.0,771.0,747.0,750.0,53200,141.18745027050272,143.21162361354908,1.1516405908823926
2024/05/08,754.0,755.0,732.0,740.0,21600,140.32635418908802,141.87452939372722,1.1529910784735378
2024/05/09,742.0,745.0,731.0,739.0,50400,140.9819032470085,141.4766201182018,1.1332761720952351
2024/05/10,742.0,742.0,718.0,723.0,44500,139.29825585436504,139.2386117389538,1.080035408811856
2024/05/13,730.0,768.0,724.0,768.0,57900,148.9873686008133,149.05993950251138,1.1398088148937517
2024/05/14,775.0,775.0,755.0,763.0,38700,147.6749487960292,147.83898665190355,1.129539539674368
2024/05/15,764.0,766.0,739.0,745.0,114100,145.28956223993143,144.7913578711206,1.102920743389059
2024/05/16,685.0,714.0,636.0,664.0,258700,129.75304555151283,130.19754780747544,0.9927064653141676
2024/05/17,668.0,670.0,644.0,654.0,82800,129.54223037778593,128.4063081128483,0.985024606780824
2024/05/20,664.0,690.0,655.0,670.0,103500,132.6127233872065,131.01328015491129,0.8950618287468552
2024/05/21,674.0,674.0,646.0,652.0,114100,129.56390940184508,127.66616540808526,0.873641327542086
2024/05/22,654.0,655.0,634.0,641.0,78800,127.00689267997176,125.69115685812535,0.8659178815436126
2024/05/23,638.0,638.0,624.0,630.0,52000,123.13730141898974,121.79049181236049,0.7877982427814959
2024/05/24,618.0,625.0,609.0,620.0,70000,124.62078571335724,121.88576389572235,0.8021057370404175
2024/05/27,625.0,628.0,614.0,615.0,23100,123.75809204311736,120.38654361579604,0.7930358166574603
2024/05/28,616.0,630.0,614.0,616.0,38400,124.79048694462517,120.711877973941,0.7937113068180891
2024/05/29,628.0,633.0,581.0,583.0,224500,117.64253607134864,114.1244837922137,0.7585560525285859
2024/05/30,620.0,639.0,592.0,608.0,1081400,126.30945621421603,121.65911756086022,0.7955587351137487
2024/05/31,615.0,662.0,604.0,662.0,380500,137.62011036417374,132.27745412309037,0.8541431264098249
2024/06/03,653.0,656.0,637.0,654.0,203100,137.74297240806408,132.01963065217538,0.855841290603881
2024/06/04,652.0,669.0,651.0,663.0,151600,141.92532718131702,136.03516593763067,0.8709151204672326
2024/06/05,659.0,663.0,637.0,650.0,120700,138.19000193209536,133.8017577438008,0.8660359553941588
2024/06/06,650.0,656.0,640.0,649.0,87100,136.39506257650697,132.6061222336077,0.8618779378821021
2024/06/07,644.0,647.0,634.0,645.0,48900,140.09797539798825,135.6124071244238,0.8562458141673254
2024/06/10,642.0,650.0,632.0,649.0,55800,138.25831587375714,133.8924092246841,0.8273127591354033
2024/06/11,645.0,661.0,645.0,655.0,36400,141.3386203187485,136.6305701755359,0.8366721961130323
2024/06/12,653.0,691.0,652.0,689.0,162800,152.63576033649372,147.43982859452996,0.8866032439789493
2024/06/13,685.0,691.0,672.0,674.0,98400,150.61387065976032,146.24833969268622,0.8830867860682821
2024/06/14,672.0,683.0,661.0,681.0,58100,153.20515801100058,147.76059033714543,0.9088588888672503
2024/06/17,677.0,679.0,666.0,677.0,64100,152.8149444649038,148.02049988589235,1.035907208082756
2024/06/18,681.0,689.0,677.0,679.0,44700,151.0596701581529,146.4135788971196,1.0329420224414791
2024/06/19,679.0,687.0,676.0,684.0,28700,153.4560489082845,148.27321930097145,1.0356366694730872
2024/06/20,685.0,700.0,680.0,682.0,60800,151.74022085459853,148.4866123962186,1.0591299271319055
2024/06/21,685.0,686.0,676.0,676.0,30100,147.97785777957452,144.81525241517173,1.0595061583642134
2024/06/24,671.0,677.0,664.0,676.0,59100,146.43512819139553,143.33674026750873,1.109684703188199
2024/06/25,674.0,684.0,667.0,684.0,45000,145.67943839869153,141.8123894567285,1.1038118719656804
2024/06/26,683.0,691.0,677.0,679.0,35500,145.6915968785919,142.7753452063557,1.0896524611047866
2024/06/27,679.0,681.0,670.0,670.0,24400,145.4984243693107,141.56783905910996,1.0778513017926705
2024/06/28,673.0,677.0,669.0,670.0,30300,144.41433602282362,140.29621790945302,1.1214098748796626
2024/07/01,670.0,681.0,667.0,676.0,56900,146.87286477642917,141.70737898739924,1.024046723022888
2024/07/02,676.0,676.0,666.0,666.0,23700,140.26459547954536,135.78617386981847,0.9974762950427266
2024/07/03,667.0,668.0,652.0,659.0,70600,137.759433758362,134.6313384464183,0.9816452911993898
2024/07/04,663.0,663.0,651.0,654.0,34000,133.64106216035864,131.0693544651955,0.9486525321902165
2024/07/05,653.0,665.0,652.0,654.0,40800,133.09546903662942,131.4416713203368,0.9587238393848246
2024/07/08,651.0,652.0,641.0,648.0,37400,130.8160122908551,129.64964336529107,0.9688216494680671
2024/07/09,651.0,654.0,643.0,645.0,45700,128.41858248782,128.06443217384495,0.955031203372243
2024/07/10,655.0,655.0,630.0,636.0,74000,124.84965161571404,124.84649177840915,0.9372866949692775
2024/07/11,635.0,643.0,629.0,642.0,33700,126.71554136008918,126.37704217132072,0.9291669445376335
2024/07/12,640.0,658.0,640.0,651.0,62700,131.6013267762874,129.4560408611197,0.8997622204916463
2024/07/16,655.0,668.0,652.0,658.0,81300,133.16499420965616,131.16781733512573,0.903506365739711
2024/07/17,655.0,659.0,649.0,651.0,26100,133.26935882275703,130.15863767904813,0.8906105748013413
2024/07/18,648.0,664.0,639.0,661.0,87600,137.5874632098405,133.9240813671107,0.9216128822111934
2024/07/19,660.0,662.0,647.0,648.0,43100,134.66381446950405,132.0633248565925,0.903593491546528
2024/07/22,652.0,652.0,633.0,637.0,39600,135.57628355709332,132.45246361063928,0.9132006080871342
2024/07/23,640.0,647.0,638.0,644.0,16500,136.65263558983958,133.53291561115736,0.9213263489690177
2024/07/24,638.0,641.0,629.0,635.0,24300,136.19639939085326,133.43125204597504,0.9215483202936849
2024/07/25,625.0,643.0,617.0,638.0,66200,142.44938612731366,138.90996598027635,0.959427901219126
2024/07/26,637.0,648.0,635.0,639.0,26200,143.60111732637606,140.104239981627,0.9771397206241964
2024/07/29,642.0,663.0,642.0,652.0,41900,144.53259875039376,141.06126824168655,0.9870780579351923
2024/07/30,655.0,660.0,642.0,644.0,60700,143.1188496859607,139.7654490647757,0.976814344856269
2024/07/31,646.0,660.0,631.0,657.0,44600,139.48324693635274,137.36066114650336,0.9823349828263749
2024/08/01,647.0,651.0,612.0,631.0,138800,136.1237536079436,135.39598089677213,1.0010383318085017
2024/08/02,601.0,605.0,580.0,589.0,161200,134.35970588113838,134.34154589778905,1.0116222394548664
2024/08/05,549.0,552.0,489.0,489.0,205500,127.57645326290927,127.59969310039756,0.9716379553340472
2024/08/06,554.0,555.0,521.0,539.0,114300,127.73526328678457,128.79468791060899,0.9798865652207192
2024/08/07,538.0,572.0,538.0,556.0,47400,129.8427916526178,129.73131168985407,0.988458259923906
2024/08/08,546.0,561.0,535.0,545.0,183500,127.02810020628125,127.4945109070969,0.9938772065563812
2024/08/09,555.0,577.0,551.0,570.0,83300,127.25508748106755,127.69272398156272,1.0499343159475105
2024/08/13,580.0,609.0,580.0,597.0,84800,134.14077306582317,135.21630018340497,1.0319899128449754
2024/08/14,609.0,618.0,597.0,604.0,205300,134.65627461979344,135.26660564114044,1.032625887182114
2024/08/15,555.0,576.0,546.0,570.0,306800,124.89509247882893,125.64825325636433,0.9674348672509999
2024/08/16,573.0,596.0,568.0,596.0,123200,124.36064580393978,125.70874503264602,0.9963851625726027
2024/08/19,616.0,654.0,610.0,632.0,277700,135.0812733928134,135.7892425240617,1.0621685662138969
2024/08/20,638.0,656.0,630.0,635.0,87500,134.20767700513593,136.04537231640762,1.0554615751076817
2024/08/21,632.0,637.0,609.0,620.0,104700,132.38885218899597,134.1197585414753,1.0327259277029885
2024/08/22,619.0,629.0,612.0,612.0,43800,129.60463332033444,131.2888682738516,1.007936076507677
2024/08/23,619.0,624.0,612.0,624.0,27900,130.2210526960755,133.35983744480276,1.0223543774004318
2024/08/26,624.0,634.0,622.0,625.0,38900,132.55814418516755,135.6991473839796,0.9939803288920398
2024/08/27,622.0,627.0,615.0,623.0,22900,105.94528132692723,106.2461885585758,0.9836332220672153
2024/08/28,621.0,628.0,617.0,617.0,28600,105.97104134046808,106.25852461879185,0.9700638179284251
2024/08/29,614.0,626.0,614.0,616.0,32500,107.10146502015289,107.62072787258668,0.9783407863097289
2024/08/30,618.0,620.0,611.0,618.0,28100,106.4200015939374,106.81071283500916,0.9689455196364808
2024/09/02,625.0,630.0,610.0,613.0,38400,108.60759822675068,109.51347122553318,1.0279521917277434
2024/09/03,615.0,625.0,614.0,614.0,18800,111.7340027277061,111.98388085986565,1.023119696256915
2024/09/04,608.0,608.0,593.0,598.0,100300,110.73976606853074,111.05240034379415,1.0342133019483863
2024/09/05,598.0,614.0,595.0,603.0,27400,110.04265534101027,110.4752220434926,1.0391047678928185
2024/09/06,610.0,613.0,601.0,602.0,22400,106.61378106509686,107.08142924630224,1.0376265041973858
2024/09/09,592.0,620.0,590.0,617.0,49400,110.97372119881857,111.54120451278241,1.0230125104765198
2024/09/10,624.0,659.0,618.0,649.0,151400,113.16349700152094,113.63340612468775,1.0774021616175717
2024/09/11,642.0,649.0,631.0,637.0,48000,110.22551018386383,111.32440096144391,1.0766485267945576
2024/09/12,647.0,654.0,630.0,630.0,20800,109.12328109326961,110.03469765308009,1.039421795573819
2024/09/13,649.0,689.0,648.0,650.0,134700,108.31473324434958,109.54909704937735,1.0806625731045072
2024/09/17,653.0,665.0,652.0,664.0,45600,107.8312069511484,108.83149922266065,1.0857312922946354
2024/09/18,667.0,673.0,659.0,666.0,40700,105.66790104771889,106.5832869109938,1.084922114770821
2024/09/19,671.0,676.0,662.0,668.0,53500,108.48193754645723,108.84698009039795,1.0735435724754907
2024/09/20,675.0,686.0,668.0,675.0,67300,106.35526236401786,106.84941150010533,1.0979843211413105
2024/09/24,680.0,680.0,655.0,664.0,55400,108.02302265715642,108.66686058261521,1.0642714856233042
2024/09/25,664.0,664.0,650.0,652.0,39600,109.10150204404344,110.22430422891988,1.047494024523675
2024/09/26,653.0,660.0,651.0,659.0,31900,104.69621149155992,105.79630085681534,1.0421112598239928
2024/09/27,665.0,665.0,646.0,646.0,27900,107.4670171989577,108.46021089854793,1.0283530479475989
2024/09/30,641.0,641.0,629.0,631.0,33900,104.00582227338073,104.97058613505347,1.0566157000967014
2024/10/01,632.0,642.0,632.0,639.0,8200,105.71043008184903,106.76886373550745,1.0521807675626587
2024/10/02,632.0,635.0,626.0,626.0,30600,103.21373302341371,104.2587397810139,1.0458636189350992
2024/10/03,631.0,641.0,630.0,630.0,58600,102.5393506410841,104.01548635967816,1.0450068289319498
2024/10/04,630.0,637.0,625.0,629.0,50900,100.85288151518344,102.378098106337,1.0281873568149988
2024/10/07,634.0,638.0,628.0,631.0,29300,101.94049855160725,102.97858173585698,0.9630849213121147
2024/10/08,632.0,632.0,616.0,616.0,70400,103.00115588248688,104.29272083616007,0.9542074038495403
2024/10/09,616.0,619.0,609.0,615.0,40000,101.57222891025688,102.53740001218134,0.9498115527995202
2024/10/10,615.0,615.0,608.0,610.0,11200,104.39278837945514,105.3973037910279,0.8927401412908685
2024/10/11,610.0,614.0,609.0,612.0,5200,102.53772533415388,103.85303643734947,0.8984369748308634
2024/10/15,613.0,628.0,605.0,624.0,33600,101.84917582802721,102.90940042484158,0.8818567373766292
2024/10/16,624.0,632.0,614.0,619.0,16200,99.08531415118121,99.98897300962213,0.8854903159425475
2024/10/17,616.0,616.0,607.0,611.0,20400,100.63285626624261,101.67762774407846,0.874966454105114
2024/10/18,610.0,615.0,600.0,601.0,81500,100.47234936324675,101.19141359768594,0.8609197729440349
2024/10/21,602.0,608.0,599.0,603.0,23600,102.01447476227703,102.93518386175838,0.9002775976607382
2024/10/22,603.0,603.0,585.0,590.0,48800,100.65852105947141,101.19286922195555,0.8903169353522062
2024/10/23,585.0,587.0,577.0,579.0,42700,99.28126162291954,100.35179400120845,0.8785254805551924
2024/10/24,573.0,592.0,569.0,590.0,46300,99.5982484481856,100.56592666614094,0.895688084390972
2024/10/25,589.0,599.0,582.0,592.0,87000,98.76074811988678,99.97391556044194,0.9191347723178278
2024/10/28,582.0,600.0,582.0,598.0,19000,99.49855907516263,100.9998998647339,0.9434801937043147
2024/10/29,603.0,607.0,598.0,606.0,23600,101.14678755096759,102.3172628386245,0.9474607869123786
2024/10/30,607.0,627.0,605.0,605.0,119200,99.08854457818887,100.49785893532868,0.9383055682183539
2024/10/31,612.0,630.0,610.0,628.0,52500,101.49237715707132,102.60694089295286,0.9810610398423594
2024/11/01,621.0,621.0,602.0,608.0,57500,102.417231019798,103.37583491332128,0.9740742434955074
2024/11/05,615.0,615.0,599.0,602.0,25600,100.17579610361561,101.3377543439943,0.980944402957583
2024/11/06,610.0,616.0,605.0,611.0,18000,100.55391410510188,101.23830147110459,0.9766720148741797
2024/11/07,611.0,619.0,610.0,616.0,27200,101.23246565171507,101.65833886015615,0.9839851553727921
2024/11/08,616.0,622.0,603.0,611.0,32800,101.6233625788582,102.10871797397392,0.9808478511238805
2024/11/11,617.0,617.0,606.0,614.0,29000,101.31175236779012,101.94637285689703,0.9781883449424
2024/11/12,620.0,629.0,619.0,622.0,43300,101.85897899386276,102.58678082712711,0.990268394530902
2024/11/13,630.0,633.0,623.0,632.0,32100,99.76910797826845,99.8673928458333,1.0184858936585033
2024/11/14,632.0,634.0,620.0,622.0,108500,97.14402370696261,97.13222903878382,1.0050423915765316
2024/11/15,562.0,574.0,548.0,573.0,190600,97.53976057408157,97.44429166948868,0.9185245400139255
2024/11/18,567.0,573.0,563.0,563.0,45600,96.01570787321451,96.10654808983568,0.9295547122965929
2024/11/19,558.0,563.0,553.0,563.0,106100,95.20523463853745,95.32290735441639,0.9232880050669096
2024/11/20,590.0,606.0,575.0,578.0,123500,94.01085943711472,94.2185958596975,0.9520113183653994
2024/11/21,576.0,576.0,559.0,567.0,56000,94.06520231897997,94.08101126534912,0.949790559215708
2024/11/22,568.0,568.0,561.0,565.0,34100,92.2377894537248,92.22973334694743,0.9542631860775564
2024/11/25,574.0,584.0,566.0,584.0,95100,92.04711045529676,92.90806543069722,0.9557953033408852
2024/11/26,585.0,586.0,571.0,573.0,32600,93.40336117583394,93.79029598131724,0.9468754237648013
2024/11/27,578.0,578.0,564.0,576.0,39100,93.39226766753293,93.9239876789521,0.9604786407993826
2024/11/28,570.0,579.0,570.0,578.0,23600,93.99811475042819,94.23844567352575,0.9519284495208473
2024/11/29,577.0,581.0,570.0,581.0,17300,90.82085213431,91.25152187921326,0.9685736210688728
2024/12/02,578.0,601.0,578.0,586.0,58500,95.60583682648402,95.2126129151448,0.955328395926664
2024/12/03,584.0,590.0,581.0,589.0,20900,96.12853889796217,96.0366714372853,0.9466680271426295
2024/12/04,593.0,593.0,574.0,581.0,48500,95.6818085934514,95.58719725918714,0.9382327584012329
2024/12/05,579.0,579.0,563.0,569.0,55000,93.4480826846102,94.04573717006201,0.918304934986341
2024/12/06,566.0,572.0,562.0,571.0,33900,91.64139901875015,92.48070880101395,0.9306613926778142
2024/12/09,569.0,575.0,567.0,567.0,14200,92.62040749518691,92.53855154940999,0.9251817774827484
2024/12/10,574.0,574.0,567.0,571.0,12100,91.77076213520552,92.29671320240573,0.9293805594964346
2024/12/11,571.0,572.0,565.0,566.0,18600,95.52976054188059,95.84294744056757,0.9185952336729037
2024/12/12,566.0,570.0,565.0,567.0,12600,92.77862490888162,93.35368337164141,0.9012173098220888
2024/12/13,567.0,567.0,560.0,564.0,14900,91.44506561304112,91.97205743993965,0.8800127146390341
2024/12/16,564.0,572.0,558.0,569.0,29100,89.81546168342669,90.51763963751691,0.9934692339710822
2024/12/17,567.0,567.0,558.0,560.0,35200,92.41077464767724,92.54730132625622,0.9813857841323876
2024/12/18,560.0,561.0,558.0,561.0,12200,94.88158143613049,94.94513748749041,0.9861492635726411
2024/12/19,553.0,555.0,548.0,553.0,31400,92.54576191271572,92.57352723908139,0.9808626465258742
2024/12/20,553.0,553.0,531.0,540.0,53200,93.20673974061162,93.51181321581677,0.9329767214631806
2024/12/23,539.0,549.0,526.0,549.0,53600,91.75185790094328,92.22548601719265,0.9362278765118788
2024/12/24,551.0,552.0,543.0,547.0,29000,92.63490682801287,92.61856193486162,0.9326393523169775
2024/12/25,547.0,547.0,540.0,543.0,14200,91.04398564845269,91.01574390377495,0.923584236208145
2024/12/26,543.0,559.0,543.0,552.0,35900,93.097694515874,93.42467653468536,0.9364604719970654
2024/12/27,555.0,560.0,537.0,559.0,34600,92.79139771992381,92.96969494219684,0.9232587059867255
2024/12/30,559.0,561.0,552.0,561.0,20200,93.87107561014386,94.33451878945468,0.9332060886277874
2025/01/06,565.0,571.0,560.0,567.0,24000,95.61868306409737,95.66299691695644,0.9920838200828624
2025/01/07,607.0,667.0,587.0,633.0,621900,95.61089817548029,96.32378989914861,1.0955650033656328
2025/01/08,648.0,673.0,639.0,657.0,418000,97.68399218881004,97.93868838651566,1.1439051057246004
2025/01/09,647.0,653.0,625.0,640.0,146000,95.28578563828626,95.8740429386514,1.1230897514490878
2025/01/10,641.0,648.0,631.0,634.0,68700,97.34200680405635,97.66458384203318,1.1346645671720499
2025/01/14,632.0,638.0,617.0,619.0,78200,97.9368298774065,98.0478457070612,1.1104819009258207
2025/01/15,629.0,632.0,611.0,622.0,35700,97.77001009231313,97.89567388029637,1.1124509460172674
2025/01/16,630.0,630.0,614.0,614.0,47100,97.60507504677102,97.5849251968879,1.1126977277811811
2025/01/17,612.0,614.0,606.0,610.0,27100,97.9798056269444,98.16630787653148,1.1037591728254805
2025/01/20,610.0,620.0,610.0,613.0,19000,97.02033916229735,97.20362790023053,1.1229465636732399
2025/01/21,633.0,652.0,623.0,652.0,95100,100.23726208863356,99.75207570857546,1.1934085760900681
2025/01/22,649.0,656.0,645.0,653.0,65800,98.80614935077917,98.92037715486686,1.1848943298590204
2025/01/23,650.0,652.0,640.0,643.0,67400,98.54513918485615,98.67316818480259,1.1650452472890376
2025/01/24,643.0,652.0,633.0,645.0,56700,98.48286460136585,98.56599830015894,1.1804273156446068
2025/01/27,645.0,651.0,641.0,643.0,28100,98.62826516336901,98.69852470768365,1.157325577464212
2025/01/28,643.0,650.0,642.0,649.0,25700,98.50063640441645,98.22033185229216,1.1686206231921468
2025/01/29,649.0,654.0,644.0,652.0,51500,94.77269447545456,94.43943010333389,1.1661170476905036
2025/01/30,648.0,649.0,629.0,634.0,135400,94.16075788994394,93.71980275488907,1.1078962468489397
2025/01/31,635.0,635.0,630.0,631.0,35800,93.94298008166008,93.76178919722537,1.0999927509386047
2025/02/03,632.0,637.0,625.0,636.0,56000,95.58630063617672,95.49145706082868,1.1365328084474962
2025/02/04,639.0,642.0,629.0,635.0,15200,95.27663504975682,95.1362748953924,1.127439224835639
2025/02/05,635.0,639.0,630.0,639.0,18400,97.17619661045424,97.00217561444202,1.1314872853003761
2025/02/06,637.0,645.0,637.0,644.0,43500,96.47055450083059,96.26539609061177,1.0300827727879445
2025/02/07,644.0,644.0,634.0,638.0,29800,95.79722433323418,95.70733372023068,0.9827064057820988
