date,open,high,low,close,volume,rs_nikkei,rs_topix,rs
2014/03/26,830.5,848.0,815.0,837.0,414200,-1.0,-1.0,-1.0
2014/03/27,829.0,837.0,801.5,828.5,290600,-1.0,-1.0,-1.0
2014/03/28,837.5,847.5,825.5,844.5,168800,-1.0,-1.0,-1.0
2014/03/31,851.0,856.5,829.0,848.0,232400,-1.0,-1.0,-1.0
2014/04/01,862.0,862.5,822.5,828.5,448400,-1.0,-1.0,-1.0
2014/04/02,832.5,836.5,806.5,807.5,483200,-1.0,-1.0,-1.0
2014/04/03,802.0,830.0,798.0,805.5,434000,-1.0,-1.0,-1.0
2014/04/04,807.5,824.0,801.0,815.5,200800,-1.0,-1.0,-1.0
2014/04/07,802.5,810.5,791.0,792.0,205600,-1.0,-1.0,-1.0
2014/04/08,792.0,792.5,776.0,776.5,255200,-1.0,-1.0,-1.0
2014/04/09,753.0,764.5,714.0,733.5,586000,-1.0,-1.0,-1.0
2014/04/10,745.0,760.0,732.5,734.5,412000,-1.0,-1.0,-1.0
2014/04/11,706.0,710.0,699.5,704.5,564200,-1.0,-1.0,-1.0
2014/04/14,689.5,734.5,689.5,701.0,366400,-1.0,-1.0,-1.0
2014/04/15,701.0,736.0,700.0,712.0,353400,-1.0,-1.0,-1.0
2014/04/16,718.0,775.0,717.0,762.0,477800,-1.0,-1.0,-1.0
2014/04/17,773.5,789.5,756.0,771.5,443400,-1.0,-1.0,-1.0
2014/04/18,783.5,800.0,763.0,794.0,538600,-1.0,-1.0,-1.0
2014/04/21,802.5,835.0,791.0,794.0,410000,-1.0,-1.0,-1.0
2014/04/22,789.0,804.0,770.0,772.5,356200,-1.0,-1.0,-1.0
2014/04/23,775.0,790.0,744.5,757.0,352600,-1.0,-1.0,-1.0
2014/04/24,751.0,775.0,742.5,773.5,271000,-1.0,-1.0,-1.0
2014/04/25,772.0,803.0,751.0,792.0,535000,-1.0,-1.0,-1.0
2014/04/28,780.0,803.0,765.0,796.0,691000,-1.0,-1.0,-1.0
2014/04/30,804.0,804.0,748.0,760.0,536200,-1.0,-1.0,-1.0
2014/05/01,725.0,775.0,699.5,751.0,1094600,-1.0,-1.0,-1.0
2014/05/02,743.5,759.5,737.5,752.0,314000,-1.0,-1.0,-1.0
2014/05/07,732.0,748.5,717.5,742.5,380200,-1.0,-1.0,0.9862475638435771
2014/05/08,730.0,734.5,718.0,727.0,273600,-1.0,-1.0,0.9589991897289925
2014/05/09,719.5,731.0,716.5,721.5,232800,-1.0,-1.0,0.9809063918579357
2014/05/12,715.0,719.0,692.5,693.5,316400,-1.0,-1.0,0.9544692129207717
2014/05/13,705.0,718.5,698.0,703.5,239800,-1.0,-1.0,0.9511875255047514
2014/05/14,712.0,712.5,696.5,703.0,195400,-1.0,-1.0,0.9474094263411519
2014/05/15,698.0,712.5,691.5,711.5,205200,-1.0,-1.0,0.9438974681285806
2014/05/16,695.0,700.5,683.5,691.5,254800,-1.0,-1.0,0.9202148260254455
2014/05/19,678.0,681.0,665.5,667.0,204600,-1.0,-1.0,0.8861190169688433
2014/05/20,662.5,672.5,638.5,664.5,503600,-1.0,-1.0,0.8786195933983346
2014/05/21,660.0,665.5,648.5,660.5,202800,-1.0,-1.0,0.8763334753993401
2014/05/22,680.0,680.0,661.0,666.0,235800,-1.0,-1.0,0.8652714279369068
2014/05/23,667.0,678.0,657.5,669.0,195200,-1.0,-1.0,0.9042966581300257
2014/05/26,670.0,698.5,670.0,696.5,182200,-1.0,-1.0,0.9025194056870299
2014/05/27,697.5,730.0,697.5,717.0,276800,-1.0,-1.0,0.9255888729631988
2014/05/28,722.5,722.5,695.0,695.5,231200,-1.0,-1.0,0.8897446031845834
2014/05/29,690.5,715.0,690.5,709.5,141400,-1.0,-1.0,0.9650677335831573
2014/05/30,713.0,716.5,701.0,707.5,233600,-1.0,-1.0,0.9628417602539975
2014/06/02,662.5,670.5,650.5,659.5,941200,-1.0,-1.0,0.8947232782424045
2014/06/03,655.0,659.0,651.5,653.5,646200,-1.0,-1.0,0.8833716157759098
2014/06/04,652.5,657.5,646.5,650.5,397400,-1.0,-1.0,0.876725256699146
2014/06/05,650.5,651.0,631.5,640.0,537800,-1.0,-1.0,0.8587120801301179
2014/06/06,640.0,652.0,633.0,646.5,531400,-1.0,-1.0,0.8719312161572494
2014/06/09,639.5,640.0,624.5,629.0,1198200,-1.0,-1.0,0.9212133268798799
2014/06/10,625.0,645.0,623.5,625.5,990200,-1.0,-1.0,0.9201207928418114
2014/06/11,625.5,628.5,620.0,625.5,417200,-1.0,-1.0,0.9144512364505353
2014/06/12,620.0,626.5,616.5,623.0,463200,-1.0,-1.0,0.9127438033026827
2014/06/13,616.5,625.0,616.0,623.0,402200,-1.0,-1.0,0.9094980343433711
2014/06/16,619.5,628.5,615.5,621.0,553600,-1.0,-1.0,0.9211205104163717
2014/06/17,628.5,640.5,620.5,638.0,1932400,-1.0,-1.0,0.9627588211757787
2014/06/18,649.0,652.0,630.0,643.0,1183000,-1.0,-1.0,0.962474701743082
2014/06/19,643.5,646.5,635.5,642.0,884800,-1.0,-1.0,0.9598115711371777
2014/06/20,636.5,640.5,626.0,632.0,653400,-1.0,-1.0,0.9542788752019774
2014/06/23,643.5,643.5,625.5,627.5,345400,-1.0,-1.0,0.8703494843610324
2014/06/24,627.5,632.0,621.0,630.5,334800,-1.0,-1.0,0.8716720164162393
2014/06/25,632.0,634.5,626.5,627.5,284200,-1.0,-1.0,0.8756655363306721
2014/06/26,627.5,629.0,620.0,622.5,275000,-1.0,-1.0,0.8235412074049322
2014/06/27,624.0,624.0,615.5,623.0,287600,-1.0,-1.0,0.8740634112859907
2014/06/30,621.5,641.0,620.5,637.0,554400,-1.0,-1.0,0.9644759285214834
2014/07/01,640.0,640.0,629.0,633.5,264400,-1.0,-1.0,0.9510571221900787
2014/07/02,637.5,637.5,628.5,630.0,291400,-1.0,-1.0,0.9397571990127367
2014/07/03,633.5,633.5,623.5,627.5,246000,-1.0,-1.0,0.9551798302750053
2014/07/04,629.5,629.5,620.0,623.0,313800,-1.0,-1.0,0.9498333121755851
2014/07/07,626.5,630.0,621.5,625.0,217800,-1.0,-1.0,1.003338340207819
2014/07/08,629.5,633.5,623.5,633.0,327800,-1.0,-1.0,1.0155550553049884
2014/07/09,630.0,642.5,628.0,640.0,557800,-1.0,-1.0,1.0376587087262137
2014/07/10,640.0,641.5,621.0,622.0,553000,-1.0,-1.0,1.008368146540744
2014/07/11,620.0,626.5,617.0,623.5,230600,-1.0,-1.0,1.0246324593235379
2014/07/14,622.5,625.0,617.5,622.5,230000,-1.0,-1.0,1.0154449879564167
2014/07/15,623.5,627.0,619.0,620.5,224200,-1.0,-1.0,1.0054446556765504
2014/07/16,620.5,626.5,618.5,619.0,194600,-1.0,-1.0,1.0029387555398506
2014/07/17,619.0,620.0,607.5,610.5,421000,-1.0,-1.0,0.9176327660941749
2014/07/18,601.0,623.5,601.0,623.5,272200,-1.0,-1.0,0.9646269791551985
2014/07/22,631.5,639.5,628.5,636.5,447200,-1.0,-1.0,1.031367836041923
2014/07/23,638.0,639.0,630.5,634.5,291400,-1.0,-1.0,1.028838780466745
2014/07/24,637.5,651.0,635.0,648.5,603200,-1.0,-1.0,1.0559572345686714
2014/07/25,649.5,664.5,645.0,663.5,696800,-1.0,-1.0,1.0819426760163913
2014/07/28,648.5,649.5,633.0,638.0,1110200,-1.0,-1.0,1.0007597933792658
2014/07/29,630.0,637.0,615.5,620.5,1231800,-1.0,-1.0,0.9123881013841909
2014/07/30,620.0,626.0,618.5,625.5,455800,-1.0,-1.0,0.9171482566985582
2014/07/31,623.5,629.0,621.0,622.0,466400,-1.0,-1.0,0.927162142087355
2014/08/01,618.0,620.0,612.0,614.5,582000,-1.0,-1.0,0.9467596058157072
2014/08/04,616.0,616.0,610.0,612.0,303000,-1.0,-1.0,0.9584753449319533
2014/08/05,613.0,617.5,609.0,611.5,370800,-1.0,-1.0,0.9600782188467942
2014/08/06,609.5,613.5,606.5,611.0,284000,-1.0,-1.0,0.9686580222718137
2014/08/07,613.0,613.0,598.0,604.0,267800,-1.0,-1.0,0.942247345547524
2014/08/08,598.0,600.0,577.5,581.5,399000,-1.0,-1.0,0.9029216034991755
2014/08/11,584.5,599.5,584.5,595.5,229800,-1.0,-1.0,0.9266942454872974
2014/08/12,601.5,610.0,601.5,605.5,226200,-1.0,-1.0,0.938279495002301
2014/08/13,602.5,611.0,596.0,605.0,245200,-1.0,-1.0,0.9346054409184281
2014/08/14,609.5,621.5,605.5,615.5,226800,-1.0,-1.0,0.9705951838794953
2014/08/15,615.0,624.0,610.5,624.0,232400,-1.0,-1.0,1.0073448189165288
2014/08/18,625.5,638.5,620.5,629.5,318400,-1.0,-1.0,0.9767709021468406
2014/08/19,633.5,637.5,621.5,623.0,176400,-1.0,-1.0,0.9379456865223129
2014/08/20,625.0,627.5,618.5,618.5,180400,-1.0,-1.0,0.9275149651721658
2014/08/21,618.5,620.0,615.0,618.5,133800,-1.0,-1.0,0.9234121418376944
2014/08/22,616.0,617.5,609.0,611.5,176600,-1.0,-1.0,0.9240752236145017
2014/08/25,618.0,618.0,610.0,612.0,113000,-1.0,-1.0,0.9182724226634222
2014/08/26,610.5,639.5,610.5,637.0,459800,-1.0,-1.0,1.0519635789724928
2014/08/27,645.0,653.5,634.5,652.0,632600,-1.0,-1.0,1.0819062890040045
2014/08/28,655.0,657.0,645.5,649.0,413800,-1.0,-1.0,1.2124549745640443
2014/08/29,645.5,659.5,643.5,656.0,563200,-1.0,-1.0,1.2334782307164187
2014/09/01,660.0,675.5,657.0,675.0,855000,-1.0,-1.0,1.390242054817399
2014/09/02,683.5,710.0,683.5,696.0,1741600,-1.0,-1.0,1.417871190865411
2014/09/03,692.5,715.0,691.5,709.0,867600,-1.0,-1.0,1.4625559412086782
2014/09/04,714.5,714.5,693.0,698.0,576400,-1.0,-1.0,1.421875149836695
2014/09/05,698.0,709.5,675.5,702.0,546200,-1.0,-1.0,1.3688304184027706
2014/09/08,706.0,712.0,698.0,708.0,364000,-1.0,-1.0,1.2575809625161662
2014/09/09,708.0,710.5,694.0,694.5,271800,-1.0,-1.0,1.2276617287161886
2014/09/10,694.5,700.0,681.5,687.5,390400,-1.0,-1.0,1.2245170500389977
2014/09/11,696.0,697.0,679.0,683.5,234000,-1.0,-1.0,1.1877756864702305
2014/09/12,684.0,684.0,663.5,672.0,304600,-1.0,-1.0,1.167212271829146
2014/09/16,669.0,672.0,661.0,668.5,268200,-1.0,-1.0,1.0904586035206354
2014/09/17,665.0,670.0,656.5,656.5,184800,-1.0,-1.0,1.0802984562767894
2014/09/18,656.5,665.0,655.0,660.5,201600,-1.0,-1.0,1.0976079921617221
2014/09/19,663.0,712.0,660.0,675.5,662600,-1.0,-1.0,1.0854491618367117
2014/09/22,680.5,693.5,670.5,675.0,215600,-1.0,-1.0,1.1041212830432046
2014/09/24,675.0,681.0,672.5,673.5,159600,-1.0,-1.0,1.1029752357369298
2014/09/25,673.5,677.5,673.0,676.5,136800,-1.0,-1.0,1.0224042075058488
2014/09/26,685.0,694.5,677.5,687.0,243200,-1.0,-1.0,1.0318966529033085
2014/09/29,691.0,691.5,681.5,688.5,179000,-1.0,-1.0,0.9715065109198483
2014/09/30,685.0,687.5,671.0,680.5,206000,-1.0,-1.0,0.9777305217786961
2014/10/01,665.5,670.5,650.5,652.0,337400,-1.0,-1.0,0.9549058953071702
2014/10/02,637.0,639.5,620.5,622.5,385800,-1.0,-1.0,0.9469108740435068
2014/10/03,620.0,636.5,620.0,633.0,213000,-1.0,-1.0,0.9374506162784878
2014/10/06,644.0,645.5,635.0,641.0,159600,-1.0,-1.0,0.9366137560527682
2014/10/07,649.5,649.5,636.5,638.0,210600,-1.0,-1.0,0.9371269874876818
2014/10/08,625.0,639.5,620.0,636.5,139000,-1.0,-1.0,0.947043311695631
2014/10/09,637.0,639.5,617.5,617.5,182000,-1.0,-1.0,0.9596246294519223
2014/10/10,604.5,618.0,603.0,612.0,237600,-1.0,-1.0,0.9787354846236569
2014/10/14,600.5,604.0,589.5,597.0,289800,-1.0,-1.0,1.0390005246883214
2014/10/15,601.0,610.5,595.0,600.5,147600,-1.0,-1.0,1.0351908080999312
2014/10/16,585.0,600.0,585.0,593.0,222000,-1.0,-1.0,1.0477024375445474
2014/10/17,590.5,605.0,580.5,584.0,207800,-1.0,-1.0,1.0615389979782668
2014/10/20,629.0,629.0,614.0,620.0,187000,-1.0,-1.0,0.9214924176537055
2014/10/21,623.5,626.5,615.0,620.0,182400,-1.0,-1.0,0.920534019112607
2014/10/22,630.0,656.5,630.0,656.5,315800,-1.0,-1.0,1.0319935440435768
2014/10/23,656.5,656.5,633.0,633.0,218800,-1.0,-1.0,0.9723881718493494
2014/10/24,651.5,652.5,643.0,649.0,144600,-1.0,-1.0,0.9894934001467984
2014/10/27,652.5,653.0,643.5,645.5,113800,-1.0,-1.0,0.9417187608573084
2014/10/28,645.0,649.5,638.5,643.5,95600,-1.0,-1.0,0.94000898926337
2014/10/29,649.5,657.5,647.0,649.0,94600,-1.0,-1.0,0.93678624112432
2014/10/30,646.5,652.0,637.0,649.0,132400,-1.0,-1.0,0.9329980385312098
2014/10/31,654.5,701.5,646.0,669.5,448600,-1.0,-1.0,1.0123714860202084
2014/11/04,687.5,687.5,637.0,637.0,512000,-1.0,-1.0,0.9099413235674433
2014/11/05,628.0,633.5,611.5,618.5,506800,-1.0,-1.0,0.8648549021607376
2014/11/06,618.5,624.5,596.0,599.0,462400,-1.0,-1.0,0.8454945193194413
2014/11/07,600.0,610.5,600.0,606.0,260000,-1.0,-1.0,0.8440154684500623
2014/11/10,608.0,610.5,602.0,607.0,128400,-1.0,-1.0,0.8600168107901035
2014/11/11,615.0,617.5,606.5,615.5,184400,-1.0,-1.0,0.8583845791000305
2014/11/12,611.0,614.5,601.5,601.5,199800,-1.0,-1.0,0.8444626317147228
2014/11/13,601.5,608.0,597.5,606.0,147600,-1.0,-1.0,0.8402889302727293
2014/11/14,624.5,625.0,607.0,614.5,206400,-1.0,-1.0,0.8470897859593134
2014/11/17,617.5,617.5,603.0,604.5,143800,-1.0,-1.0,0.864312409080048
2014/11/18,611.0,620.0,605.5,611.5,291200,-1.0,-1.0,0.8558875451137723
2014/11/19,612.0,621.5,610.0,619.5,179000,-1.0,-1.0,0.8635771815183165
2014/11/20,622.5,629.0,618.5,626.0,121600,-1.0,-1.0,0.8591215966322577
2014/11/21,629.0,637.0,621.5,635.5,255000,-1.0,-1.0,0.8223586942093556
2014/11/25,636.0,639.0,616.0,619.0,240000,-1.0,-1.0,0.7951784835750334
2014/11/26,615.0,616.0,604.0,605.0,345600,-1.0,-1.0,0.7678881259220948
2014/11/27,605.0,610.0,601.0,601.0,292800,-1.0,-1.0,0.7739395672101697
2014/11/28,608.0,628.5,606.5,627.5,563000,-1.0,-1.0,0.8254884456190147
2014/12/01,623.5,627.5,622.5,627.5,113600,-1.0,-1.0,0.9127557455350721
2014/12/02,628.0,634.0,622.5,631.5,134400,-1.0,-1.0,0.9128582875658828
2014/12/03,629.5,644.0,628.0,632.0,265800,-1.0,-1.0,0.9122366369497582
2014/12/04,634.0,638.5,630.0,634.0,122000,-1.0,-1.0,0.9078111191238085
2014/12/05,625.5,634.0,623.0,629.5,237400,-1.0,-1.0,0.9398035672424792
2014/12/08,644.5,644.5,627.5,630.0,189400,-1.0,-1.0,0.9514395743636843
2014/12/09,624.0,635.0,624.0,630.5,133400,-1.0,-1.0,0.9604085905550561
2014/12/10,627.5,627.5,618.5,624.0,177000,-1.0,-1.0,0.9752935142023813
2014/12/11,612.5,630.0,611.5,628.0,193400,-1.0,-1.0,0.987607155686706
2014/12/12,625.5,642.0,613.5,614.0,275200,-1.0,-1.0,0.9703400453716692
2014/12/15,625.0,625.0,614.5,614.5,98200,-1.0,-1.0,0.9639134269203071
2014/12/16,612.5,622.5,611.0,617.5,168600,-1.0,-1.0,0.9867235194196252
2014/12/17,617.5,629.5,614.0,617.5,138000,-1.0,-1.0,0.987729322395115
2014/12/18,625.0,638.5,621.5,624.0,221600,-1.0,-1.0,0.9975359053234994
2014/12/19,630.0,632.5,614.5,617.5,187800,-1.0,-1.0,0.9546212724310461
2014/12/22,617.0,618.0,605.5,609.0,205400,-1.0,-1.0,0.9888007841079095
2014/12/24,605.0,616.5,605.0,608.5,187000,-1.0,-1.0,0.9774838884687291
2014/12/25,606.5,613.0,600.0,606.0,204800,-1.0,-1.0,0.9703787315438694
2014/12/26,606.0,611.5,603.0,607.5,149200,-1.0,-1.0,1.0019323060003553
2014/12/29,611.0,624.0,608.5,621.5,199400,-1.0,-1.0,0.9575708312006698
2014/12/30,623.0,623.0,614.5,616.5,82000,-1.0,-1.0,0.9654718750049195
2015/01/05,621.5,621.5,608.5,616.5,89600,-1.0,-1.0,0.9762330076082879
2015/01/06,610.0,610.5,604.5,605.0,152400,-1.0,-1.0,1.0008306364217618
2015/01/07,601.5,604.0,595.5,597.5,209800,-1.0,-1.0,0.9947486136651283
2015/01/08,600.5,603.5,595.0,596.0,197800,-1.0,-1.0,0.9723018952114214
2015/01/09,600.0,601.5,577.5,580.0,367800,-1.0,-1.0,0.912782660939597
2015/01/13,582.0,594.5,580.0,593.5,277800,-1.0,-1.0,0.9261462344447816
2015/01/14,584.5,593.0,581.0,584.0,85400,-1.0,-1.0,0.9236392249239502
2015/01/15,581.0,588.0,575.0,586.5,174200,-1.0,-1.0,0.8893833178863141
2015/01/16,576.5,582.5,555.0,573.5,420400,-1.0,-1.0,0.8909312841315167
2015/01/19,577.5,579.0,566.5,568.5,113800,-1.0,-1.0,0.928100510438169
2015/01/20,561.0,571.0,558.5,564.5,266600,-1.0,-1.0,0.9030049017364047
2015/01/21,564.0,580.0,563.0,577.5,225000,-1.0,-1.0,0.9408263825473938
2015/01/22,569.5,572.5,562.0,570.0,94600,-1.0,-1.0,0.9411254650444197
2015/01/23,570.0,590.5,567.0,586.0,188400,-1.0,-1.0,1.0474336521683998
2015/01/26,575.0,582.5,575.0,578.0,102000,-1.0,-1.0,1.0307929602680863
2015/01/27,583.5,588.5,574.5,577.5,133800,-1.0,-1.0,1.0125541871841517
2015/01/28,569.0,582.5,567.0,580.0,159800,-1.0,-1.0,1.0131322029003136
2015/01/29,575.0,582.5,573.0,574.0,116000,-1.0,-1.0,1.0087227239890768
2015/01/30,574.5,575.5,558.0,568.5,212200,-1.0,-1.0,0.9938082934031838
2015/02/02,512.0,547.5,502.5,537.0,530200,-1.0,-1.0,0.9108388787140751
2015/02/03,530.5,535.0,513.5,517.5,349800,-1.0,-1.0,0.8916322441632513
2015/02/04,525.5,543.0,522.0,530.5,287400,-1.0,-1.0,0.8925908481143853
2015/02/05,525.5,532.5,515.0,521.5,189800,-1.0,-1.0,0.8665087271103208
2015/02/06,522.5,534.5,517.5,521.0,221600,-1.0,-1.0,0.8545135954071386
2015/02/09,520.5,530.5,520.5,522.5,186600,-1.0,-1.0,0.8732961648177267
2015/02/10,517.5,528.5,514.0,516.5,241000,-1.0,-1.0,0.8543784188491711
2015/02/12,516.5,524.5,512.5,513.5,310600,-1.0,-1.0,0.8366305489744905
2015/02/13,510.0,512.0,503.5,507.5,442400,-1.0,-1.0,0.8258128379377069
2015/02/16,507.5,512.5,503.5,505.0,378800,-1.0,-1.0,0.8480125575262516
2015/02/17,504.0,521.5,504.0,517.5,434600,-1.0,-1.0,0.870850525932869
2015/02/18,521.5,522.5,505.5,508.0,398800,-1.0,-1.0,0.8410692420225745
2015/02/19,510.0,517.0,508.5,513.5,228000,-1.0,-1.0,0.8577196269131091
2015/02/20,515.0,522.5,515.0,521.5,302600,-1.0,-1.0,0.849696461449479
2015/02/23,521.5,521.5,511.5,515.0,269400,-1.0,-1.0,0.8104015725449725
2015/02/24,515.0,522.5,515.0,519.5,320600,-1.0,-1.0,0.8120287133053128
2015/02/25,520.0,526.0,518.0,520.0,299600,-1.0,-1.0,0.8121817233181681
2015/02/26,520.5,528.0,517.5,527.0,338800,-1.0,-1.0,0.8215530784921474
2015/02/27,530.0,544.0,530.0,539.0,661800,-1.0,-1.0,0.834804245567045
2015/03/02,534.5,540.0,526.5,537.0,410800,-1.0,-1.0,0.926514613134524
2015/03/03,540.5,544.0,528.5,531.5,437400,-1.0,-1.0,0.9190861391821441
2015/03/04,525.0,526.0,510.0,511.0,647800,-1.0,-1.0,0.9023176254136586
2015/03/05,518.0,519.0,503.0,506.0,720200,-1.0,-1.0,0.8720102808057614
2015/03/06,510.0,511.0,505.5,508.5,243800,-1.0,-1.0,0.8755828660568464
2015/03/09,505.0,507.5,503.0,504.0,267800,-1.0,-1.0,0.898842720417303
2015/03/10,505.5,509.0,503.5,505.5,248200,-1.0,-1.0,0.8930467319959431
2015/03/11,502.5,508.0,501.0,504.0,254000,-1.0,-1.0,0.8911025138483545
2015/03/12,504.5,508.0,502.5,504.5,487800,-1.0,-1.0,0.8977797891222012
2015/03/13,504.0,510.5,503.5,506.0,323600,-1.0,-1.0,0.9104738002345988
2015/03/16,508.0,521.0,508.0,518.0,321400,-1.0,-1.0,0.9605528220616824
2015/03/17,526.0,527.0,520.0,523.0,335400,-1.0,-1.0,0.9591796350943339
2015/03/18,525.0,530.0,513.5,516.5,254400,-1.0,-1.0,0.9377809358666368
2015/03/19,521.5,521.5,509.0,518.0,253800,-1.0,-1.0,0.9098274122340179
2015/03/20,524.5,524.5,519.0,521.5,211600,-1.0,-1.0,0.9484706266965578
2015/03/23,525.0,533.5,523.5,529.5,443400,-1.0,-1.0,0.9518526801671672
2015/03/24,530.5,532.5,524.0,531.0,386800,-1.0,-1.0,0.9568551420220212
2015/03/25,529.5,551.5,526.0,546.0,512600,-1.0,-1.0,0.9841337557228634
2015/03/26,550.5,553.5,544.0,547.5,280400,-1.0,-1.0,0.999078459704101
2015/03/27,538.0,545.0,521.0,526.5,248600,-1.0,-1.0,0.9935296798999634
2015/03/30,525.0,526.5,512.5,519.5,295400,-1.0,-1.0,0.9591634404132336
2015/03/31,528.0,531.0,523.0,524.5,260200,-1.0,-1.0,0.9661426497991862
2015/04/01,530.0,537.5,526.5,530.5,408800,-1.0,-1.0,0.9817902825033912
2015/04/02,531.0,542.5,528.0,537.5,287400,-1.0,-1.0,0.9885852851810628
2015/04/03,537.5,541.0,531.5,540.0,139800,-1.0,-1.0,1.0348584941357748
2015/04/06,542.0,542.0,533.5,536.5,107200,51.71414771829673,51.946755455575286,1.070283506297384
2015/04/07,542.5,557.0,542.5,557.0,378400,53.34795453180989,53.37410421502575,1.126331362977274
2015/04/08,557.0,564.5,550.5,553.5,261000,54.52585759859204,54.65154743764911,1.1093414260607584
2015/04/09,563.5,564.5,555.5,558.5,199600,54.53754277409377,54.82725390618272,1.1256212691641811
2015/04/10,550.5,555.5,536.0,552.0,322000,54.94466042374838,55.90287455267936,1.0976056610052878
2015/04/13,552.0,558.5,542.0,544.5,310800,54.27999179224352,55.46811381109047,1.05471492083099
2015/04/14,558.0,579.0,554.5,577.5,602600,57.024120554395296,57.92468619815775,1.30460761800026
2015/04/15,575.0,583.0,565.5,579.0,364800,55.13486976799229,55.789823285262905,1.3203280631209926
2015/04/16,575.0,585.5,573.0,585.5,208200,55.02238618500815,55.35370513807393,1.3200421154875528
2015/04/17,583.5,586.5,579.0,581.5,264800,54.0951154086752,54.091003054288414,1.358726692627287
2015/04/20,575.5,586.0,568.5,581.0,204000,54.08472757994519,54.15863816493651,1.3497000258569138
2015/04/21,579.0,583.0,564.0,570.5,264400,53.37395945568307,53.36130833099606,1.2939979504261387
2015/04/22,568.5,573.0,566.5,570.5,214000,54.44819742261491,54.54600602235906,1.2715225066548113
2015/04/23,570.5,576.5,570.5,574.0,108400,52.951561162909464,53.20122094278533,1.252104001467008
2015/04/24,571.0,573.5,568.5,570.5,150000,51.916999557857224,52.06054258767169,1.1802022369252396
2015/04/27,570.0,570.5,562.5,567.0,182600,50.930833161590606,51.066878985340004,1.2191358721805907
2015/04/28,561.5,569.0,557.5,559.0,531000,52.45064835869962,52.537142029231255,1.1785292822563003
2015/04/30,556.0,570.5,555.0,563.5,269400,55.67963052992023,55.69117975025441,1.2058057564964884
2015/05/01,555.0,555.0,527.0,533.0,677800,52.46436022362032,52.857521643794726,1.0155231162503524
2015/05/07,529.0,532.0,518.5,520.0,358200,52.51351357828072,52.692570642203066,0.9835527383942587
2015/05/08,525.0,535.5,523.5,533.0,199400,54.12913133731183,54.227804415490354,1.0019599512944488
2015/05/11,538.0,538.5,527.5,528.5,174000,54.956755838637164,55.20861849808097,1.00833656207209
2015/05/12,528.0,530.5,520.5,528.5,178800,55.220944932810966,55.248373211302614,1.005831976196049
2015/05/13,528.5,532.0,525.0,530.0,147000,54.94979208524303,55.603116419409446,1.0055450362793987
2015/05/14,533.5,538.0,530.0,531.0,130200,54.52618796091697,55.254530678051836,0.8945142321296242
2015/05/15,534.0,534.0,521.0,522.0,208800,53.92635070862107,54.443041618839025,0.8588472772181027
2015/05/18,521.5,531.5,521.5,529.0,162600,55.849195923780684,56.07345620834244,0.8542040099201752
2015/05/19,529.0,532.0,522.5,524.0,171400,55.422991881834264,55.68455829114747,0.835814155302231
2015/05/20,525.0,529.5,521.0,524.5,230000,55.21149321605792,55.57073106962315,0.8280427584398606
2015/05/21,526.5,529.0,524.5,527.0,115000,56.15721114556178,56.187063308146776,0.8631851246773798
2015/05/22,527.5,532.0,524.5,528.5,146200,56.37913032782986,56.590706384498304,0.8708530729714697
2015/05/25,532.0,536.5,529.0,534.0,196400,54.84344518191334,55.20643630411374,0.8682374742205304
2015/05/26,535.0,537.5,528.5,531.0,172000,53.037842697455176,53.331975417436354,0.8549701294716265
2015/05/27,531.0,532.5,527.5,530.0,71400,54.60902157443688,54.959309688054056,0.8575330748270694
2015/05/28,530.0,531.0,516.0,519.5,390000,52.30791498760149,52.55654334097039,0.8564038085262963
2015/05/29,518.0,522.0,515.0,519.5,234200,52.24977628812481,52.70911305657585,0.8397506360391811
2015/06/01,516.0,520.0,514.0,515.0,183000,56.70127973558866,56.778336989668,0.9074517394328034
2015/06/02,514.5,520.0,511.0,518.0,223200,58.009357144660235,58.16760899465133,0.9144990520710596
2015/06/03,512.5,529.0,510.0,528.5,414600,59.794308038362246,60.03180235090871,0.9591817781471317
2015/06/04,528.5,529.0,522.0,523.0,136200,60.145247930027054,60.18244273070529,0.9478684951693561
2015/06/05,521.0,526.0,517.5,523.5,116600,59.668520839799065,59.96704452923143,0.9526212420724416
2015/06/08,525.5,525.5,521.5,522.5,108600,61.41243807920077,61.71586629475008,0.9597722132302825
2015/06/09,521.5,522.5,511.0,513.0,274400,61.19481459363102,61.65895089138059,0.9645917958688219
2015/06/10,511.0,516.5,510.5,513.0,184000,61.652798166368314,62.412293315639644,0.9670058792714138
2015/06/11,515.0,530.5,513.5,528.0,259000,62.25906692787853,63.61942807737281,0.9966214191574022
2015/06/12,528.5,528.5,517.5,523.0,252800,62.108007075037975,63.23393820673772,0.982772745046875
2015/06/15,520.0,525.0,518.0,524.0,84000,61.805202581707974,63.067423461336716,1.0037108227985212
2015/06/16,525.5,532.5,523.5,525.5,176200,60.89080596976546,62.19222131776914,1.013266492209033
2015/06/17,528.5,529.5,525.0,528.5,93600,61.4468584713485,62.84580622123983,1.018750557897711
2015/06/18,529.0,529.0,520.5,520.5,109200,62.29871800876231,63.64178089105161,1.0364177205218343
2015/06/19,530.0,540.0,521.5,527.5,225400,63.50386704762296,64.93562193620976,1.0520117305567056
2015/06/22,526.0,532.0,525.0,532.0,120800,63.78543715728474,65.18101026843566,1.0422112130618268
2015/06/23,534.0,545.5,532.0,544.5,367600,63.81208962803894,65.34699369953877,1.0424604351692897
2015/06/24,546.0,557.5,545.0,556.0,391600,64.82196922308322,66.5023129597348,1.079824483264176
2015/06/25,550.0,559.0,549.0,558.5,224200,66.12267388975876,67.8393922326769,1.0991133981636474
2015/06/26,555.0,557.5,545.0,548.5,280600,64.18334494327883,66.18327108382186,1.0835781628833734
2015/06/29,518.5,543.0,517.5,533.5,191600,63.145638250890144,65.07913341232911,1.1009936914762923
2015/06/30,540.0,544.0,534.5,543.5,141600,64.9783294472003,67.14855395473388,1.1101636976946974
2015/07/01,542.5,550.5,536.0,547.5,89000,65.7042922898226,68.018333395898,1.115342249140598
2015/07/02,557.5,559.5,549.5,552.0,176000,65.78927184671001,68.23955742336693,1.1069831774986278
2015/07/03,553.0,553.0,539.5,542.5,116400,65.44587195351727,67.74265705387425,1.0496213558883718
2015/07/06,531.5,544.5,531.5,533.5,156000,65.2735265302714,67.42310548273241,1.0662082625496343
2015/07/07,541.5,552.0,537.5,540.0,120400,64.11487688772785,66.47049476961624,1.0733201025093533
2015/07/08,535.0,539.0,515.5,517.5,196800,62.69050985040515,64.93460324143126,1.1226886061205243
2015/07/09,510.0,523.5,495.0,522.0,315400,64.31513780310341,66.89062096166542,1.1562468924412646
2015/07/10,520.5,532.5,515.0,518.5,135200,63.75359358412891,65.91587066070768,1.1375177588817984
2015/07/13,516.5,524.0,515.0,519.5,66800,63.54368369381257,65.45200529295833,1.0777034343994727
2015/07/14,522.5,540.0,522.5,533.0,132800,64.87119284555534,66.76419986828466,1.1513396627485073
2015/07/15,540.0,543.0,534.5,540.5,123000,65.62439461087412,67.54554254673019,1.174170784733937
2015/07/16,542.0,542.0,525.0,527.5,151800,64.46860300964067,66.24752216414228,1.052889209568203
2015/07/17,531.5,531.5,522.5,528.5,78400,62.454157176942715,64.39245932574065,1.0523657667426707
2015/07/21,533.0,533.0,524.5,527.0,54800,60.95251799389697,62.98083199917065,1.008436998203022
2015/07/22,528.5,536.5,524.5,530.0,125000,62.1744356821638,64.20508276016845,1.0389082857658178
2015/07/23,537.5,543.0,531.0,538.0,122800,61.30385412399939,63.276901149520526,1.0679015981531552
2015/07/24,539.0,564.0,539.0,553.5,331200,62.76682174274208,64.55365785422623,1.159893721641069
2015/07/27,555.5,560.0,544.0,545.5,165000,65.24724894483826,67.13535672733344,1.2278593246205727
2015/07/28,531.0,536.5,523.0,531.5,197800,65.80746813140904,67.83369886493567,1.2014137432643677
2015/07/29,535.0,537.5,525.0,530.5,76000,65.3596164329124,67.07569009727291,1.1926626990863105
2015/07/30,532.5,536.5,530.5,534.0,83600,65.34555674882931,67.20418278741673,1.165216934654743
2015/07/31,548.5,556.5,542.5,544.5,188000,66.81881927268849,68.41389744153786,1.19855053375968
2015/08/03,529.5,536.5,520.0,522.5,291600,64.29535758107983,65.6518220588631,1.113170422472661
2015/08/04,527.5,528.0,504.5,509.5,427800,62.20571761616805,63.42634346268298,0.9356444511375428
2015/08/05,512.0,519.0,512.0,515.5,145200,62.046474372306214,63.373769513673906,0.943864052606681
2015/08/06,516.5,520.0,513.5,513.5,120200,62.668218522074284,63.9115129251812,0.9121177424347625
2015/08/07,513.0,520.0,511.5,517.0,188200,63.39894642547578,65.03262635886725,0.9246614947396733
2015/08/10,517.0,517.0,508.0,511.5,174000,62.45583023609679,63.61023398993451,0.948773887594026
2015/08/11,511.5,516.5,509.0,513.0,192600,61.991832506963505,63.14039707516389,0.950293659815228
2015/08/12,505.0,517.0,504.0,507.0,278600,62.518595585389704,63.49607093818969,0.952675343338742
2015/08/13,505.5,515.0,505.0,511.0,217000,61.73397701921293,63.23892584838045,0.9183827949588257
2015/08/14,512.5,512.5,505.0,508.5,144200,60.8348380813927,62.21128890035038,0.903210987984835
2015/08/17,510.0,522.5,508.0,521.0,154200,61.50073643766567,62.89471856599628,1.017472548806212
2015/08/18,520.0,532.5,518.0,529.5,185200,63.88431104745902,65.07180562327818,1.0677804088628269
2015/08/19,529.5,541.5,524.0,529.0,256400,65.36298629157966,66.39266364954351,1.0820288793933344
2015/08/20,525.0,529.5,513.0,513.0,125400,64.52984797479434,65.9498606180685,1.060327342689873
2015/08/21,502.0,508.0,500.5,503.5,247000,65.83067355749981,67.31876462499542,1.0616337322099345
2015/08/24,487.5,494.0,465.5,466.5,353000,64.19007473317721,66.4681827203592,0.8591341882372043
2015/08/25,399.5,460.5,399.5,440.0,404000,60.20820184285147,61.95546878497068,0.903742316776412
2015/08/26,435.0,453.5,435.0,450.0,192200,58.34458374662629,60.0094303733437,0.8777957502739814
2015/08/27,465.5,474.5,455.0,457.5,182600,58.67272096951803,60.17241265815708,0.8969473678657038
2015/08/28,470.5,479.0,467.5,476.0,135400,58.48686156902102,59.83401084010853,0.8983142693868745
2015/08/31,480.0,481.5,469.5,476.0,119800,57.77444001971917,58.86567800030613,0.9590542003902999
2015/09/01,468.5,469.0,450.5,450.5,133200,55.829514447227204,56.79613419031474,0.9612446267415637
2015/09/02,435.0,455.0,435.0,442.5,123600,54.24778586514518,55.40983770903969,0.9532685742093698
2015/09/03,446.0,449.5,438.0,439.0,151200,54.224851376275275,55.27880403293136,1.0616982498058936
2015/09/04,437.5,443.5,425.0,430.0,164600,53.94299793518334,54.83701823341717,1.066383067272907
2015/09/07,422.5,431.0,415.5,422.0,121600,52.41158488819294,53.54325982037304,1.0721823348248984
2015/09/08,420.0,428.0,412.0,412.5,79200,53.67650094140372,54.48627644315638,1.0739607097780768
2015/09/09,425.5,435.0,424.0,434.0,98400,53.099389472684024,54.72716634089364,1.0216076462032557
2015/09/10,425.5,469.0,424.5,467.0,254000,59.399751991524305,60.55356414057545,1.2674693862846838
2015/09/11,474.0,499.0,469.5,478.0,602600,62.11144284002382,63.12948309513047,1.3188353584090502
2015/09/14,473.0,484.0,460.0,464.0,107800,61.472994273734805,62.21623585379221,1.2206434975761808
2015/09/15,468.0,473.5,446.0,456.5,273000,60.27543886929194,61.21770183150754,1.191283391024096
2015/09/16,461.0,470.0,450.5,453.5,99400,60.39999986085098,61.21459275546556,1.1677974954661616
2015/09/17,451.0,465.0,451.0,458.5,74400,60.51149674053927,61.32105900188598,1.1092452303085263
2015/09/18,457.0,458.0,444.0,447.5,101200,59.83506608248958,60.33680745669879,1.0914326885994698
2015/09/24,443.0,452.5,441.5,442.0,102000,60.882990278350256,61.648626513869885,1.1255365933021202
2015/09/25,441.0,453.5,430.5,453.0,127200,59.85167881032019,60.411794348888925,1.1747114404217558
2015/09/28,453.0,473.0,451.5,471.5,151600,63.30301347883791,63.656888900438325,1.243585652517559
2015/09/29,464.5,467.0,453.0,454.5,150400,63.801634140309126,64.39873607721795,1.2786365137800844
2015/09/30,463.0,467.0,451.0,465.0,145000,65.96275530992845,66.62139179932402,1.278295201769982
2015/10/01,466.0,471.5,453.0,468.5,138000,66.5111040865267,66.77947911807493,1.250875858329757
2015/10/02,462.5,462.5,454.0,461.5,149000,64.61263159304053,64.71353317625204,1.2279234624181405
2015/10/05,462.5,467.0,457.0,461.0,98000,63.472822709683655,63.68902113863669,1.1934923236139268
2015/10/06,470.0,470.0,459.5,462.5,133600,62.9164019373438,63.40755658283426,1.1850342503844171
2015/10/07,468.0,480.0,465.5,478.5,133000,63.988229849826105,64.18497356865176,1.2001320347662279
2015/10/08,478.5,478.5,464.5,469.0,48600,64.80544899840953,64.64022379530466,1.1766959432129158
2015/10/09,469.5,475.5,467.5,475.5,55200,64.47280269364003,63.74582916136249,1.2055528493552627
2015/10/13,471.0,482.5,471.0,479.5,72800,65.79059877733816,64.88331088380741,1.0301974245975045
2015/10/14,475.0,475.5,464.0,468.0,93800,65.6618186240288,64.83875612880902,1.0352991602662087
2015/10/15,460.5,481.5,460.5,472.5,79400,64.89222758908977,63.89996522159994,1.0572625025466698
2015/10/16,479.0,481.0,473.0,473.5,68800,64.41563946723954,63.38491887111313,1.083830122102592
2015/10/19,474.5,474.5,466.5,469.0,54400,63.04544317429988,61.96045945756401,1.0669763009365074
2015/10/20,474.0,474.0,460.0,463.5,59600,60.78597250831896,60.10243626618204,1.0383038718722313
2015/10/21,463.5,472.5,462.5,472.5,95200,58.94482569288424,58.28336201249875,1.031884398853163
2015/10/22,469.5,480.5,468.0,473.5,66600,61.42549681320432,60.71725238729003,1.044028719286037
2015/10/23,482.0,482.0,475.5,479.5,84800,60.01448367229828,59.29954020322936,1.041365655861726
2015/10/26,484.0,484.0,471.5,475.0,133400,59.766339158669034,59.20365659689038,0.9211553083024249
2015/10/27,475.0,476.5,470.0,471.0,62000,59.75645557784173,59.385415452060265,0.9243469077408857
2015/10/28,472.5,472.5,464.5,466.5,91200,59.14463270336894,59.03177260637681,0.9073800549477615
2015/10/29,467.5,470.5,461.5,468.5,96600,59.6932384410261,59.673332570508165,0.8923815655429428
2015/10/30,473.5,473.5,462.5,464.5,76800,59.675255869332524,59.38141604380842,0.8747621427127016
2015/11/02,462.5,462.5,453.5,456.0,89600,64.60920656170364,64.16339089728686,0.911626296453965
2015/11/04,464.5,490.5,464.5,485.5,378200,70.2448526912446,69.90137154272638,1.0661371622860802
2015/11/05,485.5,493.0,482.0,484.5,187400,71.05186177049526,70.54730200560428,1.0603670755591719
2015/11/06,485.5,488.0,475.0,482.5,102400,69.762875545818,69.44022120795614,1.0294283317391624
2015/11/09,489.0,489.0,479.5,481.5,131000,67.76589925174414,67.814043982721,1.0172132675458925
2015/11/10,476.0,482.5,476.0,479.0,56200,67.74594208085223,67.33198378853568,1.0131582060848605
2015/11/11,479.0,481.0,474.0,478.5,95000,69.47425376954907,68.66702154925365,1.0078141275367722
2015/11/12,477.0,482.0,475.0,479.0,108400,69.79351649011699,68.92129366177481,1.0106041116147206
2015/11/13,485.0,539.0,482.5,536.0,703800,77.85127384035678,77.02673268810636,1.2621136935867523
2015/11/16,539.5,544.0,528.0,541.0,365200,78.32846057390627,77.79833676860683,1.2464056384656388
2015/11/17,541.0,553.0,535.0,545.0,305400,78.74383655523232,78.37969785667897,1.265846572548666
2015/11/18,549.0,552.5,538.5,546.5,194800,77.61899563372683,77.65223251293651,1.268871855056249
2015/11/19,549.0,552.0,544.0,547.0,155400,76.12119467702789,76.31065816756693,1.2738739118363704
2015/11/20,545.0,546.0,528.0,542.0,124600,74.4661543941708,74.48782876841094,1.2738362980879163
2015/11/24,539.5,547.5,534.5,542.0,219600,76.49835613543273,76.8310108335084,1.2265444459416688
2015/11/25,547.0,558.5,542.5,554.0,251200,80.20215716870845,80.75927727631115,1.2590451201451944
2015/11/26,554.0,557.5,544.5,546.0,172200,78.56847258368961,78.9181601818796,1.2388774416128108
2015/11/27,548.0,558.5,548.0,558.5,188600,78.1533343570429,78.72675774371235,1.2633058447826542
2015/11/30,558.5,562.0,545.5,550.0,175200,78.07388759107101,78.85256947215096,1.1452098210933739
2015/12/01,555.0,561.0,550.0,558.0,250200,77.9886759995027,78.75796266411956,1.1388026995424496
2015/12/02,562.5,579.0,562.0,566.0,357400,79.59562288851953,79.91466207462977,1.1672438426084004
2015/12/03,574.0,576.5,563.0,572.5,221200,81.0038876998884,81.15445715500927,1.1421968304538086
2015/12/04,560.5,564.0,552.0,562.0,216800,82.02667657667138,81.99729081904684,1.156464246579846
2015/12/07,571.0,585.5,569.0,578.0,395400,83.53697158491535,83.78052159330359,1.2088140275094144
2015/12/08,577.5,586.0,562.0,564.0,222800,81.74676491031057,81.88935853711116,1.2406530499368993
2015/12/09,558.0,562.5,551.0,554.0,143200,80.09527816399941,80.29240103699486,1.2468807601140515
2015/12/10,549.5,561.0,547.5,557.5,144600,80.43485298096431,80.51460303814649,1.2551693924956226
2015/12/11,565.0,566.5,557.0,561.0,181800,82.53605107510728,82.53146518505379,1.2719844326786427
2015/12/14,543.5,550.5,540.0,549.0,148200,80.9004013637154,80.65230777712227,1.1389492837596196
2015/12/15,562.0,562.0,538.5,540.0,148200,78.92117046329294,78.76701914437763,1.138356915514037
2015/12/16,549.5,549.5,537.5,545.5,100400,77.99807506289818,77.52003795270647,1.1216656485816567
2015/12/17,556.0,563.0,547.5,561.0,186600,79.94651565396758,79.07948536052172,1.128508060471402
2015/12/18,562.0,573.5,556.0,557.5,217800,83.79083990079108,82.79512368446072,1.2279709712531075
2015/12/21,550.0,555.0,542.5,546.5,107000,83.66080148406851,82.80866682554284,1.277449949751954
2015/12/22,536.5,545.5,533.0,535.5,159200,83.19245409525682,81.82997326605495,1.1900607866191946
2015/12/24,532.0,536.5,517.5,520.5,247200,81.40703402601731,80.12074487531711,1.1125358694134158
2015/12/25,516.0,529.0,515.5,518.0,173000,80.95120312244543,80.27974169713971,0.9885306266614369
2015/12/28,520.0,542.0,520.0,538.5,100200,81.39550035862646,80.72143699463336,1.2301280837070536
2015/12/29,538.5,547.0,526.5,546.5,100600,81.49377739681614,80.84122622667346,1.2522232924653234
2015/12/30,550.0,558.5,550.0,555.0,127600,82.33851779744332,81.51760471855606,1.2918164036886233
2016/01/04,552.5,560.0,538.0,538.0,86200,82.33724801955827,80.99033647433326,1.0372494265281285
2016/01/05,538.0,549.5,529.0,544.5,168000,82.6976760640035,81.41276392128715,1.075152827375266
2016/01/06,543.5,549.5,518.5,525.5,148200,81.63570543556958,80.32705026934566,1.0199462248281435
2016/01/07,525.0,537.5,522.5,528.0,144400,85.59771796955887,83.71305914486507,1.0911949416462732
2016/01/08,523.0,536.5,517.5,522.5,140600,87.53993471174276,85.93207826689438,1.1057127018278459
2016/01/12,508.0,512.0,496.5,497.5,193600,83.18582143922934,82.19485057715234,1.0600144131913753
2016/01/13,500.0,532.5,500.0,528.0,135800,85.71746245067582,85.1377334095672,1.204033897284617
2016/01/14,510.5,520.0,505.5,515.5,150000,87.22007822496053,86.02273439788763,1.2292233028596524
2016/01/15,520.0,528.5,508.0,513.0,149200,87.97468549603195,86.98111099199527,1.2478728244149173
2016/01/18,496.0,512.5,496.0,507.0,60400,89.49091056312999,88.18481356045369,1.1810719169563213
2016/01/19,504.5,519.5,503.5,513.5,63400,92.66184399095265,91.43781365723551,1.1978152875809132
2016/01/20,511.5,520.5,492.5,494.5,120000,90.13588747117667,88.9301057700649,1.2070602905655217
2016/01/21,492.5,508.5,486.5,487.0,172000,92.43573166499253,91.21157221554299,1.3004655495031343
2016/01/22,500.0,518.5,497.0,517.5,178400,91.19144188211004,90.17615639391128,1.3829027992047747
2016/01/25,517.0,527.0,501.0,524.5,150800,92.64045055258336,91.3597078162857,1.239286500203818
2016/01/26,509.5,528.5,508.5,519.0,115200,95.56819590586025,94.24064742297708,1.2333787744859135
2016/01/27,525.0,538.0,525.0,538.0,72800,96.17309850928658,94.69365809705991,1.25528330451985
2016/01/28,536.0,553.0,533.0,550.0,173400,98.99434278521743,97.29729256203566,1.2914761197477833
2016/01/29,559.5,575.0,533.5,571.0,284600,101.33468310667826,99.24744064319474,1.26584743954446
2016/02/01,571.0,573.5,561.0,572.5,169000,104.77764371970648,102.68069048339576,1.258492941652703
2016/02/02,563.0,563.0,542.5,546.0,135000,103.04156218812177,101.17299439589051,1.1249708570071721
2016/02/03,532.5,537.0,525.0,532.5,165800,103.2233802060357,101.14289077246733,1.138178400701315
2016/02/04,532.0,539.5,519.0,520.5,118600,102.49964414153183,101.33899164437064,1.0698777266880668
2016/02/05,509.0,516.5,506.0,514.5,128200,103.61915586826372,102.23081051297417,1.1326018847704655
2016/02/08,510.5,533.0,510.5,531.0,84600,105.8559697269931,104.90365302673933,1.1587321522740837
2016/02/09,511.0,511.0,495.5,503.5,176600,106.98104912603101,106.70498498748945,1.192783417881414
2016/02/10,510.0,513.0,491.5,495.5,299200,110.41199202298071,110.56347467972658,1.2232363580231
2016/02/12,473.0,482.0,460.0,466.0,293800,110.00436489030767,111.24981366703119,1.0136762878163217
2016/02/15,480.0,489.0,468.0,485.0,204800,107.92088291636021,108.46604645296927,0.9234750242539748
2016/02/16,480.5,482.5,467.5,468.5,311600,101.42972730921191,102.0526020698591,0.8855074332641764
2016/02/17,468.0,479.0,461.0,472.0,127600,106.77621018573764,107.42349482515587,0.9037807583132594
2016/02/18,484.5,489.5,478.0,485.0,160200,106.50910968889863,107.68450286439435,0.911514021413185
2016/02/19,484.5,487.0,468.0,475.0,156800,104.57510356411548,105.78499897273808,0.8891672443901281
2016/02/22,475.0,491.5,475.0,491.0,75400,109.28105660340503,110.2150156833458,0.8667287537854098
2016/02/23,494.0,502.5,489.0,491.5,96200,109.64823825538738,110.51889034725355,0.8768969892625881
2016/02/24,489.0,502.0,485.0,494.0,134000,110.93348178130036,111.49906969864493,0.890641563144832
2016/02/25,494.0,506.0,494.0,501.0,85800,110.64808319477504,110.63574371839952,0.9162869146930707
2016/02/26,504.5,510.0,498.0,500.5,50200,107.82547513931264,107.91092386987988,0.8765613190844463
2016/02/29,510.0,512.0,496.0,500.0,99000,109.37758740034286,109.40382780316591,0.6723068460306023
2016/03/01,500.0,508.0,497.0,501.0,79600,110.25734687252312,110.63807159404686,0.685450576032576
2016/03/02,516.0,526.0,513.5,524.0,97000,114.52762175082705,115.26316561031305,0.724500523450069
2016/03/03,522.5,523.5,510.5,520.0,84200,113.62313570537188,114.37699579047973,0.9289290821108703
2016/03/04,521.0,537.0,520.0,529.5,99600,116.10178401862174,116.65928747769547,1.0180081272874049
2016/03/07,531.5,533.0,519.0,520.5,47400,114.74986467925767,116.1544096308033,0.9713409226835489
2016/03/08,520.0,523.5,504.0,516.0,108400,113.52346002748233,115.48551368126678,0.9563869552825316
2016/03/09,511.0,514.0,505.0,512.0,81000,114.29209317373167,116.32906142824886,0.9543376825056634
2016/03/10,517.5,534.0,515.5,534.0,117600,119.28064133230035,121.0696313988646,1.1551286383009998
2016/03/11,530.5,549.0,528.0,547.5,190400,122.9916925687473,124.20193400001558,1.2174261597898914
2016/03/14,550.0,554.0,543.5,552.5,144600,119.1144828111535,120.43845036072997,1.3799683264187934
2016/03/15,553.0,559.0,543.0,550.5,128800,119.52408904402274,120.47977318326394,1.371946308237302
2016/03/16,547.5,552.0,544.5,547.5,121400,122.05124291110056,123.29571761421067,1.3289062502820912
2016/03/17,550.0,555.5,541.5,545.0,118000,120.99248771193989,122.00025126910916,1.2207389739169074
2016/03/18,545.0,546.0,530.0,532.5,162200,119.42021307993207,119.98421612173149,1.1375739156654807
2016/03/22,542.5,546.5,540.0,546.0,134200,118.89766061421089,119.16208675926825,1.0739812754341318
2016/03/23,549.5,552.0,538.0,545.5,138800,116.04105998164462,116.59229697878727,1.0795446763408578
2016/03/24,547.0,568.5,545.5,561.5,490000,118.21348300067551,118.77484628088366,1.1463078459020228
2016/03/25,555.5,561.5,553.0,560.0,141400,120.64360685299434,120.90186062344239,1.1130367142527549
2016/03/28,566.0,588.5,560.5,569.0,448600,124.08389930711981,123.47218893030352,1.1172812905122773
2016/03/29,567.5,587.5,567.5,585.0,534400,125.25178679728621,124.93500114593957,1.1932933283775218
2016/03/30,583.5,585.0,577.0,581.5,160200,123.61406193189922,123.57095872410555,1.195557825849678
2016/03/31,582.5,588.0,571.5,572.0,344200,122.63742670038411,122.7676683422636,1.158747074165314
2016/04/01,577.5,578.0,558.0,559.5,154400,124.57747469298323,124.5307788193912,1.2518141750415044
2016/04/04,555.5,571.5,530.0,566.0,211200,126.92585143089377,126.39246125842622,1.2221613903600972
2016/04/05,554.0,561.5,549.0,549.0,118200,123.04500819870128,122.66750456476541,1.2472764350110843
2016/04/06,545.0,553.0,541.0,549.0,143600,124.90275269400331,124.27967736194809,1.2468197720653376
2016/04/07,550.5,561.0,537.0,548.5,124000,124.323377702409,123.02346806019114,1.2273922759511786
2016/04/08,538.5,553.5,533.5,549.0,155600,125.14244117313402,122.7703248182539,1.2646280102939633
2016/04/11,545.5,563.0,538.5,560.0,180800,129.97225239671536,127.47522979102155,1.2334908956856714
2016/04/12,560.0,569.0,553.0,563.0,161800,121.8473492396619,119.35793537794535,1.220510543908736
2016/04/13,567.0,578.5,562.0,577.0,196200,120.87698749196814,118.82875645853723,1.220172418262476
2016/04/14,583.5,600.0,578.0,594.5,671800,119.39793013169148,118.42384864073792,1.2278694867288886
2016/04/15,589.5,608.5,584.5,598.0,428800,119.95781321433772,120.00653062998087,1.2460540573869348
2016/04/18,604.0,615.0,597.5,611.0,562600,126.863986973293,126.07672301359902,1.33997236183768
2016/04/19,617.5,630.5,606.5,610.5,373200,126.25600994787507,126.31306045908453,1.2952921401887694
2016/04/20,614.0,620.0,598.0,602.5,135800,125.76927962224336,125.40512111046745,1.2684108403936367
2016/04/21,609.5,611.5,601.5,604.0,288600,122.34058139107269,122.68192979477097,1.2423103544076217
2016/04/22,600.5,601.5,585.5,594.0,233800,118.62123253087393,119.75297727368253,1.2273318624685954
2016/04/25,593.0,598.5,585.5,591.5,147400,119.53918328214696,120.48749240741141,1.137785253059929
2016/04/26,588.0,593.0,585.0,589.5,134400,121.8985734125549,123.31951624793183,1.1366344685097274
2016/04/27,594.5,601.5,592.0,596.5,371800,119.50587674580359,121.7993103161382,1.1498208597268413
2016/04/28,596.0,599.0,575.0,579.5,298800,120.45001968533342,122.18981951844923,1.1265034012438733
2016/05/02,539.0,554.0,525.0,530.5,352000,121.88689309396925,123.5757727456706,0.9344317560478359
2016/05/06,536.0,539.5,528.0,537.0,271000,121.22036529947489,123.2111996487423,0.9194863519523211
2016/05/09,542.5,543.0,531.0,538.0,241800,123.17197086125415,124.52058105465096,0.8961270719793876
2016/05/10,538.5,545.0,532.5,543.0,191600,121.72072797286914,123.3223540391129,0.8832549333113816
2016/05/11,546.5,547.0,534.5,542.0,153800,121.914535876024,122.95074090152569,0.882943454454517
2016/05/12,539.5,540.5,531.0,540.5,117400,119.66814749867805,121.13955932116092,0.8841027234560738
2016/05/13,538.0,538.0,524.0,525.0,237800,120.92416308472107,122.4328516628527,0.8578006398539537
2016/05/16,526.0,543.5,526.0,535.0,168000,122.16312324199474,124.47394014055718,0.7851334723870104
2016/05/17,537.5,550.5,532.5,550.5,207800,126.34010187315529,128.45241700755489,0.8490213634376943
2016/05/18,558.0,562.0,545.5,550.5,215600,127.35427382592425,128.87707633850872,0.8476139991821199
2016/05/19,554.0,558.0,541.0,543.5,159600,125.16269134782489,127.06950318748574,0.8589851964038671
2016/05/20,544.0,561.5,541.0,561.0,279800,128.5260273061339,130.20576154292425,0.9613650291089357
2016/05/23,566.5,569.0,547.0,551.5,111400,126.5882134058314,128.00093325204108,0.9749043754637847
2016/05/24,550.5,551.5,541.0,550.0,146800,128.305185329707,129.5855241161804,0.977078475131239
2016/05/25,555.5,555.5,542.5,544.0,87600,125.39790081412309,126.98187393357905,0.9182892410758025
2016/05/26,542.5,548.0,537.0,543.0,142200,128.0737697954393,130.2008863796118,0.9136378362612098
2016/05/27,547.0,549.5,540.0,546.5,63600,128.49471479318103,130.42414768349997,0.8974153518535736
2016/05/30,546.5,549.5,538.0,548.5,183200,128.35648240029346,130.87370396228027,1.026613221460096
2016/05/31,550.0,552.0,542.5,552.0,113800,127.018335445847,129.30136481085887,1.0183278917434013
2016/06/01,546.0,550.5,538.5,545.5,239200,124.63085543013925,126.55059933368855,1.0195734586777339
2016/06/02,540.0,542.0,528.5,529.0,114800,125.12104812838459,127.12724239642657,1.016306160692463
2016/06/03,526.5,534.0,525.0,532.5,161000,125.05934194986014,126.80840672932794,1.0207190372294932
2016/06/06,525.0,528.5,521.5,525.0,123400,123.9748739409158,125.33056935547549,1.0171472135041142
2016/06/07,525.0,525.0,518.0,520.0,144000,122.15873345857797,123.5611883491754,1.00106573211972
2016/06/08,517.5,517.5,505.0,514.0,249800,119.33653493181691,120.75796928294713,0.9810942489499742
2016/06/09,508.0,513.0,506.5,511.0,176800,118.34782161331339,119.31951014319165,1.0026492247036412
2016/06/10,511.0,516.0,509.0,513.5,197600,120.69129819777207,121.84996072225105,1.0116072754325272
2016/06/13,508.5,508.5,500.0,501.0,182200,121.68479340257275,122.95545962513472,1.0252937032852163
2016/06/14,502.0,503.5,495.5,497.5,234800,120.93161314723464,122.05734712001434,1.0320904430316855
2016/06/15,495.0,495.0,484.0,486.5,261200,116.91539975317498,117.75567777433757,1.012654911358956
2016/06/16,494.0,496.5,480.0,481.0,247400,119.69403726661376,120.3303897154704,0.9601042693821983
2016/06/17,483.0,493.0,481.5,486.0,180800,119.15049625003068,120.13571576151179,0.964712537652014
2016/06/20,493.5,501.0,489.5,498.5,125600,119.89645300529328,120.76369829780079,0.9375116388934899
2016/06/21,496.0,498.5,490.0,494.0,109800,116.7623762935887,117.54549904329632,0.9079169495540962
2016/06/22,499.0,499.0,491.0,492.5,145000,115.05690886150953,115.8353165048163,0.9110457728476615
2016/06/23,492.0,504.0,490.5,502.0,179400,114.97526279697176,115.64354952125306,0.9080728262159021
2016/06/24,501.0,504.0,469.0,473.5,429400,119.54814397952616,119.47778809006704,0.9678669043722556
2016/06/27,468.5,470.0,462.0,462.0,282800,113.75376039557669,114.79087411538178,0.8957046401727226
2016/06/28,461.5,468.0,456.5,464.5,194600,112.8644777840726,113.78342142203981,0.9006976473590093
2016/06/29,472.0,472.0,462.5,470.5,217000,112.22721188367323,112.70960680543138,0.9046692312495959
2016/06/30,478.0,484.0,478.0,479.5,137200,114.45271260316264,114.92504558431813,0.9303749067960454
2016/07/01,482.0,497.5,482.0,495.5,139600,119.62588754712817,120.28950146039779,1.0859102145859567
2016/07/04,497.5,503.0,488.5,500.0,258000,119.48187805428618,120.33669052816585,1.1554332097994213
2016/07/05,499.5,504.5,497.0,503.0,80200,121.13100075587609,121.35929350696534,1.17927392941746
2016/07/06,498.0,504.5,494.5,503.0,122200,124.74554360415414,124.62647712496602,1.2006801775552407
2016/07/07,498.5,504.5,495.0,499.5,135600,124.37392632453135,123.30182067413071,1.2237462836726551
2016/07/08,500.0,504.0,495.0,495.0,188200,124.99750334136648,124.95277949256014,1.2715900187011466
2016/07/11,502.5,526.0,497.5,522.5,159400,128.6270010810634,129.22763127890363,1.3508439184981673
2016/07/12,530.0,531.5,524.5,525.5,171600,124.86902993594879,125.66022640002654,1.3205747528444813
2016/07/13,533.0,536.0,530.5,535.5,128000,124.90600027231093,125.45026111834501,1.3211636482212352
2016/07/14,535.0,553.0,534.0,549.0,214400,130.84272959281313,131.83155352179764,1.44470262864928
2016/07/15,558.5,558.5,535.0,542.0,120600,128.37082980013528,129.48281275331328,1.4078627268836048
2016/07/19,545.0,548.0,541.5,547.5,43800,129.47622670691965,130.61484457049693,1.3167284772702275
2016/07/20,544.0,554.5,536.5,554.5,154600,129.15587824722385,130.14404063533482,1.3857740718144185
2016/07/21,555.0,563.0,551.0,559.5,137400,127.96108010439839,129.26879464160442,1.430583712713453
2016/07/22,553.5,557.5,550.0,556.0,87600,124.1174801712279,125.29766573939875,1.4192753907424178
2016/07/25,558.5,566.5,554.5,558.5,116800,125.35924645403153,126.52663154813382,1.1262970522995024
2016/07/26,553.5,556.0,544.5,549.0,89400,128.17055057060932,128.7825823560254,1.1256254706285655
2016/07/27,553.5,560.0,545.5,560.0,197600,128.60572472636386,130.50156241724525,1.134112639192985
2016/07/28,558.0,562.0,551.0,559.5,110400,130.5034993414929,132.0481181709552,1.145951274946424
2016/07/29,560.0,560.0,542.0,557.0,117600,127.08955846866591,128.3409692763829,1.1284762339745626
2016/08/01,550.0,554.0,545.5,547.0,87600,129.3093730842446,131.4403943467243,1.0654214345935338
2016/08/02,547.0,547.0,540.5,540.5,67600,132.80643298110434,135.42690646671863,1.0743128356517844
2016/08/03,526.0,540.5,510.0,531.0,132600,132.02596635042704,134.90295470823193,1.0417217546133735
2016/08/04,550.0,565.5,546.5,560.5,454000,138.76334957953767,142.38307723742923,1.069677224918527
2016/08/05,565.0,565.0,553.0,557.5,190600,137.48881492134484,141.47448732319054,1.047644704363228
2016/08/08,560.0,571.5,557.5,560.5,163800,136.94482136712762,141.95843534038448,1.0112192167990732
2016/08/09,560.0,573.5,559.0,567.0,144400,136.60556254468287,141.57542791696014,1.014604708933209
2016/08/10,563.0,565.5,556.0,557.0,126000,133.87350256093237,139.18340378064056,1.0018679069894363
2016/08/12,559.0,560.0,555.5,557.5,108200,132.96009752839632,137.9098292406309,1.022049600705136
2016/08/15,562.5,567.0,560.0,565.0,71800,132.5565237223907,137.78729395263093,1.0470157269752798
2016/08/16,566.5,570.0,548.5,548.5,93600,128.2921780802468,133.4050164494827,1.0276806562156038
2016/08/17,541.0,569.5,541.0,568.0,236600,129.66672714230165,134.99901245375204,1.0781143316904227
2016/08/18,563.0,568.0,555.0,556.0,80800,131.70405042806942,136.35019622523805,1.078030875439682
2016/08/19,556.0,561.5,555.0,560.0,55400,130.6481752888879,135.02855883842983,1.0589776712910182
2016/08/22,563.5,582.0,560.0,578.0,178000,138.40160196653423,140.74148286180503,1.1188603905496315
2016/08/23,573.5,574.5,561.0,564.0,122400,138.3551781508179,141.52692886508683,1.102253686993409
2016/08/24,567.0,575.0,566.5,571.0,67800,140.49366704222993,143.61630354095442,1.1085063505303516
2016/08/25,565.0,576.0,565.0,572.0,75800,140.2705672800808,143.8293028351058,1.116394950133628
2016/08/26,569.0,576.0,563.5,563.5,46400,138.4660316230346,142.45591318288365,1.108755664377864
2016/08/29,569.5,574.5,563.0,568.0,88000,134.67718980845137,139.6642571621569,1.0825692974238643
2016/08/30,565.0,571.5,562.0,568.0,137600,136.93988683414707,141.95752515714693,1.0844442594460706
2016/08/31,565.0,574.0,555.0,574.0,166600,138.99654802306708,143.03035525901745,1.0899256367896462
2016/09/01,571.5,571.5,561.0,565.5,132600,138.37039120504124,142.0690238156808,1.0440187449989207
2016/09/02,566.5,567.5,558.5,559.5,65800,136.77734990936546,140.1868109166825,1.037584334990958
2016/09/05,559.0,560.0,551.0,551.0,107000,136.87459542613232,140.45962764900364,1.026433990739068
2016/09/06,553.0,556.5,550.0,555.0,93800,137.2636193228183,140.92467056225206,1.0218317542642719
2016/09/07,555.0,574.0,555.0,573.0,136400,145.67142163478587,147.46950303674635,1.057976296951769
2016/09/08,572.5,574.0,567.5,572.0,129600,132.16816779085403,134.63905715083231,1.0596157654771168
2016/09/09,569.0,569.0,557.5,558.5,123400,125.78333098189131,128.69760214861031,1.0494720941439448
2016/09/12,552.5,557.0,551.0,553.5,113800,128.53817269312268,131.8487823463186,1.055962430687418
2016/09/13,555.5,555.5,550.0,552.5,95400,130.4161610081117,133.76842046038507,1.054197586952588
2016/09/14,554.5,556.0,550.5,555.0,230800,133.8530835407321,137.07574396178526,1.062182332777026
2016/09/15,552.5,556.0,549.5,553.0,109400,135.51523273022082,138.2975229429764,1.073774767510554
2016/09/16,557.5,565.5,552.0,565.5,139600,138.2328913043122,140.90665769290578,1.045373629733165
2016/09/20,563.0,568.5,560.0,565.0,102200,136.1964837432669,138.50490037171295,1.007695538561494
2016/09/21,561.0,571.5,559.5,571.5,108200,135.1776019351406,136.40081020252717,1.0072616904749656
2016/09/23,572.0,574.5,567.0,573.5,83400,135.11267506335162,136.379996338599,1.0436271498816472
2016/09/26,574.0,577.5,570.0,573.0,110800,129.6110632573692,130.88192342616472,1.0625905963846403
2016/09/27,569.0,580.5,566.5,580.5,190200,129.61297618619696,130.2124395745486,1.075449068550838
2016/09/28,574.0,584.0,570.0,583.0,89800,132.40265510824852,132.95015796901828,1.100230708850903
2016/09/29,585.0,593.0,579.0,592.5,187600,134.26070375817568,135.83446701073248,1.1418673070537695
2016/09/30,584.5,584.5,573.0,574.0,113400,134.01948292025364,135.8614888631166,1.0453435057758207
2016/10/03,577.5,579.5,570.0,572.5,92400,134.71198004028966,136.61715139547707,1.151442337211382
2016/10/04,575.5,577.0,571.5,575.5,119600,135.2167773262141,137.02506404300928,1.1495581095423304
2016/10/05,580.0,582.0,571.5,574.0,79000,130.68317886041802,132.89557842031124,1.135854392299001
2016/10/06,577.5,577.5,570.5,572.0,63000,130.92569961744215,133.44408098121767,1.115088369751175
2016/10/07,571.5,574.0,531.0,562.0,111800,129.2574242794348,132.5884613527166,0.8868665576534285
2016/10/11,562.0,568.0,562.0,565.0,24200,126.20553822534029,130.58238825886508,0.9050974984167992
2016/10/12,561.0,568.5,560.0,565.0,63200,128.2611481616827,132.2815597343482,0.9143536576129757
2016/10/13,570.0,570.0,564.5,569.0,41800,129.9187363178337,133.73765567759503,0.9177282591112973
2016/10/14,565.0,568.5,562.5,567.0,57800,129.9437704886173,133.8483600104607,0.9027225248676434
2016/10/17,567.0,567.0,561.5,565.0,31400,129.24480149160013,133.13358523607724,0.8734618317834447
2016/10/18,565.0,566.0,562.0,565.5,42400,130.95031927939067,134.84144871084433,0.8722937289246807
2016/10/19,564.0,566.0,562.5,565.0,49000,130.5177765226083,134.52028530572582,0.8711881717295142
2016/10/20,565.5,565.5,562.5,565.0,55200,127.63453919623973,132.15666693063267,0.8642462586679073
2016/10/21,565.5,566.0,562.0,565.0,47000,129.08107310326378,133.58601442553336,0.8899581982535287
2016/10/24,565.0,569.0,563.0,565.5,75400,130.88369070975997,135.71256579380324,0.910905082139744
2016/10/25,566.0,567.0,561.5,565.5,80200,129.82483925131552,134.5159347581868,0.9039056596760439
2016/10/26,565.5,569.0,551.5,566.5,150800,131.9878421110116,135.88263281891514,0.9039282300651545
2016/10/27,569.0,574.0,567.0,574.0,97400,133.8210616841754,137.1552085710126,0.9165143072010198
2016/10/28,577.5,579.0,572.0,575.0,145600,135.40196843874733,138.52820050736548,0.9287016047956137
2016/10/31,574.5,584.0,572.0,582.5,147600,136.96512382366413,140.02456750535947,0.9376217031966684
2016/11/01,585.0,585.0,574.5,577.5,122000,129.07324525395038,131.5207793649836,0.9349293057030585
2016/11/02,571.5,574.0,567.5,569.0,81400,129.45736140855954,131.92868688141542,0.9481101414425486
2016/11/04,565.0,565.0,531.5,538.5,316800,127.18810756552863,129.54802069954025,0.9423864587625987
2016/11/07,541.5,547.5,539.5,543.5,115600,129.07814039576465,131.7750296332668,0.9570434923399844
2016/11/08,544.0,556.5,540.5,556.0,163200,132.97385443401458,135.31389293265062,0.9776295770597067
2016/11/09,559.5,563.5,519.0,525.5,265600,133.06769401134437,134.65047328719123,0.9177351572267534
2016/11/10,560.0,567.5,553.0,561.5,178400,133.12864991523742,135.72395460960632,0.8848814924331468
2016/11/11,561.5,567.0,543.0,546.0,95400,114.8936130597107,117.20523990749459,0.8341480513534972
2016/11/14,555.0,555.0,548.5,550.5,45200,111.66564227779574,114.22329878531802,0.8345215092926275
2016/11/15,556.5,559.0,551.5,557.0,122800,113.55384720554149,115.54216902135327,0.8460550240220657
2016/11/16,562.0,564.5,558.0,563.5,73200,113.42609857989186,115.06926879578769,0.8511665557233249
2016/11/17,563.0,566.5,554.5,564.5,183400,114.73774406607644,116.05675415566199,0.854623453948533
2016/11/18,575.0,577.5,565.5,577.5,157000,117.89067470705992,119.58230066668453,0.9133089599244392
2016/11/21,575.0,584.0,569.5,582.5,149000,118.26863375578847,119.61363695123933,0.9275510101414103
2016/11/22,582.5,586.5,577.0,582.0,100000,117.79679714140916,119.13364816549728,0.922776649021419
2016/11/24,583.5,588.5,579.5,587.5,290800,117.05586289126661,118.09282847530483,0.9524955068796492
2016/11/25,587.5,590.5,580.5,590.0,237800,114.27650383075519,115.01155271161976,0.9521752311478121
2016/11/28,590.5,607.0,588.5,606.5,286200,118.62616018488765,118.57706097846162,0.9670250739380694
2016/11/29,606.5,608.5,601.0,605.5,90800,118.62083939363772,118.36798460199618,0.9644216476114817
2016/11/30,610.0,615.0,605.0,614.0,185600,118.1364927531388,118.286730685625,1.0050424853753381
2016/12/01,615.0,622.5,614.5,618.0,286200,116.26696712442184,116.6567942074636,1.0190655187089828
2016/12/02,617.0,620.0,610.0,618.0,134600,116.40016163999385,117.10996431168275,1.0182705323742731
2016/12/05,608.0,615.0,608.0,613.0,160400,114.31439661621134,114.60436718884586,1.3052350225449656
2016/12/06,615.0,618.0,603.0,603.0,179000,113.50696958363706,113.53953497416055,1.2272300371957088
2016/12/07,610.5,615.0,605.0,610.0,121600,114.89666900359217,114.90673301594695,1.251400017094087
2016/12/08,613.0,615.5,607.5,615.0,138200,111.96624639127899,112.33102482148976,1.1336243570627975
2016/12/09,613.5,617.0,612.5,616.0,208000,111.15713779248655,111.54237328224414,1.1391192209853551
2016/12/12,616.5,616.5,612.0,616.0,122400,110.61300323017582,111.94390775425234,1.0712071004230943
2016/12/13,612.5,621.5,610.5,620.5,198400,110.8208731600593,112.09487096250616,1.0756681467807245
2016/12/14,619.5,619.5,615.0,618.0,93800,112.09196379728664,113.44002381732481,1.0713439065140982
2016/12/15,619.0,622.0,614.0,619.0,176200,110.79534858685969,111.91145342846079,1.060787867406642
2016/12/16,620.5,625.0,617.0,619.5,166200,108.74786547314,110.1486494728257,1.059835597641584
2016/12/19,620.0,624.0,619.5,620.5,83000,110.75612171667424,112.2375014335939,1.0134541182226624
2016/12/20,623.5,629.5,623.5,627.5,141800,113.52658338625857,115.76410305934866,1.020274317974398
2016/12/21,627.5,631.0,624.0,625.0,132200,116.0332192993641,118.41980203304328,1.0243680072391335
2016/12/22,625.0,631.0,620.0,626.5,194000,116.4123988408232,118.79012613285029,1.0432387140459953
2016/12/26,633.5,641.0,631.0,637.0,148800,115.10023574098906,117.60555281959218,1.0403897246542342
2016/12/27,638.0,639.0,633.0,637.5,180600,114.12138335347062,117.19586530896662,1.0411264018098723
2016/12/28,640.5,663.0,639.0,656.5,343800,116.04460716244114,119.09647870150224,1.1241788046597245
2016/12/29,654.5,654.5,628.0,639.0,132800,114.4667821062283,118.09112841617551,1.0746737930404413
2016/12/30,633.0,644.0,630.0,641.0,86600,115.00989408204315,118.44357938458172,1.0568206123127208
2017/01/04,649.5,656.5,644.5,656.5,111200,115.98439822514996,119.65336026901593,1.0453238169592174
2017/01/05,658.5,659.0,650.0,656.0,105400,113.08295935949957,116.43654221947948,1.075528890462718
2017/01/06,651.0,658.5,651.0,656.0,79800,114.21535010261069,116.98257425952411,1.077091219494992
2017/01/10,655.0,655.5,647.5,651.5,135400,116.82574010360503,119.03705819590778,1.1082352160448385
2017/01/11,657.5,657.5,648.0,652.0,65200,112.96923140769417,114.85827215654992,1.1068978959760405
2017/01/12,647.5,652.0,643.5,650.0,89200,113.61200435787396,115.50891309303846,1.111270183369418
2017/01/13,650.0,663.0,650.0,660.5,135800,114.46570972978624,116.88136681305998,1.118512561012198
2017/01/16,654.0,658.5,652.5,656.0,53000,114.89024432029298,117.32495185007745,1.1273812925579494
2017/01/17,654.5,655.0,640.0,645.5,83000,113.91170981786729,115.81922703660128,1.1312943197598546
2017/01/18,641.5,645.5,632.5,644.5,98400,113.23914458427797,115.27675915925461,1.1358688993178472
2017/01/19,650.0,651.5,642.5,645.5,88400,111.31497160250044,112.88653302455809,1.1201605497266447
2017/01/20,645.0,655.0,644.5,651.5,125200,111.55724027099032,112.81800035296374,1.121578908292726
2017/01/23,646.5,651.0,640.5,641.0,42400,110.69551019736939,112.3677614067364,1.0688204409115447
2017/01/24,640.5,645.0,636.0,641.5,49000,109.9250931610953,111.61473341650449,1.0757697887335276
2017/01/25,650.0,651.5,639.0,643.0,104600,107.64137839555235,110.02187317419178,1.0673664352944656
2017/01/26,650.0,652.5,645.5,650.0,66000,103.80110622735378,106.48533607608319,1.049850553712547
2017/01/27,653.0,657.0,628.5,647.5,107600,102.04404635189925,104.82054335652491,0.9616807154937177
2017/01/30,643.0,652.0,643.0,650.0,88800,104.72313662870174,107.57258933943632,0.9959146349100343
2017/01/31,649.0,656.0,649.0,649.0,96600,110.80759810933236,113.42535725220533,1.0097316760566284
2017/02/01,647.0,662.5,647.0,660.5,135800,111.36159242864953,114.17313970858325,1.01818523214765
2017/02/02,664.0,670.0,651.5,652.5,146200,112.96914211580136,115.26773643364633,1.0201152723863038
2017/02/03,652.5,658.5,649.0,650.5,120800,112.40807600917901,114.24733719180055,1.0149552043457866
2017/02/06,659.0,670.0,652.0,668.5,139800,112.80925422925586,114.3013641215354,1.0383997728420422
2017/02/07,663.5,663.5,647.5,648.0,131400,109.47098701046853,110.71866587287377,1.0046238065086137
2017/02/08,650.5,655.0,647.5,654.5,57800,109.19646964093938,109.62638022953244,1.0060396975970527
2017/02/09,653.5,654.5,648.0,650.5,31200,110.3927053029103,110.33097443224939,1.0093319860258043
2017/02/10,660.0,664.0,656.0,657.5,107200,108.86719981034041,109.13797943590586,0.99741286626047
2017/02/13,663.5,670.0,663.5,666.5,81200,113.15324105737676,114.25923967911365,0.9790595470480711
2017/02/14,667.5,673.5,655.0,658.0,106000,117.20041408772207,118.35514485179192,0.9789749360024245
2017/02/15,665.0,665.0,640.5,647.0,157000,111.67771434923297,113.14136679098874,0.9064882779908108
2017/02/16,652.5,659.5,649.0,656.0,144600,113.23111699476334,114.3403831834348,0.9132450806135436
2017/02/17,656.0,666.0,649.5,664.0,86400,116.04296266452438,116.91690593622468,0.9381534960041519
2017/02/20,660.0,665.0,660.0,663.0,73200,113.00581270956556,113.47031684838285,0.9463817258784032
2017/02/21,662.0,677.0,660.0,677.0,207600,114.08002541882905,114.32748208356665,0.9690915210090768
2017/02/22,685.0,686.0,666.5,668.0,123000,111.05212015466886,111.55269056211807,0.9393005549996393
2017/02/23,668.0,668.5,657.5,659.0,99600,109.59683527100381,110.51552926275951,0.9230109309984202
2017/02/24,651.5,662.5,651.5,659.0,38000,110.53473257829907,111.37880015142703,0.9341698745297208
2017/02/27,651.0,657.5,649.5,655.5,59800,109.96266046734591,110.91794980443237,0.9479600416563765
2017/02/28,664.0,672.5,660.5,666.0,194000,111.84237793885647,112.63105188939497,0.9582320622245651
2017/03/01,671.0,676.5,669.0,674.5,108000,111.15242119420799,111.85678462030795,0.9511872814265598
2017/03/02,681.0,689.0,675.0,684.5,219800,114.1102458732795,115.17576656865447,0.9476890235293561
2017/03/03,685.0,695.0,683.5,693.0,165000,114.37896726330163,115.53115397297393,0.9522869520841307
2017/03/06,698.5,704.5,695.0,695.5,183200,116.60559993464041,117.03591552693673,0.9437953204786625
2017/03/07,695.0,697.5,691.5,696.0,83000,117.02627000567239,116.90084394748206,0.942675131393788
2017/03/08,696.0,701.0,692.5,700.0,78400,118.17270364957344,117.50007559264606,0.9495271772811692
2017/03/09,702.0,711.5,702.0,708.5,111200,115.74010368501139,115.3955023464729,0.9869423558525585
2017/03/10,712.0,717.5,709.0,711.5,137200,112.28377588824449,112.22897605072846,0.9768487212382266
2017/03/13,714.5,717.5,711.5,714.0,66600,113.43379482935107,113.05439330543943,0.9850346233770805
2017/03/14,715.0,720.5,706.5,716.0,133600,113.53208285507503,113.31362935893314,0.9959204374234338
2017/03/15,713.5,727.5,713.5,719.0,152400,113.86386136407334,113.70549117772164,1.0057083039570764
2017/03/16,717.5,728.5,717.0,725.5,151800,115.08638913399092,115.02908328457977,1.0122620270854297
2017/03/17,726.0,726.0,716.0,718.5,114600,115.59875740033839,115.90320156401567,1.0803280463403326
2017/03/21,717.5,723.5,717.5,720.0,74000,115.55172213029883,115.54803564628196,1.0638271994287072
2017/03/22,710.0,719.0,710.0,710.0,104800,116.20883038020943,116.03618489031271,1.0749438175494366
2017/03/23,706.0,715.0,705.5,707.5,95200,111.52366214078133,111.52780789750251,1.0329788297345137
2017/03/24,705.0,713.0,702.0,703.0,79400,110.8085161228262,111.07315307787952,1.0823634411037126
2017/03/27,696.0,706.0,695.5,704.0,93000,111.6617514644497,112.15669534401704,1.14352360031828
2017/03/28,705.0,717.5,705.0,715.0,108200,108.86036537478219,108.99149636745365,1.1664757791681712
2017/03/29,721.5,721.5,710.5,719.5,69200,108.67516929999911,108.82521919300893,1.1885122480601964
2017/03/30,719.5,719.5,706.5,708.0,89800,108.81293339277877,109.15974094575667,1.1429818275720827
2017/03/31,708.0,713.5,696.5,696.5,134000,106.41421291263691,107.10450446809796,1.1574373560937457
2017/04/03,697.5,712.5,690.5,706.5,123000,106.0177912675758,107.18877624214085,1.1080204702665852
2017/04/04,708.5,708.5,697.0,703.0,121800,107.10136029437314,107.95063553001431,1.1171441334301986
2017/04/05,700.0,705.0,699.5,701.5,77400,106.46545952514204,107.65905771255805,1.1137434856433566
2017/04/06,695.0,698.5,685.5,690.5,140000,106.61514575605938,108.23758370908425,1.1218926711831383
2017/04/07,690.5,703.5,689.0,696.0,153800,107.46467129907471,109.57941906974953,1.1138228496920546
2017/04/10,697.5,705.5,689.0,696.5,122800,104.21636874743301,106.14068699363169,1.0848485730853428
2017/04/11,691.5,698.5,691.0,697.5,69800,105.26080096624382,107.66925954565846,1.0899923880973588
2017/04/12,690.5,693.0,679.0,691.0,146200,105.74101185221274,107.85075383751416,1.0812079250624356
2017/04/13,694.5,694.5,682.0,688.5,156800,106.28495533006101,108.16397519976537,1.0607766747042584
2017/04/14,687.0,691.0,675.0,677.0,108000,104.02573074197878,105.63238923918932,1.0127977002288737
2017/04/17,678.5,688.5,676.5,687.5,105800,99.77398046666137,101.34740837334171,1.0454213132508874
2017/04/18,695.5,704.0,690.0,701.0,141200,105.19748044021074,106.35762819816136,1.0730062913353582
2017/04/19,701.0,706.0,695.5,701.5,125000,106.79432776872851,108.07238058519239,1.0739812293868145
2017/04/20,701.5,702.5,695.5,700.5,149000,109.26337020810384,109.74570797247456,1.0711869682026813
2017/04/21,706.0,733.0,703.0,724.5,303800,115.1033809219836,115.32624950277979,1.172533120632869
2017/04/24,733.0,747.0,733.0,747.0,320800,116.67765547882125,117.77343035319,1.2319237194475638
2017/04/25,749.0,749.0,722.5,733.5,324400,113.17089835075609,113.98324189284578,1.1776278855646647
2017/04/26,739.0,739.0,732.5,735.0,180600,110.44976536904842,110.94747132255011,1.158973284376893
2017/04/27,734.0,738.5,731.5,735.0,95800,109.79780518014412,110.64614899356593,1.1508788229464504
2017/04/28,733.5,735.0,730.5,732.5,93000,116.1440119323903,117.17910181623648,1.133306735806144
2017/05/01,690.5,714.5,690.5,712.5,309000,112.30719423673732,113.38970249158406,1.0277085688813608
2017/05/02,705.5,717.5,705.5,708.5,150200,109.28211623506765,110.49218683090226,1.0163474712512648
2017/05/08,719.5,730.5,715.0,727.0,272000,110.1380671390896,111.33965893847116,0.9863179587011207
2017/05/09,731.0,741.5,731.0,733.0,209000,112.69203830177388,113.9225096588824,0.9970809288436493
2017/05/10,733.5,739.5,729.5,731.0,153600,112.36256466410457,113.52467113199964,0.9948033265811818
2017/05/11,735.5,739.0,731.5,734.5,201800,113.32366242834513,114.51874782054652,0.9927452842006725
2017/05/12,730.5,733.0,725.5,733.0,89000,115.24183533028311,116.6081510689442,0.9909098558870187
2017/05/15,731.0,747.5,727.5,747.5,273600,115.78744944407946,116.87369868685617,1.0136897922114514
2017/05/16,743.0,743.5,731.0,734.5,169600,111.54146218329164,112.50554776886601,0.9999182397285893
2017/05/17,730.0,745.0,727.5,744.5,207200,113.60348208632173,114.86301421421032,1.0331582552106338
2017/05/18,729.5,743.0,729.5,740.0,128800,115.91156758089754,117.0273698887993,1.031152041688248
2017/05/19,730.0,730.0,718.0,722.0,362000,109.94710577097746,110.84861081297115,1.0144164079172728
2017/05/22,717.5,725.5,712.5,725.0,262200,111.26012935282759,112.25873862451077,0.9461994490016185
2017/05/23,722.0,727.0,716.5,726.0,268200,111.03886346393885,111.86798022003292,0.9488072887663647
2017/05/24,731.5,754.0,730.5,754.0,221800,117.6427264943557,118.16769473056408,1.0158886085492345
2017/05/25,752.0,753.5,737.5,746.0,182200,116.30079236506515,116.88274282628197,1.028415737765602
2017/05/26,741.5,741.5,727.5,728.0,106400,113.91323736824184,114.58117702773578,1.0154819636248449
2017/05/29,730.5,740.0,729.5,735.0,73400,116.20158331101584,116.57538192131803,1.0759339886258403
2017/05/30,740.5,756.0,740.5,751.0,203600,119.16096108649808,119.36565831043538,1.095512763504759
2017/05/31,754.5,777.0,754.0,773.0,327400,122.27173617478306,123.0653071907011,1.1618858585295753
2017/06/01,775.0,776.5,762.5,763.0,259800,120.2863005172702,121.10710423180649,1.2237329828390988
2017/06/02,768.5,788.0,763.0,786.0,229000,121.74519593534193,122.4306424079771,1.2595452772311775
2017/06/05,777.5,788.5,776.5,786.0,126600,123.06229238927513,123.90529370999835,1.2583588504004077
2017/06/06,786.0,789.0,772.5,772.5,142400,123.9879263756231,124.76616541516432,1.2542822055936467
2017/06/07,775.0,775.5,767.0,772.0,107800,126.49289794124084,127.0487791109769,1.2437184978375442
2017/06/08,775.5,778.5,767.0,772.5,146200,126.56588032860098,127.12561190051662,1.207889207047164
2017/06/09,771.5,785.5,771.5,782.0,136600,126.32582261057337,127.32177575906549,1.2273467360726764
2017/06/12,773.5,780.0,759.5,776.5,135400,124.71070402530538,125.09244462286506,1.1735564096060445
2017/06/13,770.0,784.5,770.0,782.0,70600,125.2747865213371,125.46485399996689,1.184140618742587
2017/06/14,787.5,788.5,777.0,777.0,71200,127.8723096262273,128.14042627448347,1.1748799047162921
2017/06/15,777.0,779.0,768.5,778.0,89600,125.87931877578534,126.45241320694221,1.2155539220419338
2017/06/16,784.5,793.0,782.0,784.5,146800,126.26287103673623,126.50602099764805,1.164399560700687
2017/06/19,785.0,812.5,785.0,808.0,152800,128.9509659648804,129.09718839408742,1.1949477243771987
2017/06/20,812.5,827.5,812.5,819.0,181800,132.50686648674505,132.6418302674291,1.210876256256052
2017/06/21,817.5,817.5,805.0,806.5,141400,130.63662662194295,130.53379246114315,1.1973284264180541
2017/06/22,811.5,822.0,808.0,820.5,104400,131.975611141118,131.8131335857033,1.2302880567122734
2017/06/23,825.0,827.5,815.5,820.5,96800,128.69364345111927,129.53019130555242,1.1417953265455172
2017/06/26,827.5,829.0,822.0,824.5,75400,135.56707242671345,135.6852123960625,1.1904288144506254
2017/06/27,837.5,837.5,826.0,830.0,172400,135.37849467995582,135.1579226806778,1.2085251594448836
2017/06/28,832.0,841.0,827.5,827.5,177400,136.00533264823363,135.92895889341153,1.2079268458357793
2017/06/29,830.0,846.0,830.0,841.5,168800,135.18597012613068,134.62200775169853,1.2131076719632603
2017/06/30,840.5,849.0,834.0,848.5,170600,134.0502466172191,133.2661914297978,1.1380424906780398
2017/07/03,857.5,870.5,854.5,855.0,203800,134.50781320116843,133.66918564676837,1.1504166258754593
2017/07/04,858.5,859.0,822.0,826.0,214200,128.4489592557204,128.1970400372195,1.091611566378664
2017/07/05,827.5,827.5,813.5,822.5,106000,125.2266535665499,124.68260809472096,1.0885223142231668
2017/07/06,852.5,852.5,831.0,838.0,102400,128.18110402212886,127.32563454865102,1.1338352254500128
2017/07/07,835.0,835.5,826.0,826.5,86600,126.56914453832393,125.70364328008681,1.1260981236602738
2017/07/10,827.5,830.5,818.0,820.5,95200,122.84315171506933,122.06965728585513,1.1076670440894112
2017/07/11,815.5,832.5,815.5,829.0,100200,125.72919939879645,124.65412832544396,1.1110744360675024
2017/07/12,830.0,830.0,821.5,823.0,135400,124.11837757373067,123.40493251409038,1.108062181143348
2017/07/13,828.5,828.5,816.0,824.5,86600,122.43241002860819,121.61794254751388,1.105181753928903
2017/07/14,829.0,829.0,817.0,818.0,83000,123.75934415862453,122.29005395352107,1.0960381719755432
2017/07/18,816.5,818.0,807.5,813.0,126800,124.16540833337861,122.00230542210382,1.0444790483924677
2017/07/19,810.0,818.5,780.0,816.0,86600,122.61712602736412,120.74496847456182,1.0396239945067896
2017/07/20,808.0,810.0,794.5,802.5,192200,119.69056435720474,117.64220557334266,1.0191459687398885
2017/07/21,798.0,802.5,793.0,801.0,118400,119.17564071853504,117.33040931839562,1.0274178897434936
2017/07/24,798.5,807.5,792.5,807.0,130800,120.22301073750397,118.09962414212347,1.0137473192150868
2017/07/25,804.0,809.5,792.5,800.5,138200,119.70916419263678,117.84626477560766,1.0080134820026214
2017/07/26,802.5,804.0,795.0,797.5,63200,118.36558509472542,116.12208723039312,1.0040002012880274
2017/07/27,798.5,804.0,789.5,797.5,180200,116.96302802134649,114.51472812559449,0.9967792139101306
2017/07/28,793.5,800.0,783.5,797.5,327600,118.85619308310764,116.81753309568468,0.9994294898219319
2017/07/31,815.0,816.5,798.5,809.5,238600,123.55780392180242,120.85452391288796,0.979890044722499
2017/08/01,809.5,830.5,809.5,825.0,202800,125.18557941430343,121.86546474866466,0.9935039061566724
2017/08/02,824.0,829.5,810.0,813.5,147200,122.70676167349247,119.23130015911134,0.9753837524150971
2017/08/03,805.0,826.5,793.5,826.0,202400,119.59790195365203,115.72401520749882,1.0317326927599901
2017/08/04,826.0,884.5,826.0,876.5,535600,128.08129454581896,123.3415266372166,1.168634307508238
2017/08/07,880.0,892.0,868.5,874.0,239800,129.45623793292683,124.18586900969635,1.136030356706835
2017/08/08,882.0,892.5,878.0,885.5,215400,130.9377705420134,125.8201173598974,1.1432716795357913
2017/08/09,881.0,881.0,846.0,850.5,261400,129.45808759107877,124.0900765371427,1.183517638144991
2017/08/10,848.5,850.0,843.5,848.0,111000,130.44514615687874,124.4531453562245,1.182828546260421
2017/08/14,841.5,841.5,813.5,813.5,114800,124.323367527259,118.5517846823503,1.1620863268902388
2017/08/15,815.0,825.0,811.0,813.0,108600,124.53482253519653,119.08252759445051,1.1496824620916453
2017/08/16,811.0,813.0,803.5,807.0,75200,120.5912267180955,115.2735311933479,1.1469228440980832
2017/08/17,804.5,814.5,804.5,805.5,53800,121.22218572857713,115.80364403935131,1.147606486078384
2017/08/18,811.0,812.0,798.5,801.0,168200,121.55076252338056,116.02086187745466,1.1526202709011057
2017/08/21,803.5,815.0,803.5,809.0,115000,119.7935695870698,114.38768420401182,1.1660441919564566
2017/08/22,800.5,807.0,797.0,799.0,81000,120.57084664339,115.16740595945167,1.1581041471593183
2017/08/23,811.5,811.5,795.5,797.5,79400,119.27667585773467,114.06180608081876,1.1560447041888338
2017/08/24,797.5,805.5,797.5,800.0,57800,119.64167614462129,114.56813504294945,1.1635778272791057
2017/08/25,803.0,806.0,797.0,803.5,61200,119.92679502331174,114.99313318317607,1.1641516862378327
2017/08/28,802.0,802.5,785.0,794.5,91200,120.37007291358684,114.79873824603995,1.1285403419860571
2017/08/29,789.0,797.5,787.0,795.0,52800,120.90150723294408,115.00298811822431,1.1293879537529345
2017/08/30,800.5,848.0,800.0,839.5,251800,126.61680653738325,120.95357551671206,1.182237752185721
2017/08/31,847.5,848.0,830.0,831.0,105400,126.60908159439262,121.50750822978796,1.1643790880587632
2017/09/01,840.5,840.5,825.5,831.5,75000,127.74095255163328,123.02917759264041,1.176878722758695
2017/09/04,827.0,827.5,804.0,806.0,92600,127.7539429953584,122.58906494952953,1.0150524020934555
2017/09/05,805.0,809.5,790.0,796.0,210600,126.37883330386754,121.95287265061123,1.016236416553297
2017/09/06,791.5,820.0,791.5,815.0,156200,124.9999331732605,120.57089000850638,1.033955112686777
2017/09/07,825.0,834.5,814.5,816.0,108000,124.72820191132547,120.13818347034857,1.0214899483012732
2017/09/08,801.0,814.0,797.5,806.5,109600,127.1054528735762,121.77895760848799,1.0286769814486172
2017/09/11,813.5,822.0,810.5,812.5,62600,125.2173841041768,120.46567947268436,1.0404592191304034
2017/09/12,822.5,841.0,822.5,837.5,158400,128.22463872750393,123.22574151689687,1.069312713053584
2017/09/13,850.0,896.5,850.0,886.0,371400,133.51028482521667,128.18712160640763,1.223226121631949
2017/09/14,900.5,918.5,892.0,899.5,604400,134.7175533249313,129.6687438105068,1.2559050061062393
2017/09/15,903.5,915.0,892.0,915.0,274600,134.25161188595882,129.47732698681875,1.2664345643147576
2017/09/19,909.0,913.5,885.5,913.5,391800,131.35741898111226,127.66480462400335,1.2186769162162714
2017/09/20,910.0,930.0,905.0,910.0,339800,131.76850500339376,129.13435553156893,1.2246925084886107
2017/09/21,910.0,911.5,892.0,895.5,195600,128.57027334038239,126.28032453869706,1.2251669538714793
2017/09/22,891.5,905.0,889.0,901.0,116800,129.6851698179752,127.37114914538577,1.2376660690376975
2017/09/25,895.0,902.5,886.5,888.0,90800,125.69989657278356,123.75523389634986,1.2519349121907766
2017/09/26,894.0,894.0,882.5,887.5,76200,125.46513528696434,123.31629433816,1.2605991166540125
2017/09/27,890.0,902.0,889.0,900.0,121800,125.41679590336929,123.42735477597526,1.2832599178905426
2017/09/28,904.0,919.5,897.0,919.0,126800,127.1557237511077,124.29851568634118,1.29728796745663
2017/09/29,925.0,930.0,913.5,927.0,143000,130.50618785662985,127.55734617419088,1.2111267397737129
2017/10/02,940.0,949.0,932.5,941.0,185000,133.7336354349767,130.6904819294774,1.3580768206459384
2017/10/03,945.0,954.0,937.0,943.5,135800,133.09919069274423,130.4393806921472,1.3487065939760365
2017/10/04,957.0,958.0,947.0,950.5,129800,135.02608837435983,132.48979220413642,1.3423463775519664
2017/10/05,950.0,950.0,922.0,926.0,117800,132.62018248527235,130.27427879432923,1.2621009757342652
2017/10/06,924.0,931.0,910.0,914.5,97800,132.59644763363826,130.2630026672461,1.1851377943935888
2017/10/10,912.5,920.0,908.0,919.5,97200,133.05473927331718,130.21753965866603,1.1772726969463592
2017/10/11,924.0,928.0,913.5,926.0,82600,132.17451244181638,129.65673797155955,1.1840439031795098
2017/10/12,931.0,955.0,930.0,945.5,91600,133.0179520530951,131.1958088969454,1.1953989836006753
2017/10/13,944.0,947.0,933.5,945.0,119000,132.79939003118827,131.41111930485806,1.003911896501475
2017/10/16,945.0,952.5,939.0,939.5,101400,132.21038611498653,130.82282590578512,0.9947991743764587
2017/10/17,955.0,959.0,941.5,945.5,67000,132.93267922812578,131.6111257492548,0.9989957066732881
2017/10/18,944.5,944.5,926.0,932.5,79600,131.32826605560942,129.8810494348646,0.9673373292714768
2017/10/19,925.5,937.5,920.5,921.5,98200,131.06099124953124,129.23044594804998,0.9464176250591642
2017/10/20,921.5,938.0,920.5,929.0,112000,131.68141551678374,129.71357774851498,0.9663929860509117
2017/10/23,949.0,949.5,922.5,933.5,108800,131.1250606977317,129.35592743775493,1.0167315410666755
2017/10/24,939.5,955.0,933.5,952.5,90600,134.13865216635986,132.04295725863616,1.035383236607984
2017/10/25,955.0,975.0,954.5,967.0,155200,136.76024834627322,134.7602283825882,1.0646825830852633
2017/10/26,975.5,994.5,975.0,990.5,126200,137.6090074867585,135.97183072149983,1.1118461689666346
2017/10/27,994.0,994.0,980.0,984.0,86600,135.65751921174132,134.54376143849763,1.0661182024211464
2017/10/30,980.0,983.0,968.5,983.0,128000,133.5912089753732,132.7503322057677,0.9816356068210882
2017/10/31,982.0,992.0,974.5,981.5,104400,134.6767872840246,134.0811732681307,0.9820974543422507
2017/11/01,992.5,1009.5,984.0,1003.5,156400,134.78574102593726,135.07556804954677,0.9996556976476166
2017/11/02,1015.0,1015.0,990.0,990.5,95400,137.9609702379571,138.10438225759455,0.9740173900513515
2017/11/06,1050.0,1093.5,1018.0,1060.0,342400,148.57446482951684,148.26563899723473,1.1134592245351018
2017/11/07,1035.0,1059.5,1034.0,1058.5,158800,142.519173460408,143.15310139592384,1.1378634018871434
2017/11/08,1060.0,1080.0,1042.5,1048.5,245000,141.51182713003848,142.83285075581927,1.119450816407973
2017/11/09,1050.5,1066.5,1028.5,1048.0,368000,141.55644142061183,141.68251455868898,1.3336604337311038
2017/11/10,1033.0,1050.0,1025.5,1035.0,231200,145.21016892550495,145.11306271653703,1.312364543159291
2017/11/13,1038.0,1058.5,1027.5,1045.5,217200,149.9644641127188,149.08160885853317,1.258587049512219
2017/11/14,1045.5,1076.0,1028.0,1029.0,546200,145.84481067543967,145.7026493297908,1.1839111530453985
2017/11/15,1034.5,1045.0,1009.0,1013.0,196800,145.770397865961,146.54103127700444,1.1991923398350381
2017/11/16,1000.0,1009.5,994.5,1001.0,195200,141.71513782633212,143.24023564370518,1.1892934224277383
2017/11/17,1012.0,1027.5,1007.5,1009.5,138400,140.23416761299853,141.57381308762405,1.244507219116068
2017/11/20,999.0,1003.0,989.0,991.0,178600,138.36977162678514,139.50722301511135,1.2168552025862456
2017/11/21,990.0,995.0,987.0,988.5,157000,137.61710571589032,138.810341304034,1.1998670909431628
2017/11/22,990.0,997.0,986.0,987.5,137200,136.81803700693519,138.09031214964608,1.1915884734487843
2017/11/24,986.5,1003.0,986.0,1001.5,86000,138.35993802781582,139.6177392867446,1.1579677945218063
2017/11/27,1008.0,1017.5,989.5,993.0,109600,133.6018397258098,135.42231720751138,1.1193820956170744
2017/11/28,993.0,1000.5,978.0,982.5,80400,132.10513534923086,134.47210101906168,1.10850468262973
2017/11/29,990.0,993.5,984.0,993.0,97400,131.03235239833376,133.04907257352286,1.1163001974258986
2017/11/30,992.5,997.5,976.0,997.0,151200,131.42656946285402,133.52712651235365,1.1163835188670583
2017/12/01,996.0,1010.0,979.5,995.0,241200,130.0080902355121,132.4551012823585,1.093822608991918
2017/12/04,995.0,1000.0,983.0,984.0,98200,129.19001593124534,131.78316644364975,0.9037392095842289
2017/12/05,980.5,986.0,968.5,985.5,114200,132.64365285186548,134.80012790533976,0.9033654121492987
2017/12/06,978.5,1009.5,977.0,990.5,154200,135.43006378683867,137.10192308299415,0.9198343329379556
2017/12/07,990.5,1016.5,986.5,1010.5,190000,137.0490901770693,139.14541364419898,0.9218910763724978
2017/12/08,990.5,1047.5,990.5,1041.0,372800,140.73262541484434,142.91270592878874,1.0132722418887743
2017/12/11,1031.0,1050.5,1024.0,1045.0,152600,141.66058966024428,143.26941484458834,0.9929285910515063
2017/12/12,1054.5,1065.0,1035.5,1038.0,78600,140.8330565376422,141.95510449771655,0.9811596736426138
2017/12/13,1025.0,1030.5,998.0,1010.5,194600,138.33261423139805,138.93731280925292,0.9443117547193307
2017/12/14,1025.0,1032.5,1022.0,1026.0,55600,140.76807524457476,141.42030440585373,0.9913512178999029
2017/12/15,1028.0,1028.0,1003.0,1013.0,89600,140.66532427930906,141.38176630580026,0.9808814619689764
2017/12/18,1014.0,1019.0,1001.5,1015.0,69200,138.50608439067634,139.38707558495057,0.9861884095918778
2017/12/19,1006.0,1013.5,1001.5,1005.5,73600,136.60070172345382,137.0380249185825,0.9817621712631089
2017/12/20,1003.0,1010.0,993.5,1008.0,76400,136.99308515043867,136.8182494673721,0.9812815161757745
2017/12/21,999.0,1021.5,998.0,1018.0,99000,138.05601145134986,137.63523121401045,0.9990424330932035
2017/12/22,1011.0,1013.5,996.5,999.5,70000,132.8868630211474,131.9491301165926,0.9793079594898574
2017/12/25,1000.0,1020.0,990.0,1018.5,98000,135.19798445711214,134.2482374470493,1.031038772854937
2017/12/26,1019.5,1034.0,1015.5,1026.5,87800,136.47470490173285,135.39145486931312,1.0461315869289487
2017/12/27,1042.0,1074.5,1035.0,1072.5,158600,138.34223163211698,137.20775943611758,1.1786740660275246
2017/12/28,1097.5,1103.0,1053.5,1056.0,120600,138.86474973868332,137.9451809674444,1.1479903603478292
2017/12/29,1068.0,1068.0,1038.5,1040.0,56000,136.22875519889504,135.56038973441224,1.1215611024952947
2018/01/04,1043.0,1057.0,1034.5,1055.0,87400,133.55463233395957,134.23473846396215,1.1132109705521818
2018/01/05,1064.5,1070.0,1056.0,1061.5,92800,132.74492174695644,133.67208077573898,1.0839285602753774
2018/01/09,1070.5,1071.0,1054.0,1059.0,62600,131.54763659626622,132.6950091298452,1.0310279864227105
2018/01/10,1059.5,1072.0,1051.0,1054.5,135800,131.65807702746665,132.52455879667923,1.0247220695847274
2018/01/11,1051.5,1079.0,1050.5,1077.0,176400,133.71636870356193,134.74231956837096,1.0644114368197315
2018/01/12,1063.5,1075.5,1046.0,1048.5,114000,129.43904813242966,130.7087869910899,1.0758673911570356
2018/01/15,1050.0,1054.5,1042.5,1043.5,69600,128.08338711761547,129.24204653294444,1.0661788320265622
2018/01/16,1037.5,1046.5,1032.0,1043.0,50000,126.91706319579575,128.72674418188592,1.0581223246016995
2018/01/17,1033.0,1048.0,1033.0,1038.0,65600,127.49249840822345,128.9466187245516,1.0550378463755539
2018/01/18,1050.0,1057.5,1032.5,1034.5,96000,128.62581783863337,130.4873332243618,1.1174049379069595
2018/01/19,1047.0,1056.0,1044.5,1053.5,130200,129.98421610650533,131.21712439644867,1.127735770174021
2018/01/22,1056.0,1056.5,1033.5,1038.0,66000,128.44586341400225,129.64122028029666,1.0443086821603635
2018/01/23,1038.5,1046.0,1036.5,1042.0,47200,126.5025728520289,128.03083822070403,1.0323470860599249
2018/01/24,1046.0,1066.5,1046.0,1060.0,201600,131.22679589803846,131.9334821382594,1.0607660916801176
2018/01/25,1050.0,1050.0,1025.5,1029.0,92600,129.76822002306918,129.78465407962975,1.0090320407013949
2018/01/26,1026.0,1049.5,1026.0,1040.5,129200,132.3768344787405,132.4667572146803,0.8915990357989894
2018/01/29,1050.0,1052.0,1035.0,1047.5,100000,132.09698929707366,132.3004988576789,0.9383900441805342
2018/01/30,1044.0,1044.0,1014.0,1017.5,131800,128.1684129984912,128.3908589709334,0.9138427790141197
2018/01/31,1015.5,1039.5,1015.0,1018.5,188000,127.83024315878215,128.2642419029931,0.9219034334747391
2018/02/01,1027.0,1034.0,1021.5,1026.5,84600,126.69633418983797,127.03678918009803,0.907425074594145
2018/02/02,1048.5,1048.5,1032.5,1038.0,166600,129.70267865657036,129.6783019771126,0.9198721869996104
2018/02/05,1038.5,1043.5,1014.0,1033.0,221800,129.28166981434305,128.82482469490108,0.9466787245237778
2018/02/06,964.0,972.5,925.0,945.5,260200,127.68397058324123,126.89051641096994,0.8322112415933182
2018/02/07,974.5,1006.0,970.0,981.0,138200,131.6199212383991,130.54834001961686,0.8588217641186388
2018/02/08,981.0,997.5,973.0,990.5,127400,131.51714402240512,130.52373534762566,0.8713864671329128
2018/02/09,946.5,966.0,945.5,963.5,135600,132.8081838669491,130.85260413914432,0.8732965028016695
2018/02/13,979.0,979.0,949.0,951.5,172400,130.95278777691925,129.6405113538519,0.8812374552571085
2018/02/14,951.0,958.0,900.0,913.0,268800,129.66466360720904,128.76197520279896,0.8472963435411824
2018/02/15,922.5,936.5,912.0,926.0,101400,127.23370910857834,127.34868365146994,0.8695271267311612
2018/02/16,937.5,967.0,936.0,953.5,92000,127.16611663675667,127.66135800331327,0.9224955427753275
2018/02/19,972.5,988.5,959.0,987.5,97400,129.4554783745751,129.80207650542036,0.9928734423490165
2018/02/20,992.5,1008.5,985.5,1002.5,97800,130.9001580222153,130.70037751681141,1.032801578596948
2018/02/21,994.5,1019.5,989.0,1009.0,109000,133.2353585054888,133.5114929738844,1.0489080168367602
2018/02/22,1008.0,1012.5,992.0,1003.5,78000,135.70814046859908,135.71404785203273,1.052057362662518
2018/02/23,1003.0,1012.5,1001.5,1010.5,36200,135.0631124082821,135.01387321053198,0.9945481317124177
2018/02/26,1027.5,1029.5,986.5,988.5,140200,130.06554527068695,130.33992603095132,0.9205193478267004
2018/02/27,1000.5,1003.5,989.5,992.5,77200,127.25353463912126,127.79671155454525,0.921530534101213
2018/02/28,985.0,1003.0,983.5,983.5,70200,128.1391391656563,128.07012191757923,0.9246386108073487
2018/03/01,970.5,971.0,954.0,958.5,83800,126.10865315936097,125.90640027018863,0.9428610743805094
2018/03/02,938.5,965.0,938.5,941.0,94800,124.80852294818543,123.84072039351422,0.901812771833849
2018/03/05,938.0,938.0,920.0,924.5,110800,122.42085477920197,121.9540849446199,0.860349308796767
2018/03/06,964.5,974.5,939.0,943.0,94400,122.37087251179699,122.758285834068,0.9117956453534334
2018/03/07,936.5,940.0,920.0,922.0,115600,119.32735238460882,119.8326670981543,0.8899810047403616
2018/03/08,927.5,927.5,910.0,914.0,92000,116.63160285687282,117.29079805909089,0.9008393756807701
2018/03/09,927.0,938.5,912.0,915.5,86600,117.49673257592124,118.06067780041549,0.9190618660224801
2018/03/12,930.5,930.5,903.5,913.0,164400,115.03788077016122,115.83526651342784,0.924058433791
2018/03/13,908.0,922.5,903.5,922.0,114400,114.94548634372019,115.81832904923613,0.9262894121830969
2018/03/14,917.5,918.5,911.0,914.5,76400,114.34193976215559,114.64813258873765,0.9267386154110198
2018/03/15,913.0,919.5,902.0,916.5,124800,113.50040592373658,113.94396227676904,0.9284787030156487
2018/03/16,915.0,924.5,904.5,912.0,163600,114.31254472187342,114.44871565554709,0.9695296647497887
2018/03/19,908.5,908.5,886.0,892.0,113200,112.2097936099301,112.61264246857002,0.9232738488377835
2018/03/20,884.0,886.0,865.5,879.5,114000,111.15444182893029,111.27262632383402,0.9095468000397279
2018/03/22,877.5,890.5,875.5,890.5,85800,111.25358840004445,111.51283916827288,0.8955807347458794
2018/03/23,855.5,870.0,844.0,848.5,122800,112.76290701431758,111.92387233515291,0.8621508498545096
2018/03/26,834.5,835.0,804.5,822.0,280200,106.75010607870034,106.49657463180941,0.8965474224697445
2018/03/27,832.0,854.0,826.5,854.0,138400,107.59333423077233,107.45567280320023,0.8960695137796822
2018/03/28,850.0,857.5,832.0,855.0,142600,108.58389829873896,107.82088781970003,0.907101652320241
2018/03/29,853.5,866.5,845.5,857.0,94800,109.05536698491952,108.51375212195957,0.8937721203107014
2018/03/30,870.0,870.0,848.5,861.0,85400,108.9537581307862,108.9464100787102,0.889065764990071
2018/04/02,862.5,874.0,856.0,861.5,66400,108.22591662779604,108.25578973263663,0.9300041500926564
2018/04/03,850.5,865.5,844.5,860.0,84600,108.07253068109952,108.0259889324451,0.9306265920768795
2018/04/04,860.5,871.5,859.0,868.5,60200,109.53049385855293,109.18636396261738,0.9422947547871655
2018/04/05,873.5,873.5,855.0,856.5,127600,106.57171618027586,106.46020942782299,0.8802127103040086
2018/04/06,865.0,870.0,849.0,849.0,116200,105.56443467002579,105.6978155704904,0.8725192669029949
2018/04/09,844.5,854.0,832.5,843.0,132800,104.95204517798997,105.1685217887577,0.8994364839708777
2018/04/10,840.0,852.5,829.5,843.0,141000,103.96615264894682,104.33277568904306,0.8954011957783237
2018/04/11,851.0,851.0,834.5,836.5,123200,103.55985439429138,103.81258050886987,0.8814687122326136
2018/04/12,830.5,844.0,825.0,826.0,87200,102.06172427385343,102.50363543466172,0.8337218164794354
2018/04/13,831.0,840.0,825.0,831.0,110800,103.34166191961552,103.56263062695659,0.8410070046798075
2018/04/16,831.5,839.5,824.5,839.0,114800,102.58551928897523,103.0212057332491,0.8618448312453265
2018/04/17,835.5,840.5,826.0,831.0,86000,99.93919554453694,100.83493993375087,0.8488630448562483
2018/04/18,831.0,849.5,829.0,845.0,53000,100.20092476588948,101.30002276653698,0.8657614555885907
2018/04/19,852.0,855.0,846.0,849.0,127600,100.65979374296717,101.99140116588296,0.9062190852441367
2018/04/20,854.5,859.0,835.0,836.0,112200,96.95080140439269,98.08930987151552,0.8553187118188721
2018/04/23,826.0,837.0,820.5,831.0,135400,95.06714455271982,95.51250656301534,0.906621850382157
2018/04/24,836.0,849.0,834.0,846.0,103400,98.77677114299536,99.00933288383392,0.922089565912521
2018/04/25,838.5,848.0,832.0,844.0,92600,99.70614579010682,99.86858044740168,0.9194551628196187
2018/04/26,841.0,846.5,826.0,826.5,363800,96.99332276570638,97.50806852171551,0.7969989367850225
2018/04/27,836.5,839.0,823.5,833.0,144200,97.16345579333303,98.01573522810996,0.8108454390795131
2018/05/01,928.0,928.0,879.0,879.5,330000,107.24624253295268,108.4711031692092,1.0962639121532656
2018/05/02,882.5,882.5,861.0,868.0,94600,105.70310330852412,106.88188379077843,1.0745607820565657
2018/05/07,874.5,909.5,870.5,906.0,331200,110.35825695063738,111.45660436794336,1.1696965368717827
2018/05/08,914.5,926.0,908.5,917.0,213000,110.2865302512171,111.18152144483902,1.1739557674288152
2018/05/09,914.5,919.0,904.5,907.0,94400,110.18558954748147,110.93907601853559,1.1667558460105765
2018/05/10,912.5,914.5,902.5,914.0,58200,110.41309235513556,111.0846576061127,1.1714301410207788
2018/05/11,914.5,917.5,907.5,914.5,49800,109.00290004430289,109.86950326155002,1.0984335337083913
2018/05/14,915.5,915.5,903.5,908.5,65000,105.61382777643156,106.33403984161475,1.1005570410291983
2018/05/15,916.0,919.0,906.0,906.5,106600,107.74161014462749,108.31308999493478,1.1012307071870553
2018/05/16,912.0,916.5,902.0,905.5,50800,106.08642736441199,106.45680249137408,1.1062598271519797
2018/05/17,916.5,932.5,900.0,930.0,164600,107.60157434911335,108.0680018096033,1.1497577851622462
2018/05/18,934.5,948.0,918.0,945.5,149000,111.88316587563993,112.52196705275878,1.1740777143132122
2018/05/21,945.5,967.0,944.0,963.5,94600,113.69156986267335,114.8643855604933,1.178802403092953
2018/05/22,975.0,1000.0,974.0,977.0,221800,114.95552694215647,116.40133035577531,1.2149323845247693
2018/05/23,975.0,1000.0,963.0,995.0,217800,114.82459468195714,115.64840113917958,1.2832557998206184
2018/05/24,987.5,1002.5,967.0,974.5,203800,115.35359226042625,116.12032039922826,1.3327316539936473
2018/05/25,963.5,971.5,953.5,963.0,69400,115.99500605448736,117.17741295223374,1.3188325416311297
2018/05/28,963.0,969.0,957.0,961.5,36400,114.53188008595798,116.0228104526794,1.1766942914693865
2018/05/29,962.0,965.0,947.5,954.5,64200,111.85936178820026,113.45004364019833,1.1804843031816825
2018/05/30,937.0,952.0,933.0,948.5,93600,109.50775349178616,110.84704654816962,1.1921397813101182
2018/05/31,956.0,956.0,938.0,950.0,137600,111.37568553720563,113.01493166207672,1.1848020254348361
2018/06/01,943.0,966.5,938.5,963.0,70800,111.49983481364076,112.92514002388107,1.259957404104836
2018/06/04,975.0,979.0,962.0,977.0,78200,111.55208896821078,112.7631759133017,1.156150700947444
2018/06/05,982.0,989.5,976.0,989.5,79600,113.54436143663081,115.20765607662892,1.160217605738041
2018/06/06,986.0,986.0,957.5,964.0,89400,110.29428967166328,112.19087250546762,1.1152867084383067
2018/06/07,968.5,980.5,961.5,980.5,45800,110.7201206563333,112.83541733564213,1.160359451969793
2018/06/08,971.5,987.5,969.5,981.5,88600,110.68296114198695,112.14054267199305,1.1704649220438639
2018/06/11,985.0,993.0,984.0,989.5,27600,111.25071964942839,113.50342310208887,1.1833451590438615
2018/06/12,996.5,996.5,967.5,990.0,49400,110.11070356182795,112.52435867299108,1.1798419241513565
2018/06/13,990.0,1004.5,990.0,1002.0,74000,111.64709484810398,114.01585555676104,1.1852806447192
2018/06/14,997.0,999.0,991.0,994.5,49800,111.48690252649959,113.79737143578963,1.1830940024828756
2018/06/15,1002.0,1002.0,977.5,979.0,63200,108.9096671779777,111.33032183754533,1.1550593256958537
2018/06/18,982.5,988.5,964.5,968.5,36600,106.05656991462102,108.6747722780099,1.0287105594113888
2018/06/19,966.5,974.0,949.5,954.5,56000,105.8305757156172,108.07932717337971,1.035116723376235
2018/06/20,952.5,974.0,946.0,971.0,67800,107.49719213672464,110.69840458837861,1.0426142250436505
2018/06/21,972.5,977.5,967.5,969.5,37400,104.71276650379271,108.693413941974,0.9941234136395483
2018/06/22,960.0,968.5,951.0,966.0,45800,105.26710201147316,108.7257993976898,0.9650446297750994
2018/06/25,969.0,969.0,936.0,939.5,33400,102.80309004851568,106.29580951022919,0.9658991336115623
2018/06/26,925.0,954.0,920.0,952.5,69600,103.8855892192887,107.33082700225573,0.9840351129440027
2018/06/27,953.5,959.5,940.5,953.0,48800,104.09330206693133,107.37867035810469,0.984378507664218
2018/06/28,953.0,953.0,944.5,952.0,61000,102.7170647172809,106.38863446275113,0.989715800166203
2018/06/29,953.5,958.0,942.0,952.5,70800,100.82674887898318,104.53982388771325,0.9824063005157674
2018/07/02,952.0,961.0,943.5,952.0,102000,102.38037795953394,106.03290803046717,0.9757454542198895
2018/07/03,952.5,967.5,946.5,964.0,127800,107.31503134603555,110.977843205463,0.9865240303014107
2018/07/04,958.0,963.5,934.0,940.5,85400,105.7355973167881,109.30735725662007,0.9431662859295165
2018/07/05,940.5,940.5,912.0,915.0,60200,101.31913102956022,105.23646864042671,0.9079365016111571
2018/07/06,922.0,940.0,917.5,935.0,69200,103.47514990410258,107.47775158167457,1.008945868969546
2018/07/09,995.0,1010.5,963.0,1000.0,336400,110.98257307191244,115.01977544066948,1.088597727648498
2018/07/10,1050.0,1050.0,992.5,993.0,291200,108.9825004397355,113.57152465322302,1.064237782496117
2018/07/11,982.5,1002.5,966.0,966.5,221200,107.61695032422492,111.74063427990603,1.0410190986851022
2018/07/12,969.0,998.0,966.0,992.0,130400,108.9922429545596,113.94165832713303,1.0916324270075828
2018/07/13,999.5,1002.0,982.0,994.5,92200,108.24238180815743,114.22717565182386,1.0717723798055723
2018/07/17,997.5,1004.0,984.0,992.5,81800,107.57037068008277,113.3641588844184,1.082519130147953
2018/07/18,1001.5,1001.5,990.0,997.5,84600,107.36959386554695,113.2141102353762,1.0805977495173076
2018/07/19,998.5,998.5,985.0,993.5,51200,109.55184931861174,115.5514465970389,1.0707371482041548
2018/07/20,993.0,1009.5,986.0,1003.5,133200,110.94052603992127,117.02518788728236,1.0732280437426907
2018/07/23,999.0,1021.5,991.5,1011.0,135000,111.73502219366007,116.83922505020715,1.0983440111630849
2018/07/24,1012.5,1012.5,994.5,998.0,77600,110.5199129391667,115.4090655947222,1.0802419447677
2018/07/25,999.0,1009.0,991.5,1005.5,113000,111.78590235447766,116.54708884144259,1.0958105847768682
2018/07/26,1010.0,1017.5,999.5,1015.0,84800,113.1449618939919,117.25830150775505,1.0885843679870664
2018/07/27,1015.0,1023.0,998.0,1006.0,158000,110.85483094041923,115.16618289658464,1.0681854100573094
2018/07/30,1056.0,1063.0,1006.0,1045.0,505400,114.09182662324152,118.1741674108382,1.1957620641613258
2018/07/31,1055.0,1086.5,1044.5,1075.0,685800,115.4669384917431,121.02874301940044,1.242382483871325
2018/08/01,1095.5,1153.5,1083.0,1110.0,776800,120.45132875120261,126.00973136232234,1.262047030431622
2018/08/02,1109.5,1115.5,1082.0,1085.0,286600,116.8665680242986,122.48911251850197,1.1896073802879308
2018/08/03,1077.0,1096.0,1058.0,1059.0,120600,107.02109463374461,113.11627178136763,1.1831364709722005
2018/08/06,1075.5,1077.0,1049.5,1050.0,172600,107.05230427734385,113.64618350503824,1.120316271758498
2018/08/07,1056.5,1063.5,1037.5,1060.0,170800,105.62050233380495,112.11490981555808,1.1178025024911085
2018/08/08,1060.5,1061.0,1041.5,1044.5,166600,107.05175736837124,113.88395763067373,1.1086440806169011
2018/08/09,1042.0,1042.0,1017.5,1019.5,192600,104.96275967171702,111.73245882128819,1.1080939529250333
2018/08/10,1015.5,1028.0,1006.5,1008.0,113600,108.56644196984429,115.18578595081601,1.1488097849031353
2018/08/13,999.5,1000.5,985.0,985.0,101400,108.22801083506289,115.00859877012314,1.1642905420876415
2018/08/14,986.5,1016.5,984.0,1000.5,90400,108.73535376182544,116.24840928557747,1.16067059682185
2018/08/15,1004.5,1008.0,983.0,989.5,58200,108.94767799349643,116.69124175904632,1.1719090587305285
2018/08/16,980.0,989.5,968.5,975.0,194000,107.46475332069724,115.85358955200348,1.180498762970965
2018/08/17,976.5,985.5,970.5,975.0,117400,106.41909687179808,114.54007056871393,1.173368546872308
2018/08/20,970.0,973.0,955.5,965.0,82200,104.20613524445766,112.44815960502834,1.146910103200975
2018/08/21,956.5,956.5,944.5,949.5,104600,103.66907624910404,112.53965672372104,1.13983980648508
2018/08/22,941.5,951.5,940.0,945.0,158200,102.9808074010101,111.63551007961685,1.1267595016612366
2018/08/23,950.0,963.0,947.5,956.0,162200,103.19905808890515,112.0396061758782,1.166239969811075
2018/08/24,956.5,968.0,951.5,964.5,84800,103.31224038351485,112.15681386620176,1.1603090757349008
2018/08/27,970.0,973.0,963.5,967.5,111800,103.88347177142165,112.70085003955958,1.0325366246330858
2018/08/28,966.5,976.5,966.5,971.0,102600,103.66288841498236,112.69601110554308,1.0321298994397692
2018/08/29,977.5,985.0,974.5,980.0,95200,99.66283708908158,107.88162538580302,1.030805907791709
2018/08/30,983.0,1004.5,977.5,1002.5,275600,103.63492393362847,112.19382058440772,1.018232701120873
2018/08/31,997.5,1005.0,991.5,997.0,181800,103.26115730147902,111.9053658042506,0.9658293223566307
2018/09/03,998.5,1000.5,966.5,978.0,111400,104.24496735636748,113.10442735283472,0.9635208240615007
2018/09/04,976.0,991.0,970.5,984.5,92600,105.63797327844402,114.50114747251024,0.9740635948609957
2018/09/05,1050.0,1063.0,1027.0,1049.0,703000,110.34122235759662,120.18402605059053,1.1035413979390096
2018/09/06,1058.0,1100.5,1043.5,1072.0,797000,113.31274783327419,124.06264601668494,1.155395228541067
2018/09/07,1070.0,1070.0,1046.0,1048.5,378400,112.33421601565541,122.99996993144863,1.149207312600672
2018/09/10,1038.0,1060.0,1032.5,1054.0,282200,113.32978257499366,123.93107886300731,1.1515427833100138
2018/09/11,1050.0,1056.5,1044.5,1045.5,196000,108.92849592201812,119.58494370885909,1.137089742588301
2018/09/12,1050.0,1056.5,1026.5,1044.5,258400,103.60583137527628,114.12614749354437,1.1427698217499738
2018/09/13,1069.5,1080.5,1059.5,1064.0,234400,102.66633260354735,112.90001978268911,1.1358745671562713
2018/09/14,1089.0,1092.5,1069.5,1076.5,661600,101.42418639253532,111.54727717519503,1.1386538329171711
2018/09/18,1075.0,1089.5,1063.5,1076.5,231800,102.13894125743917,111.68304018937265,1.1750307836149352
2018/09/19,1075.0,1076.0,1055.0,1061.0,245800,100.03437407082656,108.90565657811409,1.143068841144806
2018/09/20,1065.0,1095.0,1051.5,1089.0,353000,104.51634559549434,113.52215316906735,1.1837712240431884
2018/09/21,1100.0,1110.0,1089.0,1103.5,462000,104.13973886452676,113.0104743505318,1.2039802566005224
2018/09/25,1117.5,1163.5,1117.5,1155.0,435800,110.51626452854933,119.45073482973288,1.2274437622816758
2018/09/26,1172.5,1213.0,1155.0,1209.5,421000,113.3265427781286,122.78892353353423,1.3002019070154023
2018/09/27,1225.0,1237.5,1183.0,1219.5,521200,113.55151553238531,123.56210893870556,1.3459419617994073
2018/09/28,1234.0,1245.0,1209.0,1210.0,237400,110.16053297193602,120.29316319111918,1.3429411541280178
2018/10/01,1215.0,1225.0,1193.0,1203.5,172000,107.61366978863332,117.74134834460443,1.3615738464639684
2018/10/02,1209.0,1229.5,1205.5,1215.5,152400,109.41980450007026,118.97118414116463,1.3572200661672462
2018/10/03,1265.5,1280.0,1236.0,1236.0,385800,111.2450657222443,121.51283336352434,1.4002586184782635
2018/10/04,1233.5,1247.5,1223.5,1228.0,166800,114.10021061297584,123.87405221196623,1.3817859204893481
2018/10/05,1210.0,1217.5,1180.5,1182.0,228200,112.44221108035796,121.64507532786418,1.1887727586834866
2018/10/09,1175.0,1179.5,1148.0,1153.5,158400,111.30585222447893,120.74870677728305,1.146736656303218
2018/10/10,1161.0,1175.0,1151.5,1166.5,149400,111.90543880816735,121.18332372558416,1.1511726561375495
2018/10/11,1116.5,1140.5,1110.0,1131.0,204600,110.95584103339779,119.49765193913593,1.2241053073618247
2018/10/12,1117.5,1182.0,1117.5,1158.0,263800,114.22726937834,122.98378946867876,1.2467341361718118
2018/10/15,1147.5,1154.5,1121.5,1121.5,128600,113.92773857233264,122.4884006227196,1.2396215975455425
2018/10/16,1126.0,1134.0,1113.5,1122.5,78000,112.33325745043388,121.21435612669818,1.2253644504089134
2018/10/17,1141.0,1162.0,1138.5,1157.0,138200,116.04605468513849,124.85475770769854,1.2428497925714628
2018/10/18,1157.0,1185.5,1150.0,1150.0,184600,118.13407681340351,126.65605891260618,1.2411561066987409
2018/10/19,1132.0,1140.0,1126.5,1135.5,83800,116.3997626611768,124.95673931322568,1.2198351562736607
2018/10/22,1138.5,1157.5,1120.5,1146.0,102800,117.7795371177619,126.38013596456625,1.1351544087216623
2018/10/23,1136.5,1136.5,1106.5,1106.5,147000,115.0828153617756,123.64171129524766,1.1551773023796192
2018/10/24,1131.5,1131.5,1093.0,1105.0,101200,112.28690207857535,121.14350741289608,1.153581597513104
2018/10/25,1065.0,1069.5,1040.5,1043.0,228200,107.63249690513064,115.3625976017852,1.1553933399213434
2018/10/26,1068.0,1068.0,1025.5,1032.0,162800,108.95666156939137,116.38039128369044,1.0275286537578123
2018/10/29,1032.0,1063.0,1030.0,1039.0,184400,110.0040710903505,117.75095212436109,1.0286327161110762
2018/10/30,1030.0,1066.0,1018.5,1062.0,279400,110.99697711362582,118.57565854460452,1.0321930621586533
2018/10/31,1087.0,1096.0,1060.0,1095.5,229200,111.65611156673985,118.4916048635015,1.0365427521081776
2018/11/01,1105.0,1140.0,1096.0,1134.0,311400,118.98248485347702,125.85396999567939,1.0985422429679097
2018/11/02,1150.5,1189.0,1147.5,1176.5,298200,112.51089657533788,119.95005191420556,1.0758226166372618
2018/11/05,1201.5,1235.0,1155.0,1225.0,421400,118.99286072011226,126.29351142566539,1.308986440797238
2018/11/06,1225.0,1271.5,1208.0,1258.5,425800,123.13477463882714,129.9246705792323,1.3460304494888926
2018/11/07,1258.5,1269.0,1217.5,1221.0,197800,120.81798582096359,128.0921372856209,1.3336011644664996
2018/11/08,1260.0,1280.0,1259.5,1270.0,289400,123.24069269282967,130.68757342716881,1.3569224385005236
2018/11/09,1266.0,1279.0,1241.5,1275.5,169400,125.62482182390944,132.62580013575274,1.3679500975950591
2018/11/12,1271.0,1296.0,1266.0,1272.5,138800,122.3193515728491,129.831820503466,1.3139730435443164
2018/11/13,1237.0,1261.5,1226.0,1256.0,180400,125.24734281498222,132.52117652142311,1.3282533096590372
2018/11/14,1290.0,1318.0,1272.5,1279.0,360600,127.30955624132334,134.16297646455837,1.3840796412680707
2018/11/15,1272.5,1292.5,1247.5,1277.0,225600,130.77583618512128,137.1261349375653,1.4033396149989417
2018/11/16,1313.5,1313.5,1271.5,1277.5,205000,130.72976143719447,136.99130949772055,1.396747101819952
2018/11/19,1277.5,1289.5,1266.5,1275.0,157600,131.2557061995342,138.24592619781694,1.4004621969531013
2018/11/20,1275.0,1280.5,1260.0,1265.0,159000,132.91287248921918,139.4221898794623,1.389350640829964
2018/11/21,1260.0,1267.5,1245.0,1257.5,219000,133.3549925023057,140.04450578671603,1.377968872423844
2018/11/22,1253.0,1260.5,1232.5,1257.5,158800,130.80708493240166,137.2471177331831,1.3540231128252604
2018/11/26,1238.5,1259.5,1232.0,1238.5,139800,128.63418039147678,135.76718841719276,1.2946090817794262
2018/11/27,1239.0,1247.0,1230.5,1237.5,83000,129.01716148930697,135.75300243805333,1.275957154554658
2018/11/28,1235.0,1256.0,1235.0,1249.5,145200,128.21488679549063,135.91228637105738,1.275303478817888
2018/11/29,1262.0,1281.0,1251.5,1273.0,154200,130.33482991895198,137.88633643039557,1.2914409586991347
2018/11/30,1284.5,1303.5,1268.0,1303.0,191600,133.69660828470066,141.09219460823283,1.3051827472161865
2018/12/03,1335.0,1376.0,1325.0,1369.5,407800,139.9930954077832,147.23714568226768,1.1247201010345786
2018/12/04,1371.0,1382.0,1323.0,1332.0,320200,138.7561177642293,146.77854601151566,1.1780043379914678
2018/12/05,1303.5,1331.5,1302.0,1312.0,120800,134.01569405267583,142.54559794066054,1.1760938704633839
2018/12/06,1300.0,1337.0,1297.5,1319.5,210200,136.63009993487458,144.8196934177968,1.2242328095786517
2018/12/07,1344.5,1392.0,1344.5,1374.5,414600,138.93351629870057,146.97041081762134,1.3804978200859643
2018/12/10,1349.0,1358.0,1325.5,1346.5,137000,139.29139586894854,146.9684400612527,1.3020945082571787
2018/12/11,1347.0,1360.0,1325.5,1334.0,148800,138.95756383404589,148.07720813283603,1.302295616916661
2018/12/12,1350.0,1367.5,1334.0,1366.5,147000,142.4622198764244,152.42034191373065,1.311575136785366
2018/12/13,1380.0,1422.5,1372.0,1419.5,253800,143.92253200977078,154.7405311768755,1.4048703064908938
2018/12/14,1420.5,1423.5,1402.0,1404.0,236400,146.2391147521033,156.12234648692723,1.342821443087908
2018/12/17,1391.5,1391.5,1348.0,1348.0,198200,141.4215154667522,151.4436383614746,1.234622563741998
2018/12/18,1321.0,1329.5,1257.0,1263.5,212200,136.0883703879013,145.9788922094809,1.0506443319648293
2018/12/19,1312.5,1383.5,1307.5,1335.0,525800,144.45406203278125,154.99488970796392,1.1706660244881308
2018/12/20,1310.0,1334.0,1281.0,1290.0,301800,142.08945747343842,152.23141951555533,1.1918305248234897
2018/12/21,1299.5,1299.5,1264.0,1292.5,194800,146.8627718612512,158.93592446308168,1.2205849289301935
2018/12/25,1167.5,1232.5,1159.5,1161.5,226400,135.2253624023399,146.04139434304633,1.2020771080234802
2018/12/26,1175.0,1243.0,1168.5,1225.0,224400,135.40073409448286,146.0016577413381,1.2733213264183234
2018/12/27,1319.0,1337.5,1273.5,1324.5,308800,142.33293499858863,151.93749780541518,1.313404413353626
2018/12/28,1329.0,1345.0,1306.5,1321.0,220600,144.47256537585474,154.51885299876395,1.3102930907090937
2019/01/04,1225.5,1279.0,1225.5,1269.5,186200,144.98225887620538,152.85835561434254,1.0454248275708116
2019/01/07,1300.0,1324.5,1300.0,1321.0,178000,148.46348938196826,155.81220945760788,0.9754318589479494
2019/01/08,1325.0,1364.5,1325.0,1357.5,217800,151.3191383965372,159.49524071372417,1.0155123428411363
2019/01/09,1374.5,1374.5,1335.5,1346.0,202000,148.64633043955251,157.32775881656036,0.9751434102518222
2019/01/10,1335.5,1335.5,1279.5,1298.0,156400,141.718333994078,149.50791169305865,0.8849804724961754
2019/01/11,1300.0,1314.5,1283.5,1287.5,151800,142.6621340138009,150.6095148691174,0.8523053315725971
2019/01/15,1248.0,1291.5,1248.0,1275.5,157600,142.498694026947,150.15726199027804,0.8257642525796731
2019/01/16,1300.0,1308.0,1269.0,1274.5,72400,143.35913912882668,150.9736968289404,0.8260603067614763
2019/01/17,1274.5,1285.0,1244.5,1249.5,118000,140.68095406066053,146.89784660924408,0.959696579021885
2019/01/18,1262.0,1276.5,1259.0,1270.0,162600,138.87858830597068,146.25748009396207,0.8142314175930717
2019/01/21,1252.5,1265.5,1226.0,1231.0,347200,136.32007964541387,143.24158271613697,0.7842149082472185
2019/01/22,1223.5,1229.5,1182.0,1212.0,420000,136.06203888499027,142.81765657352366,0.7643236215181761
2019/01/23,1207.0,1247.5,1207.0,1239.0,144400,135.88419105527652,143.64858885418798,0.8120410480623564
2019/01/24,1231.5,1286.5,1230.0,1259.5,125600,140.81199890194537,148.57070499755463,0.8523134423148079
2019/01/25,1259.5,1273.5,1229.5,1229.5,173800,134.42306466639022,141.80249447224585,0.7514794116380582
2019/01/28,1232.5,1249.5,1223.5,1240.5,110200,135.5174759022005,143.163306345789,0.8357402003769856
2019/01/29,1237.0,1254.0,1234.5,1248.5,135200,138.30328862589795,146.42543011192265,0.8469879284887509
2019/01/30,1228.0,1254.5,1225.0,1243.5,209200,137.18750831653273,144.604149816646,0.8442523369624206
2019/01/31,1280.0,1297.5,1266.0,1273.5,201800,140.26251471981695,148.03997332589205,0.8589091758446599
2019/02/01,1260.0,1275.0,1230.5,1270.5,168800,137.03685398575388,145.83379128323742,0.8574593328327761
2019/02/04,1310.0,1340.5,1218.0,1333.0,779200,140.1534536997652,148.82306387979395,1.005571389720649
2019/02/05,1333.0,1337.5,1278.5,1284.0,436800,140.79026951895383,149.57362926625328,0.9534810629868927
2019/02/06,1307.5,1354.0,1298.0,1346.0,387600,142.27681645362642,151.75730303783504,1.008655999437441
2019/02/07,1346.0,1412.0,1344.5,1391.5,431200,148.19947456393174,158.09274517996005,1.0299506884304073
2019/02/08,1363.5,1383.5,1329.5,1352.5,195800,147.6187015917603,157.93356465114655,1.0518851378593923
2019/02/12,1373.5,1412.0,1359.5,1411.5,163600,151.0498639524734,161.94534303253826,1.1171396891048948
2019/02/13,1397.5,1405.0,1377.5,1390.5,352400,152.36990495843943,163.1658890836152,1.0949104208323097
2019/02/14,1400.0,1455.5,1396.0,1437.0,309600,157.57134582620063,167.82035760335037,1.1528506737467363
2019/02/15,1419.0,1427.0,1399.5,1410.5,182400,153.72971983293243,162.94204449885137,1.1220146743420878
2019/02/18,1430.5,1439.5,1397.5,1404.5,287800,148.02446570401742,157.6042875957965,1.177506803071714
2019/02/19,1379.5,1417.0,1373.0,1397.0,214400,143.42338743953943,152.87719066003064,1.1728124753673237
2019/02/20,1390.0,1391.5,1362.5,1375.5,222600,139.75364086630432,148.8395336748835,1.1543297865174438
2019/02/21,1387.0,1417.5,1385.0,1394.0,198400,140.6755106377019,150.33598580981507,1.1627542117127336
2019/02/22,1384.5,1385.0,1365.5,1371.5,129800,138.68491943269396,148.45900532356978,1.1224712846745373
2019/02/25,1379.0,1402.0,1364.5,1395.0,293000,145.222566384634,154.52587691694063,1.1441099274510476
2019/02/26,1400.0,1400.5,1383.5,1397.5,125600,146.9798275063944,155.8809641442655,1.1411867817236765
2019/02/27,1394.0,1409.0,1388.0,1397.0,133400,145.41569736557074,155.00141317307208,1.1456224082109352
2019/02/28,1397.0,1409.5,1389.5,1404.5,137400,148.855988958936,158.61146788960204,1.153554573122891
2019/03/01,1410.0,1434.0,1403.5,1426.5,109600,148.63938563238233,160.28406993215194,1.1610838914524568
2019/03/04,1427.5,1436.0,1413.5,1430.5,111000,149.20194098146794,161.1208805105842,1.0501344704381042
2019/03/05,1409.5,1412.5,1374.0,1379.5,186600,144.211099333331,155.05817674922423,1.02055888054562
2019/03/06,1372.0,1372.0,1341.0,1349.5,224800,144.03461656089564,154.4050903116015,0.9928439860338029
2019/03/07,1345.0,1360.5,1319.0,1355.0,175000,147.64183500025447,158.27276205859872,1.108118633094271
2019/03/08,1330.0,1352.5,1320.0,1320.0,132600,147.22578295379824,157.29943359012222,1.0127163752804436
2019/03/11,1318.5,1319.5,1291.0,1312.0,130200,148.45657594499758,158.22821841798614,0.9238643365793653
2019/03/12,1325.5,1340.0,1310.0,1324.0,137800,146.70218094002234,156.61947039632287,0.9173952200600927
2019/03/13,1322.0,1330.0,1294.0,1313.0,276600,146.86026029208338,157.20580037330546,0.9138822985599648
2019/03/14,1327.0,1329.5,1309.5,1309.5,176200,146.35020756392194,156.85201139489442,0.9146422557445645
2019/03/15,1313.0,1336.5,1307.5,1326.5,316600,146.97967084095848,157.61097185262733,0.9597069660377145
2019/03/18,1332.5,1357.0,1328.5,1357.0,204600,151.39986009724856,162.15055849282388,0.9186085536517766
2019/03/19,1357.0,1366.5,1299.0,1299.0,179600,146.42458225032965,157.42585680779652,0.8410050737502772
2019/03/20,1300.0,1331.0,1300.0,1320.5,100600,148.17129974533634,158.66693193948836,0.863878963738079
2019/03/22,1335.0,1340.0,1312.5,1324.5,121800,148.81290494768314,160.71600949637138,0.8941572616051344
2019/03/25,1281.5,1289.5,1267.5,1275.5,103200,153.60944883984521,164.40827244746973,0.8525996608485386
2019/03/26,1287.5,1336.5,1286.5,1335.5,193000,155.57115793416457,165.96892667372245,0.8545502211164844
2019/03/27,1339.5,1340.0,1304.5,1310.0,158400,150.72649611681751,161.79064241010005,0.83401188283172
2019/03/28,1295.5,1357.5,1288.0,1310.0,283000,153.76954882520062,164.55849379409548,0.8811331777908521
2019/03/29,1250.0,1255.0,1176.5,1219.5,1078000,143.29734254490631,152.7309350765417,0.7140915955892027
2019/04/01,1225.0,1264.0,1209.0,1234.0,504800,142.43640540764662,151.48015422461737,0.7175567262189199
2019/04/02,1259.0,1285.5,1233.0,1241.0,405600,142.8729445868714,152.54937508179728,0.7187947989134117
2019/04/03,1230.5,1247.5,1195.0,1237.5,1189400,139.90375974008055,149.89882959388027,0.7171520914422029
2019/04/04,1250.0,1297.0,1232.5,1236.5,564000,143.83811564136192,153.6842050074022,0.7555543698815941
2019/04/05,1233.5,1248.5,1192.0,1194.0,537400,139.0884171612439,148.72861614835048,0.7059188663060235
2019/04/08,1175.0,1217.5,1164.0,1213.0,374000,143.33948040686096,153.28204212863227,0.7428259752955293
2019/04/09,1212.0,1218.5,1190.0,1199.5,238400,142.23547027007496,152.23799512401555,0.7338174732142262
2019/04/10,1182.5,1199.0,1174.5,1191.5,192800,142.4356459685772,152.8616409727435,0.7328497619750395
2019/04/11,1195.0,1217.5,1193.0,1205.5,247200,145.60081475398707,156.11894996412678,0.7456990301118829
2019/04/12,1205.5,1217.0,1192.5,1196.5,92200,143.37866290664238,155.10072578453278,0.7420571494207808
2019/04/15,1217.0,1221.0,1207.0,1214.5,177000,142.57751390976614,154.38481667678238,0.7359970753940451
2019/04/16,1224.5,1237.5,1215.0,1230.0,211800,145.52282811744334,157.43517926087986,0.7485277813569583
2019/04/17,1237.0,1239.0,1215.5,1228.0,181000,144.5441505002797,155.9297772897011,0.748596017382032
2019/04/18,1222.5,1225.0,1115.5,1130.0,873200,133.70667048253787,144.24109502032286,0.7567987425642647
2019/04/19,1137.0,1141.0,1120.0,1130.5,336600,134.99385928676014,146.4507023129694,0.7432413853379941
2019/04/22,1124.5,1140.0,1111.0,1135.0,276400,135.78412878561215,147.73520284642953,0.7375392906413581
2019/04/23,1131.5,1143.5,1120.5,1122.5,346000,132.79277245163175,144.68297009578717,0.7302223604930194
2019/04/24,1131.0,1134.5,1110.0,1110.0,277200,131.60734597156394,144.21749792844238,0.7257778789083883
2019/04/25,1127.5,1127.5,1094.5,1099.5,492400,133.10259368366323,145.49828765228335,0.7319420016103042
2019/04/26,1070.0,1072.5,1018.0,1058.5,812000,128.26476855331353,139.58211309221943,0.7615138544311343
2019/05/07,1067.5,1067.5,1040.0,1054.0,222800,118.00685830325219,127.87063057450818,0.88497703918908
2019/05/08,1041.0,1045.5,996.5,1003.5,368200,114.76895242817102,124.75359761979678,0.8684925168244922
2019/05/09,1002.0,1010.5,987.5,1001.5,351000,115.1796735571241,125.60678459321404,0.8772636774513872
2019/05/10,1010.0,1023.5,990.5,998.0,271200,116.35781382393063,126.4248505299705,0.8479592644373509
2019/05/13,1002.0,1002.0,975.5,984.5,346000,116.92870480217698,126.98347389083358,0.8566015568240852
2019/05/14,961.5,972.5,942.5,972.5,394000,116.19630593397649,126.16310708375205,0.8248683961314104
2019/05/15,981.5,986.0,967.0,976.5,233000,115.62126735770177,125.73357099369709,0.8234562261163584
2019/05/16,988.0,1017.0,982.5,1007.5,443000,117.46470584884014,127.41488081688426,0.8416776258835758
2019/05/17,1029.5,1052.5,1029.5,1039.0,532000,118.5779980019416,128.34223079669232,0.8520558131673963
2019/05/20,1029.0,1030.0,996.0,999.5,269400,112.01825130491687,121.00420292707084,0.8375497590445753
2019/05/21,994.5,1009.5,982.5,997.5,185400,110.19937818814402,119.17302993688756,0.8318836024380265
2019/05/22,1009.0,1012.0,998.5,1004.5,145200,107.62569888388333,117.34953507163712,0.8523626786030274
2019/05/23,1002.0,1008.5,991.5,1000.5,193200,108.90967226826811,118.33367702545345,0.868408042924414
2019/05/24,993.0,1007.5,978.0,990.0,331600,109.295879864249,118.17817375800202,0.8682292201994545
2019/05/27,996.0,996.0,948.0,954.0,432200,105.3022364774234,113.54946164233155,0.8254342746871373
2019/05/28,949.5,980.5,947.0,977.0,444200,107.64498838251455,116.27291595106877,0.8575175047738659
2019/05/29,961.0,991.0,954.0,983.5,170400,108.70165841441244,117.16884410010209,0.8787161934878809
2019/05/30,976.5,980.0,951.5,964.0,146200,107.57537277391758,115.74576004496461,0.8546580655395262
2019/05/31,959.0,959.0,948.0,953.0,110000,106.50412870699517,114.46334282763861,0.8768641108436886
2019/06/03,947.0,964.0,942.5,958.5,156600,108.03231638492107,116.15288783778546,0.8891022760623488
2019/06/04,958.5,962.0,932.0,938.5,181200,104.74941106665008,112.29989279229622,0.8678772632303046
2019/06/05,958.5,961.5,943.0,951.5,148000,107.49056161443598,114.66984321976201,0.8623855964331423
2019/06/06,941.0,945.5,926.0,927.5,338000,103.92571820536725,110.97748436017616,0.8295458781820411
2019/06/07,929.0,946.0,922.5,940.5,119800,104.12635494766842,111.39620259699281,0.9025049279144878
2019/06/10,950.0,968.0,947.5,966.5,173800,105.39196942895322,112.38725121900042,0.9148652945250451
2019/06/11,966.5,983.5,959.0,981.0,173600,106.91409941766477,113.78331388591963,0.92268826190108
2019/06/12,983.5,991.0,975.0,982.5,129800,106.57703694614949,113.58320310390025,0.9290325976608927
2019/06/13,977.5,992.5,975.5,984.0,156200,106.97287075874351,114.50246938766564,0.9402999029898214
2019/06/14,993.0,999.5,985.0,997.0,183000,110.20517107275121,117.79412321288886,0.9665208040865655
2019/06/17,998.0,999.0,981.5,982.0,136400,108.86419692379658,116.65099993180887,0.9687675875315679
2019/06/18,985.0,987.0,945.0,947.0,206800,105.39137032895268,113.18447532236668,0.9484795012925882
2019/06/19,965.0,981.0,964.0,975.5,122000,106.21589439254224,113.21975864433627,0.9456799123648834
2019/06/20,976.0,989.5,968.0,982.0,128200,107.09489276109588,113.6740367740877,0.9436223884599487
2019/06/21,983.0,983.0,969.0,970.5,121000,106.41189683449825,113.39401578770381,0.9430242899718565
2019/06/24,982.0,1002.0,975.5,991.5,183800,110.75141489052957,117.8445544521842,1.0339426618323408
2019/06/25,994.0,994.0,976.0,977.5,140000,108.18443781214928,115.09662570774583,1.0316414450573526
2019/06/26,975.5,982.5,964.0,965.0,132200,106.9504932504043,114.26750906812629,1.0277059682365188
2019/06/27,978.0,978.0,968.0,975.0,100800,106.8903056661122,113.87097796878878,0.9874710928157246
2019/06/28,987.0,989.5,978.5,986.5,129200,108.57665137660008,115.57145388996275,0.9773643271093166
2019/07/01,1006.5,1018.0,993.5,1017.0,206800,107.23065851665052,114.27200318244527,0.9750666783492898
2019/07/02,1020.0,1049.5,1015.0,1044.5,318600,108.50636764482256,115.36754240046744,1.0356981526553966
2019/07/03,1033.5,1037.0,1008.0,1022.0,408000,109.0617342562882,116.48836557554169,1.010097811954964
2019/07/04,1025.0,1025.0,1001.0,1013.0,299200,109.91733674852533,116.72856821031792,1.0104663017595978
2019/07/05,1006.5,1016.0,1003.5,1012.0,124200,108.44314047563203,114.96083676284086,1.0198775823378758
2019/07/08,1005.0,1011.0,993.0,998.0,190600,102.19986040906745,108.2340610745061,1.0210754731316645
2019/07/09,995.5,999.5,982.5,988.0,213600,102.41117350111621,108.41956340025295,1.0177913448080065
2019/07/10,982.5,982.5,965.5,973.5,149400,102.58934848946927,109.09337905757918,1.0055174220044756
2019/07/11,970.0,986.0,967.5,984.5,88400,101.74037361876881,107.48269017663941,1.003501047486144
2019/07/12,1000.5,1000.5,975.0,986.5,144600,103.36472739336587,108.87153516298231,1.0018777344788485
2019/07/16,983.5,996.0,979.0,990.0,131200,105.13083344082024,110.95875722302347,1.0107300753564563
2019/07/17,992.0,992.0,971.5,975.5,165400,103.83005311564644,109.2622110395584,0.9958950451442143
2019/07/18,968.5,968.5,941.0,945.0,323000,102.88474094071644,108.467200568876,1.0464816221385924
2019/07/19,948.0,983.5,948.0,977.5,176200,102.99438078193275,108.68364659852585,1.055590598953113
2019/07/22,976.0,984.5,964.0,975.0,220200,100.85298062057512,107.73709553820083,0.9802059961004173
2019/07/23,971.5,994.0,967.0,987.5,154800,103.01914765997128,110.17715304654784,0.9884484019520327
2019/07/24,1000.0,1009.0,989.0,1000.0,204600,103.5974087197345,110.71675984423308,1.0248548026153634
2019/07/25,1000.0,1013.5,1000.0,1000.0,134800,102.28218118969056,110.2566612202708,1.0369657619776864
2019/07/26,1000.0,1003.5,990.5,998.0,198600,104.03534793942045,112.0977555558527,1.061401487687415
2019/07/29,940.5,948.5,906.0,917.5,1015000,91.56838098101629,98.97032200694329,0.6663162606220652
2019/07/30,918.0,942.5,916.0,936.0,667800,90.45645187934754,96.89038484757346,0.7018024672328245
2019/07/31,935.0,938.5,914.5,915.5,315600,87.172725960326,93.26024543525855,0.6653763252860486
2019/08/01,912.0,920.0,905.0,909.5,242000,87.60554801058595,93.70513439647407,0.6051738902308027
2019/08/02,890.0,893.5,859.0,865.0,337000,87.25098212408615,92.81975560905464,0.6045695081311332
2019/08/05,865.0,865.0,811.5,827.0,528000,85.55475788638638,90.63571118675118,0.6701106367662222
2019/08/06,795.5,820.5,785.0,817.5,713200,84.90571055969093,89.81943278052573,0.6048161377997636
2019/08/07,810.5,810.5,794.5,806.5,518200,85.22175519238637,89.81485770756098,0.5968731914586081
2019/08/08,788.0,795.0,761.0,767.0,1023200,82.55789906171033,87.3562936429193,0.5366524509090631
2019/08/09,761.0,766.5,753.0,757.0,414800,80.95637820929133,85.90185843816556,0.5275877839475754
2019/08/13,741.0,750.5,736.5,747.0,351800,81.60003371734602,85.93210743760692,0.5133999650996564
2019/08/14,753.5,766.5,741.0,752.5,418200,81.75198278773858,86.11713926538772,0.5175296702674017
2019/08/15,732.5,736.0,725.5,731.0,290600,81.53790608646797,85.24648026659702,0.5241946049015109
2019/08/16,724.0,739.0,720.0,728.0,348200,81.43741187659815,85.33613413317728,0.5287046927430241
2019/08/19,735.5,735.5,725.0,734.0,261800,82.1130725386888,86.13131731208232,0.5712571932422965
2019/08/20,740.5,753.5,740.5,748.0,386600,84.65512544603425,88.11864435348544,0.5823691707166319
2019/08/21,738.0,742.0,729.5,738.0,405600,84.70076570133955,88.57009938084546,0.5736640072076664
2019/08/22,743.5,748.0,722.5,725.5,365600,82.4479646017487,86.02887977795788,0.5495812505340363
2019/08/23,728.5,729.5,711.5,727.0,364600,82.2574891012951,85.7596204621702,0.5382844353457668
2019/08/26,700.5,713.0,697.5,704.0,358000,81.88190558535426,85.11789411148072,0.736133977018582
2019/08/27,709.0,720.5,705.0,705.5,160000,81.03016487105285,84.45725985097198,0.7308748712301588
2019/08/28,698.5,707.5,695.0,700.5,266800,79.74744596262585,83.434024195111,0.7148037128908161
2019/08/29,694.5,702.0,685.0,691.5,416800,77.09728831736241,80.50197422620793,0.6609412015768626
2019/08/30,700.0,701.5,694.5,701.0,340800,77.6488260727192,80.70461367566782,0.6999643131418238
2019/09/02,700.0,708.5,695.0,706.0,468800,79.49507279576355,82.50408747291917,0.7796981320336278
2019/09/03,703.5,711.5,699.5,706.5,200400,78.97064108442626,81.61616218390381,0.7793968470436059
2019/09/04,701.5,702.5,690.5,690.5,227000,71.98236760355701,74.48072500134431,0.7620634998649723
2019/09/05,696.0,702.0,691.0,697.0,363200,69.3417344030857,71.71136739532659,0.7036587104390776
2019/09/06,700.0,703.0,694.5,699.5,233200,70.19958866824804,73.10367140346018,0.787552733173613
2019/09/09,700.5,700.5,687.5,700.0,375400,69.69929490575495,72.25816385124799,0.869485158667081
2019/09/10,703.5,722.0,703.5,710.5,345400,72.00064854076832,74.10469974604521,0.9066766952690944
2019/09/11,717.0,725.5,715.5,725.0,275800,72.6470310003675,74.12989743683657,0.8995313371124333
2019/09/12,725.5,725.5,714.0,720.5,460800,71.02021957540542,72.59481987364492,0.8873362455447547
2019/09/13,725.0,725.0,718.0,723.5,258400,70.59026399986418,72.16568112455843,0.8689083476130737
2019/09/17,725.0,731.0,722.0,726.5,404000,71.84056694638272,73.5605676229378,0.8695772152498368
2019/09/18,727.5,730.5,707.5,714.5,676800,72.5913652531911,74.84666440951185,0.8467955509135267
2019/09/19,715.0,727.0,712.0,721.0,359200,71.10445642903727,73.25339511341753,0.8347636378636488
2019/09/20,723.0,724.0,715.0,716.5,255400,70.19623720755354,72.47396826057829,0.8488947885174635
2019/09/24,723.0,734.0,721.0,726.0,388400,68.09481144065225,70.58386103526414,0.9261301914048548
2019/09/25,721.0,742.0,720.5,738.5,649800,66.64178421789876,68.65590125242804,0.9677900432473884
2019/09/26,744.5,744.5,727.5,739.0,559000,65.40428038758253,67.20025419158021,0.9686026334575721
2019/09/27,742.0,767.5,738.5,757.5,939000,69.01600353168692,70.91529215397652,1.0237599125231345
2019/09/30,763.0,766.0,744.5,763.0,588000,70.65426600501951,72.5883574344114,1.0419964964940311
2019/10/01,755.5,759.5,747.5,758.0,497600,69.15821883582589,70.95985134824097,1.0255126348203374
2019/10/02,744.0,749.5,733.0,746.5,715600,66.86451302923177,68.20720202128886,0.9991965539845301
2019/10/03,731.5,740.0,723.0,730.5,404600,66.8285249502459,68.2958669146484,0.9837574178861196
2019/10/04,735.0,755.0,734.5,753.0,449400,70.76794081780939,72.6058965737252,1.0497003478548113
2019/10/07,760.0,767.5,747.5,754.5,252000,71.81782431947163,73.243805473545,1.0583276956841987
2019/10/08,763.0,787.0,763.0,786.0,730400,74.07962334169402,75.64040053491014,1.136955301784651
2019/10/09,779.5,783.0,771.5,773.0,590200,72.59684876662024,73.89835105283292,1.1245223620906233
2019/10/10,777.0,797.5,757.5,795.0,667600,73.68008403927307,75.6451568373548,1.1112367963531837
2019/10/11,800.0,804.0,776.5,790.5,617800,71.0694597705189,72.8506586391357,1.0967425454327848
2019/10/15,830.0,847.5,813.5,844.0,1469600,76.34735687564547,78.33155630652983,1.1884311091705877
2019/10/16,856.5,867.5,851.5,855.5,1108400,75.15269248415353,77.67384279179477,1.1939626265955603
2019/10/17,852.0,864.5,830.0,831.5,696600,72.96871981827479,75.88715611655327,1.1226088872362463
2019/10/18,842.5,857.0,840.0,849.0,420000,74.89979543475438,78.03525559788457,1.1520331828820574
2019/10/21,857.0,861.0,851.5,853.5,353800,74.69416601717657,77.52711110239558,1.1618964076989708
2019/10/23,859.0,878.0,852.5,878.0,534800,77.58098158529363,80.13268000066522,1.1871023329731127
2019/10/24,885.5,889.0,872.5,878.5,354200,78.74194910236754,82.03401426261262,1.1953426875365412
2019/10/25,883.0,906.0,878.5,905.0,916600,81.48129491586373,84.90462453202176,1.2496441790465205
2019/10/28,914.5,916.0,895.5,909.5,587600,80.96160350440766,84.40993613913628,1.180968593037662
2019/10/29,909.5,913.5,895.0,906.5,362000,79.72216574545,82.72830927963874,1.167066591555625
2019/10/30,907.0,918.5,905.0,915.0,350800,80.1498944043065,82.53179210040462,1.1713622408313704
2019/10/31,920.0,924.0,906.0,910.0,393400,75.90892567503873,78.56400100097905,1.175741347645525
2019/11/01,880.0,887.5,841.5,875.0,923800,72.39716010570505,74.02771726386402,1.095840966794539
2019/11/05,840.0,936.5,830.0,927.0,1909200,70.16103699647651,72.1456399922938,1.0725861073022573
2019/11/06,925.0,933.5,895.5,907.0,622000,70.40080758209359,72.44125006171684,1.05779453584389
2019/11/07,910.0,922.5,900.5,912.0,371400,69.21502762529984,71.0971971901839,1.0409501193158817
2019/11/08,920.5,934.5,912.0,919.0,432600,68.53382980819816,70.78965692138853,1.0427853984847535
2019/11/11,925.0,935.0,914.0,920.0,311400,69.00791782585387,70.93753376299313,1.0084665829779753
2019/11/12,924.0,939.5,918.0,937.0,397600,69.17966736208294,71.49420694998354,1.0115521880546259
2019/11/13,938.0,940.0,912.0,918.0,341800,67.23996569431705,69.28134407538333,1.003461656709656
2019/11/14,915.5,923.5,907.0,907.5,331200,66.95636938448467,69.14830006692769,1.0152244797071612
2019/11/15,905.5,925.5,905.0,916.0,206200,66.70875795653984,68.85543740987646,1.0159180591396246
2019/11/18,916.0,920.0,904.5,914.0,264400,66.80162694934528,69.02615362905111,1.0316096713634297
2019/11/19,909.0,914.5,901.0,909.5,223800,66.62044086257696,68.88613692149858,1.0319921845208908
2019/11/20,901.5,909.0,898.0,903.0,300600,66.71850836715207,68.61509867652781,1.033861834837891
2019/11/21,898.5,900.5,880.5,894.5,314200,66.835212399113,68.58915031987812,1.0423944843476478
2019/11/22,912.5,931.5,908.5,930.0,456000,70.86444043468013,72.46518264245901,1.0650300724170976
2019/11/25,948.5,967.5,946.0,959.0,521800,72.50971549767584,74.21497109148994,1.0473966114779265
2019/11/26,976.0,984.5,962.5,962.5,415200,73.04948072797893,74.97119153379585,1.0474556526551055
2019/11/27,975.0,984.0,970.5,982.5,323600,74.40175820987255,75.99719919294786,1.0583444114943392
2019/11/28,985.5,989.0,970.0,973.5,279400,72.72738570532256,74.29743752965172,1.0633354968057032
2019/11/29,975.0,981.0,958.0,960.0,339000,70.69399885929538,72.29266683252442,1.0615268889282785
2019/12/02,961.0,980.5,960.5,975.0,263400,68.30508284827215,70.13747528419513,1.0195329338159214
2019/12/03,966.5,983.5,960.0,982.5,259600,69.52181566985413,71.27493632388948,1.0270307096607831
2019/12/04,971.5,985.0,967.5,979.0,267000,70.69721575271896,71.86856062878746,1.0278963419646543
2019/12/05,987.0,995.5,975.5,990.5,248200,69.27215031658783,70.64455841296227,1.0303340145249476
2019/12/06,993.0,1011.5,988.5,1006.5,411000,67.97248625344423,69.2557834449956,1.2676118984221827
2019/12/09,1031.5,1032.5,1011.5,1029.5,353400,69.24204342907531,70.58532465777807,1.4056692795734294
2019/12/10,1025.0,1039.5,1020.0,1033.0,309600,69.95347058188162,70.89044391488248,1.4493280522420395
2019/12/11,1033.5,1046.0,1032.0,1038.0,269200,70.15069873964593,71.16176656445,1.4335019077274442
2019/12/12,1040.5,1047.0,1024.5,1035.0,322400,67.90594278795683,68.8187370981917,1.3762151941361165
2019/12/13,1067.5,1067.5,1051.5,1053.5,338000,66.76380075404853,68.66096211146144,1.5091196624772691
2019/12/16,1067.5,1067.5,1051.5,1053.0,152200,70.14032304828449,71.69914385540118,1.5460148950690724
2019/12/17,1053.0,1057.0,1036.5,1056.5,262000,73.36493186505318,74.77810231006956,1.554547097208241
2019/12/18,1065.5,1065.5,1050.5,1056.0,208200,69.36317488791612,70.80833725445605,1.534499059662132
2019/12/19,1054.5,1072.5,1050.0,1070.5,223200,70.91048030760678,72.51888310045723,1.5980820354269758
2019/12/20,1073.5,1089.0,1056.5,1088.5,531200,71.30852060362145,72.31695961010767,1.590677193898067
2019/12/23,1097.5,1104.0,1076.5,1083.5,281400,75.01474558666335,76.35446500685065,1.2071725096714176
2019/12/24,1096.0,1097.5,1087.0,1089.5,255200,75.40017288356474,76.83059699779015,1.1935103780840501
2019/12/25,1089.5,1090.0,1078.5,1083.0,150600,71.84456190183788,73.51699961043067,1.1775098914252238
2019/12/26,1075.0,1083.0,1070.0,1080.5,219000,68.45962952782693,70.76011031784743,1.1558334215114148
2019/12/27,1080.5,1104.5,1080.5,1101.5,266600,70.01120836037353,71.88110984906703,1.1618230865487975
2019/12/30,1097.5,1098.0,1084.0,1091.5,159000,71.09690699739015,73.48170693614074,1.1486855327834453
2020/01/06,1066.5,1076.5,1056.5,1066.5,270400,69.71953545182679,71.9374128776116,1.078299357906926
2020/01/07,1074.0,1095.0,1069.0,1093.0,247600,69.00071300061089,70.87179163622079,1.1138696479993446
2020/01/08,1076.0,1080.0,1048.5,1076.0,431200,70.37136821292694,72.12740106871176,1.1331170530394605
2020/01/09,1099.5,1114.0,1094.5,1109.0,371600,72.56895986977193,75.20847928596582,1.146793363619646
2020/01/10,1115.0,1121.5,1105.5,1105.5,257800,73.29664918431389,75.69841140527713,1.1217937676069158
2020/01/14,1116.5,1120.0,1092.0,1099.5,208200,73.75167865221903,76.40475145737,1.101232447625917
2020/01/15,1087.0,1113.0,1085.5,1112.0,184200,74.57704791080316,77.50758591792875,1.1259472162459776
2020/01/16,1116.5,1129.0,1111.5,1123.5,233600,76.65064383678238,80.26650893593583,1.1441603631627753
2020/01/17,1118.0,1125.5,1114.0,1120.0,164400,75.80798839391592,79.15126291691755,1.1268291078283457
2020/01/20,1118.0,1127.0,1116.0,1119.0,174600,78.20381841058423,81.63569002717097,1.0696125033287744
2020/01/21,1101.0,1120.5,1098.0,1113.5,142200,79.39334801245971,82.41859847264169,1.06819329368729
2020/01/22,1100.0,1137.5,1100.0,1130.0,221600,78.15626055038084,80.89599488438799,1.0818497212794047
2020/01/23,1118.5,1130.0,1111.0,1124.0,201200,77.16252551452777,80.06747218682078,1.0765804024348649
2020/01/24,1119.5,1127.0,1110.5,1110.5,190000,78.74596561022514,81.74345200118304,1.062780661614872
2020/01/27,1080.5,1089.5,1073.0,1080.0,255800,77.01225722328235,79.541690650905,1.012835707617561
2020/01/28,1069.0,1092.0,1060.0,1088.0,243800,77.56864808730398,80.18291531703923,1.0331306604826749
2020/01/29,1100.0,1109.0,1088.0,1089.0,209200,77.00142216896819,79.88965261200647,1.0296424526736525
2020/01/30,1061.5,1091.0,1056.0,1085.5,673000,77.06068120379179,79.77751137456139,1.0596872306603786
2020/01/31,1032.5,1069.0,1006.5,1058.5,833400,74.63664466746995,77.38776427258813,0.984466626640231
2020/02/03,1025.0,1076.0,1017.5,1064.5,307800,72.59834905561516,75.49711485061592,1.0016743839701443
2020/02/04,1045.5,1101.5,1042.5,1095.0,252400,77.00472429086932,80.14807754882986,1.0312706611971774
2020/02/05,1122.0,1133.0,1120.0,1121.5,664200,74.58316236317,77.46048439124958,1.0315875044530534
2020/02/06,1125.0,1126.5,1117.0,1123.0,332600,70.14935867073122,72.9009142945747,1.0154309786007738
2020/02/07,1124.0,1132.5,1117.0,1120.0,173400,70.66406447261888,73.59515769569238,1.0103839324486104
2020/02/10,1120.0,1125.0,1109.5,1125.0,126200,70.20729281520232,72.8873855934702,1.0313989230063847
2020/02/12,1131.0,1141.5,1115.0,1126.0,294200,71.75826729747328,74.87309982561567,1.0325903923863016
2020/02/13,1131.5,1152.5,1124.5,1152.5,251000,71.15419683727437,74.43063866424825,1.0654889442837796
2020/02/14,1142.0,1146.0,1115.5,1127.0,238400,70.50003380595636,74.0083771287827,1.0168414120183698
2020/02/17,1112.5,1115.0,1071.5,1080.0,291800,69.56875803119092,72.98614350575383,0.9822450122950871
2020/02/18,1063.0,1071.0,1034.0,1035.5,278400,68.07935323260695,71.48920058495814,0.9656947184935784
2020/02/19,1040.0,1061.0,1038.0,1056.5,208400,70.3448687483688,74.12588546390427,0.977883371998464
2020/02/20,1065.0,1087.0,1063.0,1065.5,178000,69.87528999102702,73.65117594141891,0.976915173302868
2020/02/21,1056.0,1115.0,1055.0,1111.0,341800,74.2129555726684,77.88595887174084,1.0446218146649315
2020/02/25,1028.5,1062.0,1027.0,1034.0,367600,70.20552310218059,73.94080176267408,1.0586891448849765
2020/02/26,1025.5,1039.5,1004.0,1038.5,380200,71.45506973290965,74.99739517816549,1.0700829463860484
2020/02/27,1019.0,1027.0,994.0,1002.0,301800,69.5118711683746,73.14379807440005,1.0564266396606172
2020/02/28,970.0,1008.0,965.0,999.5,759800,71.59011628216554,74.92901533688058,1.0926867829445264
2020/03/02,977.0,1085.5,972.0,1052.5,711000,75.22325983493765,78.48049267654734,1.1912167606349184
2020/03/03,1067.0,1072.0,995.5,995.5,619600,74.3666271666801,77.63489579586704,1.1564340538613063
2020/03/04,990.0,1022.5,976.5,1012.0,393800,76.75621327363315,80.6181620234029,1.175473381792825
2020/03/05,1026.0,1029.5,1007.5,1014.0,142800,75.2791462522333,79.07748955764413,1.1187715789529817
2020/03/06,995.0,999.5,965.0,971.5,297200,74.57677124258906,78.64923376452741,1.1124939418987796
2020/03/09,946.0,951.0,925.0,946.0,430000,77.32447503876556,82.09508467144532,1.1535675546494546
2020/03/10,907.0,984.5,898.0,980.5,369000,80.15630488314804,84.52189002890564,1.1547804844812024
2020/03/11,970.0,994.0,958.5,974.5,283200,81.38353857250239,85.30841559744859,1.1661608150920566
2020/03/12,950.0,965.0,915.0,931.5,319200,81.58736567418798,85.08408411019637,1.1619474675756225
2020/03/13,851.5,881.5,832.5,860.5,585000,79.82971479596635,82.398780733107,1.1098320714622432
2020/03/16,840.5,871.0,810.0,828.5,479800,77.50926601279112,79.68785943639554,1.3192359445276205
2020/03/17,808.5,893.0,786.5,885.0,745400,86.37289216133851,86.48588954714003,1.4162313768554955
2020/03/18,885.0,935.0,884.0,895.0,326600,87.561122081847,86.09981387654521,1.4314910954432343
2020/03/19,920.0,958.5,905.0,955.5,463600,94.25612508248017,90.91115422532992,1.6549565379731932
2020/03/23,948.0,967.0,892.5,922.5,370200,89.8377786141888,88.30079761310505,1.2297461137428738
2020/03/24,942.5,954.0,912.5,934.0,256800,82.83188509968996,84.87947165370164,1.2101096695229558
2020/03/25,954.0,968.5,928.0,967.0,337400,80.73562072371917,83.39584703503623,1.1528289873637674
2020/03/26,947.0,955.5,925.0,950.5,269800,81.7671861652948,82.07361159935266,1.15563882929207
2020/03/27,972.5,1022.5,970.0,1022.5,425400,91.70042232490562,91.4376873592167,1.1851544957620415
2020/03/30,1008.5,1040.0,998.0,1040.0,282800,94.98335885751848,94.86219575852283,1.0874795366060774
2020/03/31,1048.5,1050.5,1007.5,1024.5,191400,93.84980943828968,94.83128594301819,1.0985714884996156
2020/04/01,1008.0,1034.0,979.0,993.0,195200,96.4451185157074,96.31906057645459,1.1131887760296262
2020/04/02,981.0,995.0,957.0,979.5,247000,96.58120103394981,96.50049677713542,1.1883536041315583
2020/04/03,964.0,1001.0,952.0,962.5,128800,98.64838105737577,98.8989516164026,1.1311334292484314
2020/04/06,931.0,984.0,931.0,979.0,228600,94.54846793300999,95.00825151057049,1.0854876415282144
2020/04/07,979.0,1006.0,964.0,1003.5,198000,96.25246775557021,96.5110227122632,1.0917862201676307
2020/04/08,1001.0,1024.0,975.0,1015.5,205600,95.50873492792539,96.12182450113444,1.0910879212456595
2020/04/09,998.5,1008.5,977.0,996.0,208800,92.72429331728117,93.67302384454956,1.0457284144250076
2020/04/10,999.5,1006.0,961.5,997.0,187000,93.46330966494226,93.5443428927313,1.0288943661226824
2020/04/13,995.5,995.5,973.0,982.5,75000,94.17568949014984,93.67274487295707,1.011354500554794
2020/04/14,978.5,1001.0,968.5,997.0,112400,91.71732438559526,91.9671455129211,1.0046544437924796
2020/04/15,985.5,991.5,970.0,978.5,183800,90.80072515990287,90.60681349537742,0.9849671775223448
2020/04/16,966.0,985.0,959.0,982.5,150600,99.56700880625064,98.72921544924262,0.9517949283923783
2020/04/17,995.0,1000.0,970.5,994.5,140200,98.15329316624305,98.60469070272973,0.9569905852680919
2020/04/20,990.0,1005.0,974.0,984.5,107000,97.98011316847067,98.01609972681817,0.9308027295246462
2020/04/21,965.5,977.5,957.5,973.5,114600,100.12559140360074,99.4101167466719,0.9264446370019526
2020/04/22,963.5,970.0,945.0,968.5,117200,101.21251231192474,99.97511780740845,0.9252859492387898
2020/04/23,973.0,996.0,973.0,993.0,103200,103.69222427058038,102.61967897351063,0.97065764847539
2020/04/24,983.0,997.0,973.5,997.0,108600,108.84370057188673,107.22136293164293,1.0219534001918746
2020/04/27,1002.0,1007.5,975.5,989.0,144200,103.98553891474076,103.72624912195228,0.8854049125037502
2020/04/28,1049.0,1056.0,1004.5,1023.5,368400,107.67841972365673,107.20386569605232,1.0564814294550278
2020/04/30,1052.0,1056.5,1029.0,1045.5,307600,107.69163935096356,108.39518756556399,1.092837163005559
2020/05/01,1045.0,1050.5,1028.0,1029.0,87000,109.09488676247754,109.12714188405941,1.093090749848315
2020/05/07,1005.0,1034.0,1004.0,1016.0,188400,110.35451029857614,110.26344280793403,1.075079029681934
2020/05/08,1027.0,1033.5,1014.5,1025.0,127600,108.63912979005038,109.124322925138,1.0534189454439618
2020/05/11,1032.5,1039.0,1020.5,1035.5,88800,109.31009945856076,109.47951477562745,1.0616817711908368
2020/05/12,1044.5,1044.5,1023.5,1028.0,71400,109.34400230131665,109.87732278483928,1.052957375961634
2020/05/13,1011.0,1023.0,1002.0,1018.0,92600,108.9899451420278,109.1601894880617,1.0430263664337196
2020/05/14,1005.0,1028.5,1003.0,1011.5,108600,106.18548000274843,106.7128282377691,1.0629756180804975
2020/05/15,1016.0,1035.5,1013.0,1034.5,118800,105.59244255406239,106.44864092134465,1.0926485767247434
2020/05/18,1042.0,1042.0,1019.5,1042.0,104400,110.30001104219936,111.0839626516519,1.1051389110436602
2020/05/19,1060.0,1060.5,1038.5,1054.0,120800,110.00274397726797,110.23259504705356,1.1047752642347093
2020/05/20,1050.0,1063.0,1043.0,1062.0,139800,109.257186152166,109.36841655897933,1.1035259090442162
2020/05/21,1062.5,1085.0,1053.5,1080.0,105800,111.0912364223479,111.51983305830346,1.12894641020958
2020/05/22,1085.0,1085.0,1065.5,1079.5,146000,112.93957870696036,113.71915083983717,1.1372917062176213
2020/05/25,1079.5,1098.5,1076.5,1098.5,100600,117.59456237652167,118.58076358726987,1.1459009330248993
2020/05/26,1100.0,1142.0,1098.5,1131.5,208800,115.75366115279881,117.04072672997106,1.1511317020294833
2020/05/27,1126.0,1147.0,1108.0,1146.0,127400,114.260305819044,115.54049038707494,1.151611874162038
2020/05/28,1153.0,1163.0,1137.0,1147.5,242400,113.7463244017906,115.61213973501398,1.033963090023233
2020/05/29,1145.5,1189.0,1139.5,1167.5,356400,115.3588350607581,118.48164988075813,1.0786098657586576
2020/06/01,1172.5,1192.5,1164.5,1189.0,162600,114.76221170431444,118.52938809186813,1.0909297109759464
2020/06/02,1188.0,1217.0,1180.0,1215.5,173600,118.39388976471896,122.2884440747833,1.101654525933785
2020/06/03,1234.0,1246.0,1212.0,1223.5,249400,118.13713363802161,123.03796175181223,1.1044261631165706
2020/06/04,1235.0,1241.0,1209.5,1235.5,136000,121.92856074345026,126.65356508505769,1.119109930692017
2020/06/05,1235.0,1238.0,1214.0,1229.0,117000,119.36429828900617,124.1846894330551,1.1048765658456767
2020/06/08,1240.5,1241.5,1218.5,1234.5,109000,116.46669121383498,121.63666793122997,1.1234617065088925
2020/06/09,1237.5,1237.5,1218.0,1224.5,113000,114.62253443192576,119.67752808792508,1.111462143184201
2020/06/10,1210.0,1239.0,1201.0,1234.0,200400,114.76132142328201,120.14874543357527,1.1283775003404715
2020/06/11,1221.5,1248.5,1220.5,1230.5,150400,117.03284973717227,121.31877517561148,1.1827247487909285
2020/06/12,1205.5,1217.5,1185.5,1186.0,174800,112.61802711505746,117.1414809789596,1.2142998137290648
2020/06/15,1182.0,1188.0,1166.5,1169.5,138200,116.8427324641923,119.79076851493447,1.28371388653493
2020/06/16,1180.5,1206.0,1180.0,1197.5,185600,117.43935383096623,121.31118504763236,1.3218685564264618
2020/06/17,1199.0,1226.5,1197.0,1207.5,165600,117.59849181044011,121.30092294967707,1.3589944778407992
2020/06/18,1198.0,1234.5,1195.0,1234.5,106800,120.69341856703903,123.87131812479588,1.4009186302729137
2020/06/19,1228.0,1230.0,1214.0,1219.5,94400,118.83621541717073,122.727424527738,1.343677859506767
2020/06/22,1217.0,1237.0,1211.5,1230.5,47400,117.7369386333212,121.64101152662509,1.2904800465618396
2020/06/23,1237.0,1241.0,1217.0,1226.5,67400,117.9319754829898,122.02234571622617,1.27866486350303
2020/06/24,1229.5,1229.5,1211.5,1221.0,98400,118.39960328008705,122.83311275863709,1.2699689670587182
2020/06/25,1205.5,1227.0,1205.5,1220.0,98600,119.94753377370198,124.44081517398415,1.2350575575417373
2020/06/26,1227.0,1244.0,1220.0,1239.5,126000,118.74686882081527,123.55685979389565,1.2714609340074126
2020/06/29,1219.5,1245.5,1218.5,1239.0,101000,120.36070532372763,124.63081145525754,1.231775706628506
2020/06/30,1250.0,1260.0,1225.5,1232.0,112200,115.12587681719803,120.30222071260161,1.1991106947829788
2020/07/01,1243.0,1245.5,1204.5,1207.0,89000,115.52011557243624,121.24349638224672,1.1576196378866679
2020/07/02,1218.5,1232.0,1198.0,1204.5,147000,116.52298784684984,122.52818994902992,1.0920140520535513
2020/07/03,1207.5,1221.0,1202.5,1221.0,51200,117.62268281410304,123.78053579486013,1.107999959332748
2020/07/06,1246.0,1276.0,1230.0,1261.5,212800,119.83576337404895,126.50298854056585,1.1759287989445706
2020/07/07,1271.5,1272.0,1249.5,1256.5,145400,121.2739135947648,127.4334254856437,1.1698830075837519
2020/07/08,1257.0,1295.5,1255.0,1261.5,188200,124.3565874706536,130.7564663805323,1.1848586940371204
2020/07/09,1264.0,1266.5,1248.0,1248.0,96200,121.78097701654949,128.5060770681008,1.1771804027548072
2020/07/10,1238.5,1249.5,1215.5,1216.0,116200,119.91902422974454,126.5648632780159,1.103342829746724
2020/07/13,1235.0,1249.5,1226.0,1246.5,91600,119.00437529679971,125.56650727436872,1.101577227896139
2020/07/14,1246.5,1249.5,1231.5,1248.0,91600,120.19061693719848,126.34975251670151,1.1085674938609438
2020/07/15,1258.5,1271.0,1249.0,1255.0,101600,120.37446876912601,126.86324058598176,1.1032664237233076
2020/07/16,1260.5,1267.0,1255.5,1257.0,56400,122.94421288471472,129.2428808861373,1.110174865303485
2020/07/17,1253.5,1273.0,1252.0,1269.5,53000,122.83715055563027,129.05601239958685,1.0750900895367919
2020/07/20,1269.5,1277.5,1247.5,1266.5,70800,122.46015430205497,128.19570477904196,1.0374049014751108
2020/07/21,1260.5,1284.5,1260.5,1276.5,113400,122.12960907261214,128.12894606901085,1.0538852423283627
2020/07/22,1267.5,1275.5,1251.0,1251.5,62400,119.41804054746021,125.31946998016505,1.027679614316053
2020/07/27,1250.0,1286.0,1232.5,1274.5,147400,132.18926234505324,138.19469072612978,1.0123936489498382
2020/07/28,1280.0,1288.5,1267.0,1286.0,161400,131.64411570417715,137.9588041726696,1.0228508835959944
2020/07/29,1281.5,1289.5,1268.5,1279.5,71600,134.29600741227168,141.21229129759945,1.0318244441272413
2020/07/30,1290.0,1290.0,1260.0,1279.0,88800,135.6017519705672,143.1734859536796,1.0506154648527322
2020/07/31,1277.5,1277.5,1258.0,1264.0,77200,141.93491313504612,149.7802003088037,1.0965415576430977
2020/08/03,1250.0,1259.0,1210.0,1231.5,154200,139.01515595645685,147.272628250647,0.9923725271995922
2020/08/04,1231.5,1252.0,1227.5,1238.5,126200,138.1540693441307,146.0405672359533,0.9761366650369527
2020/08/05,1231.0,1261.5,1210.5,1245.5,146000,140.72616312401718,148.99131719906276,0.9902846860323969
2020/08/06,1238.0,1245.0,1224.0,1235.0,87600,147.91043818649234,155.69570613011987,0.9858516789149124
2020/08/07,1230.5,1230.5,1207.5,1214.0,97600,148.554905394926,155.92190155289595,0.9585243154788451
2020/08/11,1229.5,1231.0,1214.0,1223.0,139000,147.20708008383315,153.46134130880665,0.9584467204404147
2020/08/12,1273.0,1273.0,1241.5,1256.0,237200,150.91752586909155,155.8874598141936,0.9687321719302728
2020/08/13,1268.5,1278.5,1249.5,1260.0,141400,151.28223403216106,157.4769637473847,0.9553526200001147
2020/08/14,1268.0,1270.0,1242.5,1243.5,89400,149.75705263695977,156.28074620527912,0.938911249020787
2020/08/17,1249.5,1260.5,1243.0,1252.5,123800,151.92199534778942,158.39842951961404,0.9360279774742585
2020/08/18,1267.0,1276.0,1253.0,1262.5,200400,151.4016678852422,157.87801313585598,0.9440003218205032
2020/08/19,1252.5,1263.0,1238.0,1257.5,74400,152.01931269243772,158.121341512536,0.9374407701925445
2020/08/20,1241.0,1271.5,1239.0,1251.0,110000,155.45669763695858,161.52744359774653,0.9263060503556393
2020/08/21,1255.5,1261.5,1243.0,1243.5,59400,154.55756338627933,160.18910774226833,0.9446706773879975
2020/08/24,1246.5,1270.5,1245.0,1265.5,75400,158.4517645820425,165.31860480893968,0.9542078548234696
2020/08/25,1275.0,1285.0,1262.5,1265.0,69800,157.44185890733542,164.35184338276946,0.9424677664409487
2020/08/26,1261.5,1276.5,1258.0,1268.0,60600,159.1634124546036,166.06764117847771,0.945792026686563
2020/08/27,1263.5,1282.0,1260.5,1265.0,110400,161.27605882907827,168.70282835119392,0.9308520935776754
2020/08/28,1265.5,1294.5,1253.0,1262.0,177600,162.89098113888798,169.59500419314867,0.9169700061173474
2020/08/31,1275.0,1303.0,1268.0,1275.0,165200,160.93084667063303,167.9870290747727,0.987125595488968
2020/09/01,1286.0,1288.5,1268.0,1281.0,111200,161.62448692325577,169.53164399899848,0.9948252003319581
2020/09/02,1293.5,1326.0,1280.0,1313.5,297200,168.96573627628817,176.56285647531575,1.1218908588489962
2020/09/03,1332.5,1343.5,1311.0,1311.0,233200,169.01782636826644,176.93250369744558,1.1516101095936557
2020/09/04,1290.0,1314.5,1287.5,1308.5,174600,170.89267182396267,177.86297665650284,1.1386322123835402
2020/09/07,1299.0,1304.5,1251.5,1267.0,269000,167.11313883312877,174.40761240945747,1.0552577551299176
2020/09/08,1277.5,1285.0,1250.5,1257.0,129600,162.61146396728452,170.0522248511106,1.0251768069983085
2020/09/09,1255.5,1276.5,1243.0,1274.5,238200,164.84231691038124,173.4125490263465,1.0669025281693385
2020/09/10,1283.5,1292.5,1277.0,1278.5,117800,166.17526985987914,174.19621516871757,1.055856646985813
2020/09/11,1277.0,1284.5,1258.5,1282.5,158200,166.52291399591812,174.36386390564203,1.030173038624266
2020/09/14,1290.0,1290.5,1274.5,1283.5,86400,164.9858162163665,172.76129288434927,1.0448563548254068
2020/09/15,1289.5,1289.5,1269.5,1282.5,54400,165.59113859890712,173.7061077255632,1.04954673746973
2020/09/16,1286.5,1318.0,1284.5,1302.5,250000,170.53222943889074,178.11250233346703,1.0895960198745462
2020/09/17,1295.0,1312.5,1285.5,1308.0,133200,171.4963707493937,178.89677558295813,1.093477149651999
2020/09/18,1312.5,1335.5,1312.5,1326.0,242800,174.91621990928957,181.67277920510554,1.127172692585298
2020/09/23,1322.0,1343.5,1317.5,1341.0,115000,171.2682873596171,178.91505584231138,1.1147754319328238
2020/09/24,1345.0,1367.5,1323.5,1329.0,154200,171.7400331249648,179.48710731747892,1.1060180081493383
2020/09/25,1331.0,1367.5,1331.0,1353.0,223600,168.40934313430688,175.33718456319693,1.1714177329979758
2020/09/28,1369.0,1396.0,1360.5,1392.0,227400,168.81382083799247,174.30015264587757,1.0664994426015935
2020/09/29,1390.0,1423.5,1372.0,1420.0,157800,174.17290620560607,181.10979617290937,1.09294518475439
2020/09/30,1404.5,1404.5,1367.5,1367.5,241000,172.07521971930086,179.89745269536073,1.1317614858153198
2020/10/02,1345.0,1366.5,1325.5,1340.0,178000,-1.0,-1.0,-1.0
2020/10/05,1389.5,1389.5,1351.0,1353.5,156000,-1.0,-1.0,-1.0
2020/10/06,1375.0,1378.5,1338.5,1348.5,140000,-1.0,-1.0,-1.0
2020/10/07,1346.5,1378.5,1331.5,1374.0,181600,-1.0,-1.0,-1.0
2020/10/08,1381.0,1386.0,1359.0,1380.0,130600,-1.0,-1.0,-1.0
2020/10/09,1378.5,1383.0,1365.0,1380.0,107200,-1.0,-1.0,-1.0
2020/10/12,1380.0,1394.0,1362.0,1391.5,70800,-1.0,-1.0,-1.0
2020/10/13,1391.5,1396.0,1368.5,1392.5,60800,-1.0,-1.0,-1.0
2020/10/14,1392.5,1403.5,1381.0,1391.5,74000,-1.0,-1.0,-1.0
2020/10/15,1390.5,1390.5,1362.5,1384.0,84400,-1.0,-1.0,-1.0
2020/10/16,1377.0,1378.5,1364.0,1372.5,81600,-1.0,-1.0,-1.0
2020/10/19,1387.0,1398.0,1373.0,1387.0,76400,-1.0,-1.0,-1.0
2020/10/20,1384.0,1392.0,1373.5,1382.5,72600,-1.0,-1.0,-1.0
2020/10/21,1380.0,1401.5,1380.0,1399.0,76600,-1.0,-1.0,-1.0
2020/10/22,1385.0,1391.0,1368.5,1384.5,111800,-1.0,-1.0,-1.0
2020/10/23,1375.5,1389.5,1369.0,1377.0,98600,-1.0,-1.0,-1.0
2020/10/26,1385.0,1402.5,1377.5,1399.0,97400,-1.0,-1.0,-1.0
2020/10/27,1399.0,1399.0,1369.5,1385.0,112400,-1.0,-1.0,-1.0
2020/10/28,1379.5,1401.0,1372.5,1396.0,131000,-1.0,-1.0,-1.0
2020/10/29,1389.5,1403.0,1376.5,1395.0,110400,-1.0,-1.0,-1.0
2020/10/30,1392.5,1393.0,1374.5,1385.5,119600,-1.0,-1.0,-1.0
2020/11/02,1385.0,1408.0,1382.5,1391.5,181000,-1.0,-1.0,1.0876025935642772
2020/11/04,1400.0,1400.0,1366.5,1370.0,234200,-1.0,-1.0,1.05396339231745
2020/11/05,1389.0,1402.0,1367.5,1392.5,243600,-1.0,-1.0,1.078140962479241
2020/11/06,1403.0,1451.5,1388.5,1432.0,329000,-1.0,-1.0,1.0704847205397123
2020/11/09,1449.5,1475.0,1437.0,1462.5,270200,-1.0,-1.0,1.0681571130298415
2020/11/10,1437.5,1443.5,1398.0,1433.0,330000,-1.0,-1.0,1.0307089855126643
2020/11/11,1449.5,1449.5,1421.5,1447.5,226000,-1.0,-1.0,1.0258990966074184
2020/11/12,1447.5,1447.5,1421.5,1434.0,183000,-1.0,-1.0,1.0218326634584654
2020/11/13,1448.5,1454.0,1425.0,1429.5,154800,-1.0,-1.0,1.0321891108061665
2020/11/16,1450.5,1475.0,1444.0,1453.5,283200,-1.0,-1.0,1.0224586045573194
2020/11/17,1458.5,1460.0,1409.0,1414.5,154400,-1.0,-1.0,0.9755730201639626
2020/11/18,1421.0,1423.5,1397.5,1400.0,169000,-1.0,-1.0,0.974101145412259
2020/11/19,1400.0,1419.5,1384.5,1403.0,206400,-1.0,-1.0,0.9677828390007798
2020/11/20,1390.0,1413.0,1390.0,1406.0,117600,-1.0,-1.0,0.9684262684594724
2020/11/24,1440.0,1440.0,1400.0,1400.0,174600,-1.0,-1.0,0.9318313007220059
2020/11/25,1407.5,1407.5,1359.5,1360.5,248000,-1.0,-1.0,0.9031008905162172
2020/11/26,1355.5,1372.0,1347.0,1350.5,215200,-1.0,-1.0,0.8990157524962522
2020/11/27,1343.5,1351.0,1310.0,1320.0,242800,-1.0,-1.0,0.8606155687215139
2020/11/30,1320.0,1325.5,1293.0,1298.5,341200,-1.0,-1.0,0.8574416662866466
2020/12/01,1304.5,1312.0,1277.0,1281.0,199400,-1.0,-1.0,0.8253970371315809
2020/12/02,1286.0,1293.5,1255.0,1257.5,205600,-1.0,-1.0,0.7797993677799989
2020/12/03,1273.0,1274.0,1251.0,1256.5,139400,-1.0,-1.0,0.8062292011456179
2020/12/04,1250.0,1266.5,1247.5,1261.5,105800,-1.0,-1.0,0.8100398689781101
2020/12/07,1260.0,1260.5,1225.5,1240.0,231800,-1.0,-1.0,0.7046022241826873
2020/12/08,1242.5,1259.5,1242.5,1249.5,169600,-1.0,-1.0,0.7215086597641495
2020/12/09,1250.0,1280.5,1249.0,1278.0,188400,-1.0,-1.0,0.7342287200156908
2020/12/10,1270.0,1287.0,1268.5,1268.5,141000,-1.0,-1.0,0.7556486818275923
2020/12/11,1273.0,1305.0,1273.0,1305.0,131400,-1.0,-1.0,0.7929144700619196
2020/12/14,1318.0,1327.0,1305.0,1316.0,155200,-1.0,-1.0,0.7971781512742919
2020/12/15,1316.0,1318.5,1294.0,1301.0,146600,-1.0,-1.0,0.78597703903587
2020/12/16,1287.5,1295.0,1270.5,1276.0,99800,-1.0,-1.0,0.758791536278033
2020/12/17,1272.5,1299.0,1255.5,1297.0,203600,-1.0,-1.0,0.8488402877558571
2020/12/18,1288.0,1302.0,1284.0,1290.0,157200,-1.0,-1.0,0.8411831497028273
2020/12/21,1295.0,1312.0,1295.0,1304.5,151800,-1.0,-1.0,0.8696396569962161
2020/12/22,1307.5,1316.5,1299.0,1307.5,134200,-1.0,-1.0,0.8875760652287669
2020/12/23,1320.0,1337.0,1319.5,1326.0,111200,-1.0,-1.0,0.9018074903897911
2020/12/24,1332.0,1335.0,1319.0,1329.5,84200,-1.0,-1.0,0.9023392368856825
2020/12/25,1325.0,1333.5,1313.5,1326.0,83600,-1.0,-1.0,0.9256271741700183
2020/12/28,1349.0,1358.5,1333.5,1343.0,155000,-1.0,-1.0,0.9981518853899394
2020/12/29,1348.5,1368.0,1348.5,1364.0,130000,-1.0,-1.0,0.9914032292433939
2020/12/30,1353.5,1375.0,1339.5,1355.0,164800,-1.0,-1.0,0.9852474599630645
2021/01/04,1355.0,1358.5,1326.5,1346.0,125200,-1.0,-1.0,1.1167448209951587
2021/01/05,1346.0,1346.0,1308.0,1311.5,156800,-1.0,-1.0,1.0356266682439852
2021/01/06,1318.0,1330.5,1303.5,1322.5,100200,-1.0,-1.0,1.0486109547675608
2021/01/07,1347.5,1381.0,1336.0,1366.5,282000,-1.0,-1.0,1.0698722783073389
2021/01/08,1357.0,1392.5,1347.5,1387.0,168400,-1.0,-1.0,1.0531119074907473
2021/01/12,1399.0,1427.5,1383.5,1414.0,197000,-1.0,-1.0,1.0389239393530398
2021/01/13,1416.5,1433.0,1403.5,1415.5,91800,-1.0,-1.0,1.0369953260189275
2021/01/14,1408.5,1431.0,1396.5,1408.0,86400,-1.0,-1.0,1.0432571392566201
2021/01/15,1412.5,1412.5,1377.5,1380.5,79400,-1.0,-1.0,1.0619336787426574
2021/01/18,1378.0,1388.5,1367.5,1374.0,58200,-1.0,-1.0,1.0249354254700211
2021/01/19,1377.0,1381.5,1365.5,1365.5,54400,-1.0,-1.0,1.0116068343030404
2021/01/20,1358.5,1360.0,1340.0,1343.0,93600,-1.0,-1.0,1.0018945654190337
2021/01/21,1344.0,1375.0,1343.0,1369.0,161600,-1.0,-1.0,1.0135367544387737
2021/01/22,1356.5,1362.5,1349.0,1349.0,67600,-1.0,-1.0,0.9877922818409848
2021/01/25,1352.0,1363.0,1340.0,1362.0,85200,-1.0,-1.0,0.9954406857318928
2021/01/26,1351.0,1367.0,1329.0,1342.5,133000,-1.0,-1.0,0.9634184293042538
2021/01/27,1340.0,1350.5,1331.0,1334.5,59200,-1.0,-1.0,0.9492116861960167
2021/01/28,1321.0,1335.0,1313.5,1320.5,112200,-1.0,-1.0,0.9624691578667675
2021/01/29,1321.5,1350.5,1316.5,1330.0,133600,-1.0,-1.0,0.9840209294811837
2021/02/01,1322.0,1350.5,1318.5,1343.0,85000,-1.0,-1.0,0.9823545601256195
2021/02/02,1352.0,1363.0,1348.0,1363.0,93600,-1.0,-1.0,0.9843987524474166
2021/02/03,1373.0,1406.0,1367.5,1397.5,177800,-1.0,-1.0,1.0292885047249722
2021/02/04,1397.5,1487.0,1395.0,1418.0,418200,-1.0,-1.0,1.0753709868210692
2021/02/05,1417.5,1458.5,1401.5,1439.0,178400,-1.0,-1.0,1.0737607380591314
2021/02/08,1432.0,1463.5,1428.5,1438.0,120800,-1.0,-1.0,1.0290681846589183
2021/02/09,1427.5,1427.5,1405.0,1417.5,89800,-1.0,-1.0,1.01872157921094
2021/02/10,1408.5,1420.5,1404.0,1405.5,100800,-1.0,-1.0,1.0111911360370178
2021/02/12,1423.0,1472.5,1423.0,1469.5,198200,-1.0,-1.0,1.1102505054915974
2021/02/15,1469.5,1475.0,1449.5,1467.0,104400,-1.0,-1.0,1.0995086282553164
2021/02/16,1485.5,1502.5,1474.5,1484.0,109800,-1.0,-1.0,1.1004767384827836
2021/02/17,1476.5,1499.5,1476.5,1491.5,129800,-1.0,-1.0,1.1067608806457567
2021/02/18,1475.0,1480.5,1455.0,1463.0,67800,-1.0,-1.0,1.1295859242671218
2021/02/19,1461.0,1499.0,1416.0,1487.0,173200,-1.0,-1.0,1.1602765263033645
2021/02/22,1499.5,1499.5,1481.0,1483.0,92400,-1.0,-1.0,1.137062506804504
2021/02/24,1468.5,1483.0,1458.0,1463.5,119000,-1.0,-1.0,1.1651087559428124
2021/02/25,1478.0,1486.0,1458.0,1474.0,142400,-1.0,-1.0,1.17852736125223
2021/02/26,1458.0,1472.0,1432.0,1436.0,186800,-1.0,-1.0,1.2477339507192349
2021/03/01,1433.5,1449.5,1415.5,1437.0,133800,-1.0,-1.0,1.1612557559758958
2021/03/02,1431.0,1438.0,1416.5,1423.5,98400,-1.0,-1.0,1.1743720511481004
2021/03/03,1425.0,1436.0,1416.0,1422.5,69800,-1.0,-1.0,1.1668526922116267
2021/03/04,1412.5,1436.0,1411.0,1425.5,117800,-1.0,-1.0,1.185584102917663
2021/03/05,1420.5,1461.0,1410.5,1458.0,117200,-1.0,-1.0,1.196860912784032
2021/03/08,1476.5,1480.5,1451.0,1463.0,81800,-1.0,-1.0,1.2289274201542517
2021/03/09,1484.5,1494.5,1465.0,1470.0,166200,-1.0,-1.0,1.2180617567649141
2021/03/10,1470.0,1499.5,1469.0,1487.5,94200,-1.0,-1.0,1.2543211270156736
2021/03/11,1491.0,1510.0,1491.0,1500.0,170600,-1.0,-1.0,1.282046182193509
2021/03/12,1500.0,1512.5,1480.5,1510.0,138000,-1.0,-1.0,1.2861350933364277
2021/03/15,1517.5,1542.5,1515.0,1535.0,112600,-1.0,-1.0,1.1493829365411168
2021/03/16,1535.0,1565.0,1535.0,1552.5,117200,-1.0,-1.0,1.1636093001006
2021/03/17,1552.5,1597.5,1547.5,1597.5,159200,-1.0,-1.0,1.2480436629403306
2021/03/18,1605.0,1637.5,1605.0,1627.5,211200,-1.0,-1.0,1.2489380117446929
2021/03/19,1622.5,1667.5,1617.5,1665.0,307000,-1.0,-1.0,1.2779791957749147
2021/03/22,1675.0,1702.5,1675.0,1687.5,214200,-1.0,-1.0,1.3805788809178143
2021/03/23,1690.0,1720.0,1685.0,1695.0,153000,-1.0,-1.0,1.4093820781187145
2021/03/24,1695.0,1705.0,1657.5,1657.5,176400,-1.0,-1.0,1.4123516457193661
2021/03/25,1687.5,1707.5,1630.0,1642.5,123400,-1.0,-1.0,1.2544944646529814
2021/03/26,1662.5,1672.5,1642.5,1652.5,107000,-1.0,-1.0,1.2535395611381368
2021/03/29,1682.5,1697.5,1652.5,1672.5,168400,-1.0,-1.0,1.2275201824847108
2021/03/30,1687.5,1707.5,1675.0,1695.0,164400,-1.0,-1.0,1.2634096989787107
2021/03/31,1677.5,1707.5,1660.0,1670.0,122200,-1.0,-1.0,1.2484545518040673
2021/04/01,1672.5,1675.0,1645.0,1667.5,78800,-1.0,-1.0,1.2409841999226279
2021/04/02,1667.5,1700.0,1667.5,1697.5,44200,-1.0,-1.0,1.2690491457968829
2021/04/05,1670.0,1715.0,1670.0,1692.5,67400,-1.0,-1.0,1.2106880024888094
2021/04/06,1690.0,1697.5,1660.0,1665.0,52600,-1.0,-1.0,1.2415431026154793
2021/04/07,1652.5,1710.0,1652.5,1700.0,77800,-1.0,-1.0,1.2672565718741977
2021/04/08,1677.5,1685.0,1660.0,1680.0,83400,-1.0,-1.0,1.2458850196885864
2021/04/09,1675.0,1692.5,1665.0,1670.0,108400,-1.0,-1.0,1.2001817765515903
2021/04/12,1662.5,1672.5,1650.0,1672.5,73000,-1.0,-1.0,1.178812829825716
2021/04/13,1675.0,1687.5,1650.0,1667.5,64600,-1.0,-1.0,1.17319398439407
2021/04/14,1660.0,1662.5,1647.5,1655.0,40400,-1.0,-1.0,1.1648395419187039
2021/04/15,1655.0,1667.5,1650.0,1665.0,37200,-1.0,-1.0,1.150257886682883
2021/04/16,1650.0,1655.0,1640.0,1647.5,61600,-1.0,-1.0,1.069690155467117
2021/04/19,1647.5,1657.5,1632.5,1640.0,45800,-1.0,-1.0,1.0083100280217614
2021/04/20,1642.5,1655.0,1622.5,1637.5,62200,-1.0,-1.0,1.0226700410816534
2021/04/21,1622.5,1625.0,1615.0,1620.0,43600,-1.0,-1.0,1.0411922322484182
2021/04/22,1655.0,1685.0,1655.0,1680.0,114200,-1.0,-1.0,1.0426647616333429
2021/04/23,1670.0,1705.0,1667.5,1685.0,86400,-1.0,-1.0,1.042433153324821
2021/04/26,1697.5,1702.5,1672.5,1675.0,70600,-1.0,-1.0,1.0725907661983354
2021/04/27,1675.0,1685.0,1660.0,1677.5,44000,-1.0,-1.0,1.0822079028248397
2021/04/28,1652.5,1690.0,1652.5,1685.0,59600,-1.0,-1.0,1.0855076053192414
2021/04/30,1700.0,1717.5,1685.0,1687.5,107000,-1.0,-1.0,1.070609371406655
2021/05/06,1652.5,1705.0,1652.5,1690.0,104000,-1.0,-1.0,1.0513012740367114
2021/05/07,1725.0,1742.5,1700.0,1707.5,76800,-1.0,-1.0,1.0320399251248162
2021/05/10,1705.0,1725.0,1692.5,1707.5,48600,-1.0,-1.0,1.0254221892983095
2021/05/11,1687.5,1705.0,1680.0,1685.0,54800,-1.0,-1.0,1.0675945625459609
2021/05/12,1700.0,1707.5,1682.5,1690.0,95600,-1.0,-1.0,1.1046990939082357
2021/05/13,1690.0,1712.5,1680.0,1695.0,153800,-1.0,-1.0,1.1368898956695015
2021/05/14,1722.5,1742.5,1712.5,1712.5,102400,-1.0,-1.0,1.1413705071030116
2021/05/17,1730.0,1740.0,1705.0,1730.0,151200,-1.0,-1.0,1.1992718526582216
2021/05/18,1735.0,1777.5,1735.0,1752.5,290800,-1.0,-1.0,1.2025172399169486
2021/05/19,1742.5,1752.5,1737.5,1742.5,123000,-1.0,-1.0,1.1887258997660504
2021/05/20,1735.0,1760.0,1725.0,1727.5,85600,-1.0,-1.0,1.1498725572156954
2021/05/21,1727.5,1727.5,1702.5,1715.0,102600,-1.0,-1.0,1.1137163429105343
2021/05/24,1712.5,1772.5,1712.5,1750.0,86000,-1.0,-1.0,1.1229665884378672
2021/05/25,1742.5,1752.5,1727.5,1732.5,217400,-1.0,-1.0,1.091826754400286
2021/05/26,1732.5,1767.5,1732.5,1750.0,80600,-1.0,-1.0,1.1142760218308079
2021/05/27,1727.5,1775.0,1722.5,1722.5,154600,-1.0,-1.0,1.035530393834042
2021/05/28,1755.0,1760.0,1730.0,1742.5,69200,-1.0,-1.0,1.0286416779210994
2021/05/31,1740.0,1742.5,1700.0,1712.5,89400,-1.0,-1.0,1.0188785719215514
2021/06/01,1712.5,1732.5,1705.0,1730.0,64600,-1.0,-1.0,1.0287423508013178
2021/06/02,1730.0,1735.0,1697.5,1707.5,84600,-1.0,-1.0,1.0061619540403892
2021/06/03,1732.5,1732.5,1690.0,1697.5,121600,-1.0,-1.0,0.9885163749561909
2021/06/04,1687.5,1695.0,1667.5,1692.5,70600,-1.0,-1.0,0.9830247309411491
2021/06/07,1712.5,1730.0,1687.5,1722.5,87600,-1.0,-1.0,1.011965650178934
2021/06/08,1707.5,1717.5,1675.0,1710.0,80600,-1.0,-1.0,0.9864026419318386
2021/06/09,1707.5,1735.0,1697.5,1702.5,90600,-1.0,-1.0,0.9674445516758774
2021/06/10,1702.5,1712.5,1682.5,1705.0,74600,-1.0,-1.0,0.9554050786067092
2021/06/11,1705.0,1705.0,1677.5,1687.5,116200,-1.0,-1.0,0.9272070030293476
2021/06/14,1685.0,1687.5,1665.0,1675.0,61400,-1.0,-1.0,0.9143320607735416
2021/06/15,1665.0,1675.0,1652.5,1662.5,76400,-1.0,-1.0,0.9020141147694554
2021/06/16,1647.5,1687.5,1647.5,1677.5,66400,-1.0,-1.0,0.9189757316097696
2021/06/17,1660.0,1682.5,1660.0,1672.5,79200,-1.0,-1.0,0.9304529754402294
2021/06/18,1682.5,1682.5,1662.5,1667.5,67800,-1.0,-1.0,0.9370670112349041
2021/06/21,1650.0,1657.5,1627.5,1635.0,92000,-1.0,-1.0,0.9292902194797079
2021/06/22,1670.0,1705.0,1662.5,1705.0,58000,-1.0,-1.0,0.9313171379710662
2021/06/23,1695.0,1742.5,1695.0,1735.0,78600,-1.0,-1.0,0.9744591103699173
2021/06/24,1735.0,1735.0,1707.5,1732.5,87000,-1.0,-1.0,0.9963072804672358
2021/06/25,1737.5,1750.0,1725.0,1750.0,55600,-1.0,-1.0,0.9908184468645668
2021/06/28,1745.0,1755.0,1727.5,1750.0,60400,-1.0,-1.0,1.0561814958058924
2021/06/29,1740.0,1740.0,1710.0,1727.5,48200,-1.0,-1.0,1.036317981365775
2021/06/30,1742.5,1760.0,1742.5,1745.0,65800,-1.0,-1.0,1.0444964903958218
2021/07/01,1750.0,1770.0,1737.5,1767.5,63200,-1.0,-1.0,1.0588388610399608
2021/07/02,1770.0,1772.5,1755.0,1767.5,51600,-1.0,-1.0,1.0660135233473924
2021/07/05,1767.5,1787.5,1755.0,1755.0,48800,-1.0,-1.0,1.0306885392896568
2021/07/06,1775.0,1780.0,1765.0,1765.0,39400,-1.0,-1.0,1.0308008768389927
2021/07/07,1752.5,1760.0,1745.0,1747.5,30800,-1.0,-1.0,1.0339508134565534
2021/07/08,1760.0,1775.0,1740.0,1752.5,71200,-1.0,-1.0,1.0644533101343006
2021/07/09,1732.5,1762.5,1725.0,1752.5,111800,-1.0,-1.0,1.097806365620463
2021/07/12,1787.5,1815.0,1777.5,1805.0,92600,-1.0,-1.0,1.1684708334650213
2021/07/13,1815.0,1847.5,1815.0,1830.0,72600,-1.0,-1.0,1.1987425673949004
2021/07/14,1827.5,1850.0,1817.5,1840.0,50200,-1.0,-1.0,1.2116661945471203
2021/07/15,1837.5,1855.0,1820.0,1822.5,80000,-1.0,-1.0,1.2400952474923967
2021/07/16,1812.5,1835.0,1800.0,1807.5,30200,-1.0,-1.0,1.1999167137757594
2021/07/19,1785.0,1792.5,1770.0,1770.0,67400,-1.0,-1.0,1.1829591303455962
2021/07/20,1767.5,1777.5,1752.5,1772.5,45800,-1.0,-1.0,1.1951422440463801
2021/07/21,1790.0,1805.0,1785.0,1802.5,33000,-1.0,-1.0,1.1991059354619795
2021/07/26,1837.5,1837.5,1815.0,1835.0,44600,-1.0,-1.0,1.1112242900080236
2021/07/27,1832.5,1842.5,1822.5,1835.0,42400,-1.0,-1.0,1.1044937047314776
2021/07/28,1805.0,1830.0,1805.0,1827.5,31800,-1.0,-1.0,1.1102069582078067
2021/07/29,1830.0,1855.0,1827.5,1847.5,56200,-1.0,-1.0,1.1565043328590077
2021/07/30,1830.0,1857.5,1825.0,1830.0,56800,-1.0,-1.0,1.1484294522823362
2021/08/02,1860.0,1885.0,1830.0,1857.5,79200,-1.0,-1.0,1.1424577051592937
2021/08/03,1852.5,1855.0,1800.0,1802.5,105400,-1.0,-1.0,1.0456166015840715
2021/08/04,1835.0,1835.0,1787.5,1787.5,63000,-1.0,-1.0,1.0287345087372048
2021/08/05,1782.5,1795.0,1767.5,1775.0,55800,-1.0,-1.0,1.012140246306312
2021/08/06,1772.5,1787.5,1760.0,1762.5,28800,-1.0,-1.0,0.9941714925021735
2021/08/10,1755.0,1797.5,1752.5,1792.5,94400,-1.0,-1.0,0.9766786756706517
2021/08/11,1800.0,1800.0,1755.0,1760.0,37600,-1.0,-1.0,0.9273787049086915
2021/08/12,1780.0,1780.0,1760.0,1780.0,37000,-1.0,-1.0,0.9236933092003197
2021/08/13,1785.0,1802.5,1777.5,1800.0,38800,-1.0,-1.0,0.9308284433985291
2021/08/16,1810.0,1842.5,1800.0,1812.5,151400,-1.0,-1.0,0.9493862747663401
2021/08/17,1832.5,1837.5,1762.5,1762.5,87600,-1.0,-1.0,0.9238667399509611
2021/08/18,1790.0,1822.5,1672.5,1732.5,203400,-1.0,-1.0,0.9319269887159769
2021/08/19,1737.5,1755.0,1717.5,1722.5,108000,-1.0,-1.0,0.932630259579534
2021/08/20,1740.0,1800.0,1732.5,1735.0,190800,-1.0,-1.0,0.9462271995928329
2021/08/23,1740.0,1752.5,1717.5,1735.0,80400,-1.0,-1.0,0.9355114949924079
2021/08/24,1730.0,1760.0,1702.5,1760.0,157000,-1.0,-1.0,0.9393225516017674
2021/08/25,1762.5,1762.5,1732.5,1755.0,69600,-1.0,-1.0,0.9371891403955399
2021/08/26,1755.0,1755.0,1702.5,1705.0,85800,-1.0,-1.0,0.9074598592023401
2021/08/27,1685.0,1685.0,1655.0,1655.0,141800,-1.0,-1.0,0.8851963602466864
2021/08/30,1667.5,1675.0,1640.0,1652.5,138400,-1.0,-1.0,0.8774892640132717
2021/08/31,1652.5,1657.5,1640.0,1650.0,213600,-1.0,-1.0,0.860460764012952
2021/09/01,1650.0,1690.0,1627.5,1685.0,243400,-1.0,-1.0,0.8708318700980165
2021/09/02,1685.0,1685.0,1650.0,1652.5,51800,-1.0,-1.0,0.8817741494694423
2021/09/03,1635.0,1675.0,1625.0,1670.0,127000,-1.0,-1.0,0.8655982962481658
2021/09/06,1685.0,1685.0,1662.5,1670.0,70600,-1.0,-1.0,0.8623359608795056
2021/09/07,1685.0,1695.0,1677.5,1692.5,72800,-1.0,-1.0,0.8583467777943073
2021/09/08,1690.0,1712.5,1685.0,1710.0,87000,-1.0,-1.0,0.8548505501879653
2021/09/09,1732.5,1750.0,1722.5,1747.5,79400,-1.0,-1.0,0.870399449575139
2021/09/10,1752.5,1770.0,1750.0,1760.0,182000,-1.0,-1.0,0.8861080339917
2021/09/13,1760.0,1790.0,1755.0,1770.0,100400,-1.0,-1.0,0.8635019107494163
2021/09/14,1797.5,1825.0,1795.0,1805.0,152600,-1.0,-1.0,0.8622072056791287
2021/09/15,1780.0,1780.0,1755.0,1770.0,129400,-1.0,-1.0,0.8643616685504045
2021/09/16,1795.0,1795.0,1765.0,1790.0,105800,-1.0,-1.0,0.8871943788518363
2021/09/17,1787.5,1805.0,1780.0,1795.0,91200,-1.0,-1.0,0.9114157478482373
2021/09/21,1745.0,1747.5,1702.5,1722.5,143600,-1.0,-1.0,0.876681308459115
2021/09/22,1722.5,1725.0,1687.5,1690.0,95600,-1.0,-1.0,0.868659437319893
2021/09/24,1722.5,1750.0,1710.0,1730.0,94400,-1.0,-1.0,0.8557255334754211
2021/09/27,1717.5,1720.0,1680.0,1687.5,99800,-1.0,-1.0,0.9457272737393115
2021/09/28,1692.5,1697.5,1660.0,1687.5,119200,-1.0,-1.0,0.9484287891020616
2021/09/29,1675.0,1675.0,1637.5,1645.0,173400,-1.0,-1.0,0.9499466827625662
2021/09/30,1642.5,1687.5,1642.5,1657.5,172400,-1.0,-1.0,0.9685271516367111
2021/10/01,1642.5,1647.5,1595.0,1600.0,148800,95.57652204002666,96.73498680557951,0.9361117939864265
2021/10/04,1625.0,1625.0,1585.0,1602.5,76200,97.03259854998385,98.20310730761769,0.9648195131747588
2021/10/05,1587.5,1587.5,1555.0,1555.0,107200,97.12491346470078,97.43390153789235,0.9480689024082036
2021/10/06,1565.0,1580.0,1537.5,1540.0,101200,95.36407138129306,95.02955856490742,0.9128829672706797
2021/10/07,1540.0,1557.5,1517.5,1517.5,119400,93.94830525895472,93.85432156963664,0.8889018308187775
2021/10/08,1545.0,1552.5,1517.5,1525.0,111200,93.05688208445379,92.79375463783236,0.8684868576457796
2021/10/11,1532.5,1587.5,1520.0,1587.5,69800,94.31140847084863,93.90179107099564,0.9107095806808329
2021/10/12,1562.5,1582.5,1560.0,1572.5,59600,94.41042349426533,93.92686264486703,0.9089293851747655
2021/10/13,1590.0,1615.0,1575.0,1600.0,92600,96.54104064349845,95.76403175180717,0.9482798202924697
2021/10/14,1605.0,1625.0,1597.5,1615.0,62200,96.07660181621004,95.83174446548144,0.9390218498967792
2021/10/15,1640.0,1680.0,1640.0,1650.0,151400,96.81889643906962,96.08849784460072,0.9719165547796335
2021/10/18,1655.0,1672.5,1635.0,1670.0,82400,98.19285542432318,97.67036590621684,1.0525441671598226
2021/10/19,1662.5,1665.0,1637.5,1642.5,70800,95.83665709704646,95.3080798981552,1.0044638221642948
2021/10/20,1655.0,1660.0,1650.0,1660.0,25800,95.87815274345982,95.82987629195101,1.0142234192674378
2021/10/21,1655.0,1655.0,1625.0,1625.0,26200,95.97116992166339,95.01961564721204,1.0052424780721356
2021/10/22,1600.0,1645.0,1590.0,1635.0,71000,96.93766318847533,96.38484027128912,1.0431263498337584
2021/10/25,1612.5,1635.0,1597.5,1610.0,53800,94.53641999167372,93.37171257275638,1.0324093003484667
2021/10/26,1632.5,1640.0,1612.5,1630.0,51600,94.96433141414413,94.31547095243602,1.0407175653115686
2021/10/27,1622.5,1627.5,1595.0,1600.0,36000,92.24165839721262,91.77602864256667,1.0077489517650216
2021/10/28,1622.5,1655.0,1607.5,1642.5,166800,95.32058276686669,94.85313309714239,1.0711230816147472
2021/10/29,1647.5,1670.0,1635.0,1647.5,125600,94.5641877644385,93.84380844316644,1.0864216845110504
2021/11/01,1680.0,1700.0,1670.0,1697.5,96800,95.85533966461077,95.93239065968936,1.0852613416667014
2021/11/02,1697.5,1752.5,1692.5,1710.0,169800,100.18596326398269,99.97160295192732,1.1138211525597197
2021/11/04,1752.5,1780.0,1742.5,1757.5,146800,102.11231061752135,101.30668939657035,1.1712597658328743
2021/11/05,1745.0,1770.0,1737.5,1737.5,50000,99.67295096460501,98.57397895040624,1.1600476613568274
2021/11/08,1755.0,1765.0,1747.5,1750.0,64200,100.73147085217119,98.88512861164487,1.0849339740360469
2021/11/09,1750.0,1775.0,1747.5,1750.0,94800,103.85720784550337,102.88646910572584,1.1017681961230135
2021/11/10,1740.0,1760.0,1707.5,1750.0,110800,105.29225424929065,104.10629597483512,1.1059384818793223
2021/11/11,1750.0,1770.0,1732.5,1765.0,46800,107.28817900347994,105.47998650652019,1.1054706570882942
2021/11/12,1775.0,1812.5,1775.0,1797.5,101400,107.80498008957471,104.95366412302438,1.0835689366854477
2021/11/15,1810.0,1825.0,1770.0,1770.0,92600,105.94882825365559,102.94808321634186,1.032293397599157
2021/11/16,1790.0,1795.0,1780.0,1790.0,67600,110.44167373986693,107.03721027643394,1.0322868198838564
2021/11/17,1792.5,1825.0,1770.0,1790.0,115800,110.80200440471313,107.92968437902574,1.0369593557209644
2021/11/18,1792.5,1815.0,1770.0,1800.0,51400,111.11301300992835,108.81365620843218,1.0626544390872608
2021/11/19,1815.0,1842.5,1815.0,1835.0,155000,112.00312639741563,110.26753382872008,1.0699785472169678
2021/11/22,1847.5,1860.0,1830.0,1835.0,84800,115.18602103351844,113.0791189210433,1.081392668842953
2021/11/24,1835.0,1837.5,1802.5,1805.0,65000,119.06264010646146,116.14960063017674,1.1085547822347106
2021/11/25,1822.5,1870.0,1820.0,1842.5,124000,122.73216341333479,119.76577832930342,1.1886278999531557
2021/11/26,1872.5,1875.0,1820.0,1825.0,68400,128.12610250704603,124.43446495300931,1.2827113929816258
2021/11/29,1800.0,1812.5,1760.0,1775.0,96200,127.75368784236511,123.11692913731889,1.2166681341140726
2021/11/30,1790.0,1810.0,1752.5,1755.0,191600,131.90954541645493,125.63704794521313,1.259565235420025
2021/12/01,1750.0,1762.5,1710.0,1745.0,140000,133.13118501866117,127.10492725873632,1.245313391922886
2021/12/02,1750.0,1795.0,1750.0,1775.0,121200,136.4604337447305,130.1834209056635,1.252165942140919
2021/12/03,1790.0,1842.5,1790.0,1837.5,93200,139.0168921560053,132.12553180410157,1.2227261969262968
2021/12/06,1847.5,1882.5,1847.5,1847.5,150200,141.63003776373995,134.70200889492654,1.2323082845131434
2021/12/07,1857.5,1872.5,1840.0,1870.0,154000,139.2014082232225,132.28296871931192,1.228168721549269
2021/12/08,1885.0,1922.5,1880.0,1910.0,157400,138.8744243013638,132.82041953387753,1.2921094690601755
2021/12/09,1910.0,1937.5,1910.0,1927.5,111800,141.5343500129347,135.57286546961015,1.3223987736047538
2021/12/10,1947.5,2005.0,1947.5,1990.0,204600,142.91746531682423,137.55616657151492,1.4345254627618897
2021/12/13,2002.5,2022.5,1987.5,1997.5,157200,141.67364105851505,137.39003864400058,1.4885864966189262
2021/12/14,1997.5,2015.0,1982.5,1985.0,75000,143.21201441372926,137.7519497917462,1.4674655900587683
2021/12/15,1975.0,1980.0,1937.5,1945.0,82400,143.311888612064,137.27410144188627,1.4023762521905159
2021/12/16,1972.5,1977.5,1955.0,1960.0,61200,139.3698757297889,134.56546230826947,1.3678492054829186
2021/12/17,1937.5,1950.0,1882.5,1897.5,167600,137.9090618151122,132.9186599057963,1.3019714842852523
2021/12/20,1910.0,1910.0,1840.0,1847.5,142600,135.42341265295656,130.51591609666403,1.1957926334920792
2021/12/21,1867.5,1890.0,1852.5,1872.5,109000,132.76067692190193,128.04102721124585,1.2027626978433117
2021/12/22,1875.0,1892.5,1852.5,1875.0,63800,131.31607529685306,126.6062492329939,1.2093875752181906
2021/12/23,1885.0,1925.0,1870.0,1900.0,86600,132.3407215952282,127.45483233533821,1.276343295083825
2021/12/24,1890.0,1912.5,1880.0,1907.5,48800,133.22817207618414,128.76657219302567,1.292673392585505
2021/12/27,1910.0,1967.5,1910.0,1932.5,109600,134.74958036063646,130.08175559590939,1.208964285724061
2021/12/28,1952.5,1977.5,1940.0,1975.0,88000,137.31812680426953,131.37408170009363,1.2500831476145189
2021/12/29,1957.5,1972.5,1870.0,1967.5,73400,137.85557279097563,131.08863149322104,1.167491245112121
2021/12/30,1957.5,1975.0,1955.0,1962.5,55000,138.0375326255213,131.33140016182,1.150756274287355
2022/01/04,1982.5,1985.0,1915.0,1920.0,75400,135.68962452322683,129.16318979878548,1.0185541547040087
2022/01/05,1935.0,1940.0,1902.5,1930.0,58200,134.61089448905324,128.5395438263455,1.0259712360512039
2022/01/06,1897.5,1910.0,1865.0,1880.0,76600,132.75932267486016,125.81722225037424,1.0543461923770656
2022/01/07,1875.0,1895.0,1832.5,1840.0,102800,131.07880056652638,123.30489661562254,1.0125394129197371
2022/01/11,1945.0,1962.5,1867.5,1877.5,296400,132.50581594716746,124.16628801624483,0.9917246462646485
2022/01/12,1895.0,1945.0,1890.0,1932.5,156000,135.05732466940924,126.04771400969996,1.0008883347324227
2022/01/13,1962.5,1965.0,1865.0,1870.0,107200,133.7874359887436,124.05139660347626,0.892678256924818
2022/01/14,1837.5,1850.0,1815.0,1835.0,159400,134.78925684265067,124.78681878392595,0.911986731370001
2022/01/17,1825.0,1870.0,1825.0,1852.5,83400,134.3908279974422,125.24162744845577,0.9368816039911523
2022/01/18,1822.5,1845.0,1802.5,1805.0,69600,133.94590414978808,123.99846811257784,0.9248900814365413
2022/01/19,1775.0,1792.5,1720.0,1740.0,185800,134.54189246563345,124.8269809265272,0.9154564151843927
2022/01/20,1712.5,1790.0,1702.5,1770.0,126200,133.8719476420175,124.09653204008234,0.9292276029754418
2022/01/21,1722.5,1745.0,1707.5,1745.0,85000,134.5682892063127,124.62033214976272,0.9235024570974595
2022/01/24,1710.0,1732.5,1690.0,1727.5,87200,132.50839394354438,122.37496203798821,0.8699965836907554
2022/01/25,1727.5,1727.5,1692.5,1702.5,104200,133.4288006572687,123.56471368148041,0.8745669498394428
2022/01/26,1687.5,1697.5,1655.0,1685.0,141400,133.85534900063746,124.14348019788235,0.8675253559133601
2022/01/27,1682.5,1695.0,1625.0,1630.0,194400,132.99945792538827,123.19757213120907,0.7921065089859375
2022/01/28,1675.0,1700.0,1637.5,1640.0,99000,127.67456572978023,118.8335671427662,0.7963149238703442
2022/01/31,1645.0,1722.5,1645.0,1702.5,177600,131.8813758985711,122.34942319656912,0.8491003145039062
2022/02/01,1712.5,1717.5,1670.0,1672.5,86000,128.52435825386414,119.53354304495906,0.831432098203961
2022/02/02,1657.5,1702.5,1642.5,1692.5,215000,126.00431852254208,117.01474251633901,0.8294250918963938
2022/02/03,1727.5,1765.0,1602.5,1642.5,425600,120.51216441311594,112.52597736941439,0.7431309173051427
2022/02/04,1615.0,1632.5,1567.5,1612.5,319400,117.5258895445279,109.7578702171067,0.718670300722786
2022/02/07,1580.0,1600.0,1552.5,1577.5,201200,118.31489019146521,109.58477879349505,0.6821996541587173
2022/02/08,1560.0,1580.0,1545.0,1572.5,140600,119.96666237638776,110.44605000773207,0.6684218671887666
2022/02/09,1607.5,1622.5,1590.0,1595.0,115600,121.64243292878261,112.23876218585936,0.6723472070003368
2022/02/10,1605.0,1610.0,1592.5,1602.5,83600,116.23248576065377,107.45434034910414,0.6812427296866042
2022/02/14,1577.5,1607.5,1555.0,1592.5,70400,120.59935580291112,109.86440333209815,0.7763100856663276
2022/02/15,1610.0,1635.0,1595.0,1607.5,154400,122.84784645803661,111.17229698388284,0.7894578104556816
2022/02/16,1677.5,1677.5,1597.5,1620.0,153600,119.81620778610795,109.44462640265522,0.7933373369456365
2022/02/17,1610.0,1610.0,1577.5,1585.0,95000,120.28657439333075,108.93759686313469,0.8019547737149089
2022/02/18,1580.0,1610.0,1557.5,1602.5,125200,119.2737387916853,108.0271711083493,0.8100393301490978
2022/02/21,1595.0,1620.0,1572.5,1612.5,124200,121.84423924116778,110.30693393381313,0.82475554436462
2022/02/22,1590.0,1617.5,1577.5,1617.5,88200,123.98659097152557,111.81474036943885,0.8407073860552555
2022/02/24,1582.5,1630.0,1582.5,1622.5,148400,127.86508332939943,114.1426202410999,0.8401358705193316
2022/02/25,1622.5,1632.5,1605.0,1625.0,102600,123.80181955123173,112.45288278506887,0.8426316798898676
2022/02/28,1625.0,1647.5,1597.5,1645.0,158200,128.01071869796178,115.41797350363568,0.9036575649796239
2022/03/01,1632.5,1650.0,1620.0,1622.5,139000,124.86374479968165,113.84024494702471,0.8913070535354716
2022/03/02,1607.5,1607.5,1562.5,1562.5,148600,123.01829578405761,112.47575440997738,0.8860383767100192
2022/03/03,1585.0,1585.0,1542.5,1545.0,142000,117.97798615142945,108.55235397618326,0.8857099187351689
2022/03/04,1522.5,1532.5,1497.5,1502.5,170800,114.46895312361495,105.91421978949786,0.8962964982424425
2022/03/07,1490.5,1507.5,1479.0,1499.5,166400,116.80694196297216,108.18227267776159,1.0332224148184321
2022/03/08,1494.0,1520.0,1474.5,1488.0,191800,118.52463969015017,110.30205788633,1.042305586357568
2022/03/09,1488.0,1505.0,1480.5,1493.5,106400,117.94739303977224,109.5852207401051,1.0466107490717758
2022/03/10,1532.5,1562.5,1527.5,1550.0,104000,117.49665763605583,108.69133292896838,1.0358916153562232
2022/03/11,1525.0,1537.5,1495.5,1510.0,93800,118.1023320952614,108.41992953754853,1.0056364817069186
2022/03/14,1517.5,1532.5,1512.5,1522.5,54400,116.66169968673479,107.7481402842093,1.0012014154097812
2022/03/15,1525.0,1567.5,1525.0,1542.5,152000,117.28792937716288,107.77972085073846,1.0129683040714816
2022/03/16,1562.5,1570.0,1547.5,1547.5,169200,112.48363090070039,103.7060318051419,1.0035092953633944
2022/03/17,1597.5,1617.5,1557.5,1617.5,270800,112.67478463134736,105.11629347560998,1.0472735520775964
2022/03/18,1610.0,1645.0,1602.5,1615.0,334800,107.71584845750719,102.22667685938993,1.007723753846713
2022/03/22,1612.5,1615.0,1557.5,1580.0,141600,99.28201580048106,95.03458427252383,0.8867518647131329
2022/03/23,1580.0,1607.5,1557.5,1597.5,115000,97.63591178635558,93.93880574727189,0.8874677386832933
2022/03/24,1577.5,1582.5,1552.5,1572.5,101600,97.8480594225522,94.481542193453,0.855101638236847
2022/03/25,1565.0,1597.5,1565.0,1577.5,108400,98.94369821737993,95.59101841038313,0.8456827594517209
2022/03/28,1592.5,1597.5,1542.5,1552.5,105400,97.61065346409184,93.76447851574207,0.8094041653966831
2022/03/29,1570.0,1595.0,1565.0,1592.5,143200,97.87779758398383,93.30181339963451,0.8438427403657592
2022/03/30,1622.5,1625.0,1577.5,1602.5,109400,99.90069437875475,95.29482405386445,0.8609619357981178
2022/03/31,1600.0,1620.0,1587.5,1607.5,105000,101.8330093575076,96.958496707257,0.8998348910845164
2022/04/01,1587.5,1597.5,1560.0,1587.5,85000,100.91609126414642,94.83542414535688,0.9446021855423885
2022/04/04,1587.5,1595.0,1575.0,1590.0,81400,101.91277371785061,95.38214704375922,0.9619986305484077
2022/04/05,1587.5,1587.5,1550.0,1550.0,88200,99.48730138502836,93.34240865393397,0.9333902822317883
2022/04/06,1535.0,1535.0,1515.0,1525.0,91600,97.51361959466628,91.7827896873215,0.9308694281182023
2022/04/07,1505.0,1537.5,1499.0,1527.5,104800,100.45972213596089,93.75467442246594,0.9374400196969095
2022/04/08,1525.0,1537.5,1500.0,1525.0,169200,100.7322669101244,94.33497526059877,0.9312162878940394
2022/04/11,1525.0,1532.5,1505.0,1512.5,65200,99.59503531824775,93.54182869007833,0.9579157084501365
2022/04/12,1505.0,1505.0,1482.5,1485.0,130000,100.60929148837103,93.59132188384984,0.9631767605629706
2022/04/13,1480.0,1500.0,1477.5,1492.0,128400,99.47900104600859,93.11402349061458,0.9515687218010627
2022/04/14,1480.0,1492.5,1474.0,1480.0,96400,96.97135940592433,91.26851439369453,0.9362877637113781
2022/04/15,1465.5,1467.5,1452.5,1458.5,139800,96.99158871385804,91.54201696195733,0.9512941449565262
2022/04/18,1450.0,1450.0,1415.0,1439.5,140800,97.22550172799026,91.34497520084801,0.9796694296857792
2022/04/19,1450.0,1456.0,1425.5,1431.0,82600,94.23953062867379,88.79762838114553,0.965118267692914
2022/04/20,1439.5,1447.0,1425.5,1444.0,95800,93.36271900541318,87.88055217929293,0.9609040527907108
2022/04/21,1436.5,1449.0,1435.0,1449.0,94000,91.36842377942779,86.00395487551879,0.9574452365405355
2022/04/22,1445.5,1445.5,1423.0,1429.5,105800,90.83171478158103,85.27452755536673,0.9683010827754907
2022/04/25,1420.0,1420.0,1399.0,1401.5,156200,91.6497930216257,85.52787058037883,0.9929376794008787
2022/04/26,1411.0,1431.0,1411.0,1426.0,108400,92.30398994415523,86.14057653471606,1.0045918751728768
2022/04/27,1426.0,1449.5,1408.0,1449.5,350000,94.71960339333395,88.25666874382004,1.035319781194845
2022/04/28,1474.5,1502.5,1455.5,1491.5,289000,94.8532152690609,88.32097678795006,0.9983075569596173
2022/05/02,1416.5,1443.0,1398.0,1411.0,392400,91.31406745248334,84.76876914131118,0.9261812640900591
2022/05/06,1386.0,1386.0,1346.0,1363.5,282400,86.81548791700237,80.56796852354158,0.9085048730041819
2022/05/09,1338.5,1339.0,1282.0,1302.0,293600,85.51990469047684,79.25093322926611,0.8810332621647715
2022/05/10,1301.0,1332.0,1290.5,1321.0,175200,85.71242294458443,80.23045971328663,0.9001251583863745
2022/05/11,1339.5,1347.0,1315.0,1340.5,174400,85.1711997622194,80.4678740402375,0.9179681418042454
2022/05/12,1332.5,1332.5,1310.0,1310.0,155000,82.38664389409375,78.12525631276468,0.9152359488970429
2022/05/13,1323.0,1359.5,1320.5,1359.5,119400,84.36383579181293,80.20534402733955,0.9229022246841467
2022/05/16,1372.5,1372.5,1325.5,1335.0,191600,80.88191297568922,77.81371006215166,0.9155068349321107
2022/05/17,1334.5,1359.5,1334.0,1335.0,79200,81.16898059378525,77.85124653961249,0.9092883181071829
2022/05/18,1358.5,1365.0,1341.5,1348.5,104400,80.6477076336253,77.8220114260122,0.9087517066885837
2022/05/19,1319.0,1342.0,1313.0,1329.0,88200,81.87202895756548,78.41430718850563,0.9236638286721376
2022/05/20,1351.5,1351.5,1320.0,1322.0,106200,81.63598787476491,78.20630346177335,0.9157752546306599
2022/05/23,1348.5,1367.5,1339.5,1361.0,108200,81.6974837183769,78.52961554035241,0.9422606092801183
2022/05/24,1352.0,1352.0,1312.5,1313.0,179800,80.90298509418497,77.45124701626989,0.8985582822023868
2022/05/25,1310.0,1310.0,1289.5,1294.0,160800,79.38755682359749,75.68013483495042,0.8911432138929031
2022/05/26,1294.5,1313.0,1293.0,1300.5,163400,81.01800171375116,76.84540568549228,0.8787983223421971
2022/05/27,1325.5,1325.5,1275.0,1286.0,172000,80.32673856709107,76.15375597106424,0.8233128092150505
2022/05/30,1305.5,1330.0,1293.0,1330.0,406400,81.89414226604596,77.68604891867189,0.9168809049518875
2022/05/31,1324.0,1331.0,1307.5,1314.0,278200,80.22629876212791,76.4902508495901,0.9117173425260444
2022/06/01,1320.5,1337.5,1314.0,1336.0,105200,82.48391066564959,78.39197290289212,0.9105919503404647
2022/06/02,1335.0,1346.5,1329.0,1343.5,148200,83.89281048395227,80.47326016664861,0.9535242159307096
2022/06/03,1355.5,1378.5,1355.5,1365.0,150000,84.07778992747835,81.73672305344924,0.9626430607906562
2022/06/06,1340.0,1351.0,1322.0,1350.0,136800,81.47213435730485,79.25313753420258,0.9899700449697512
2022/06/07,1360.0,1361.0,1342.5,1344.0,73200,81.46429511481689,79.2270296342491,0.982523361745462
2022/06/08,1347.0,1367.0,1347.0,1355.0,74400,81.35489122541418,79.07009320025749,0.9763026703323521
2022/06/09,1345.5,1357.5,1338.5,1344.5,75600,80.84409091297917,78.36291493560812,0.9519469995650951
2022/06/10,1335.5,1336.5,1320.5,1323.0,126400,81.56831430379712,78.84100479133738,0.932395781168306
2022/06/13,1298.0,1311.0,1296.5,1303.5,93000,84.0908730522338,80.22340168116739,0.9655907122884947
2022/06/14,1304.5,1320.5,1296.0,1317.5,102200,87.61471837292908,83.34162564440332,0.984572963358408
2022/06/15,1308.5,1322.0,1303.5,1303.5,90200,86.45603958752602,82.72620160472783,0.9923696169574217
2022/06/16,1303.5,1322.5,1285.5,1293.0,100000,84.87659189839121,81.27296246295784,0.9804687613365896
2022/06/17,1246.5,1302.5,1235.0,1291.5,177400,86.40391737267004,82.1196974909791,1.0073903310834593
2022/06/20,1356.5,1356.5,1323.5,1331.5,253400,88.51481451417442,85.0418905133075,1.0045830066845398
2022/06/21,1332.5,1353.5,1330.5,1336.5,146000,86.26519665234433,82.75070991376792,0.9831054802432088
2022/06/22,1345.0,1353.5,1331.5,1350.5,116200,85.9510582548859,81.89261942800059,0.9913183388022009
2022/06/23,1350.5,1367.5,1350.5,1360.0,152400,86.60972332237576,82.54179591408376,1.0244028272281254
2022/06/24,1361.0,1418.5,1360.0,1370.0,189400,85.89269362969783,82.30878607549988,1.0320567393638689
2022/06/27,1395.0,1398.5,1381.5,1390.0,103400,85.86280929143176,82.72157760328922,1.0459440045976274
2022/06/28,1405.5,1423.5,1392.0,1423.5,176400,87.7734676191674,84.22111272599966,1.0508940949988663
2022/06/29,1413.5,1443.0,1406.5,1437.5,432400,88.4846292473386,84.55343284882079,1.0807222189582408
2022/06/30,1447.5,1474.5,1438.0,1469.5,340400,90.42929945471768,86.17930867610247,1.1170564646315821
2022/07/01,1460.0,1475.5,1433.0,1439.0,222600,90.35350814438127,86.32433876312362,1.1459416048509536
2022/07/04,1461.5,1461.5,1407.5,1423.5,119400,88.69189485840369,84.55040858980489,1.094055117744645
2022/07/05,1432.5,1446.0,1424.5,1434.5,107000,88.10238803163077,84.53508676293174,1.0958855906021112
2022/07/06,1425.0,1425.0,1402.5,1405.0,99200,87.35826521634614,83.94024732606493,1.0919065694386778
2022/07/07,1409.0,1451.0,1401.0,1450.0,112400,87.8221809767045,84.40881760550329,1.1192320808148184
2022/07/08,1456.5,1474.0,1445.0,1458.0,133000,87.6606985345533,84.29519831867938,1.125543844249093
2022/07/11,1474.5,1481.5,1467.5,1478.0,102800,87.2486068147313,83.53744412589343,1.0968886210977156
2022/07/12,1479.0,1479.0,1450.0,1460.0,131400,86.99592085978412,83.35427959119554,1.1098426724549832
2022/07/13,1464.0,1481.0,1464.0,1476.0,135400,86.66937463320696,83.37325563863914,1.1227978019675908
2022/07/14,1475.0,1494.0,1464.5,1494.0,115400,87.00796448440671,83.98796088755745,1.1076926212699079
2022/07/15,1510.0,1522.5,1497.0,1515.0,140600,87.6177745306593,85.57526817476736,1.1074988686518932
2022/07/19,1515.0,1525.0,1490.0,1510.0,100800,86.53795137734006,84.56808775883273,1.1055715452418098
2022/07/20,1530.0,1540.0,1525.0,1532.5,101400,84.61456361557818,83.18492744718822,1.0828279774962872
2022/07/21,1537.5,1537.5,1515.0,1532.5,58400,83.60597184296194,82.44588973869217,1.0854750514005622
2022/07/22,1540.0,1547.5,1527.5,1542.5,77200,83.81491447860952,82.75562112996666,1.0714969616368402
2022/07/25,1530.0,1545.0,1527.5,1537.5,52800,84.19292355838756,83.02901907847749,1.0859098789998844
2022/07/26,1545.0,1572.5,1535.0,1562.5,122400,86.11977353790955,84.92506675270477,1.149263432950119
2022/07/27,1560.0,1572.5,1552.5,1567.5,68200,85.35794074131991,84.62236875662754,1.1496907302250488
2022/07/28,1577.5,1577.5,1550.0,1565.0,84200,84.60838561535174,83.7780207146902,1.1297851274000472
2022/07/29,1572.5,1572.5,1540.0,1550.0,94200,83.12118148189921,82.98696453580618,1.07984476096933
2022/08/01,1560.0,1587.5,1560.0,1577.5,80400,84.28181091201814,84.05683318800217,1.0490802832025388
2022/08/02,1575.0,1575.0,1532.5,1537.5,78600,85.44378797553,85.54848898487066,1.044948268569989
2022/08/03,1545.0,1555.0,1535.0,1550.0,65200,86.21998629373763,86.29381567432189,1.0542084054669123
2022/08/04,1560.0,1560.0,1535.0,1550.0,93400,86.68593196140658,87.24479385780043,1.0720518442558042
2022/08/05,1547.5,1572.5,1547.5,1572.5,77400,88.09311026403222,88.40288271427349,1.0825418285958062
2022/08/08,1565.0,1567.5,1552.5,1565.0,64800,86.19222956368058,86.63129589728327,1.068525934390792
2022/08/09,1565.0,1565.0,1550.0,1555.0,61600,86.40393544853934,86.71720742816098,1.068587439552905
2022/08/10,1560.0,1572.5,1547.5,1557.5,74800,89.29333105671161,89.42930585820969,1.073965491835948
2022/08/12,1575.0,1597.5,1560.0,1597.5,138600,86.97844964686301,87.99481674251739,1.0483941309111486
2022/08/15,1610.0,1612.5,1582.5,1610.0,77200,84.6784830174585,86.14346228465666,1.0382797336897485
2022/08/16,1610.0,1625.0,1602.5,1617.5,72400,87.1812356894844,88.70169281529336,1.058927280974954
2022/08/17,1627.5,1635.0,1595.0,1607.5,121000,87.58781115949866,88.94690186226276,1.0323999857231978
2022/08/18,1602.5,1602.5,1555.0,1557.5,97600,85.23170506719515,86.18217884734784,0.9444354449611859
2022/08/19,1557.5,1562.5,1537.5,1540.0,64400,82.87903620301465,83.69466054568765,0.9450594708330792
2022/08/22,1530.0,1530.0,1507.5,1510.0,106600,83.10164980574118,83.64886428714064,0.926325729494813
2022/08/23,1505.0,1520.0,1485.0,1520.0,90600,84.17622198205808,84.73224924651296,0.9477973208262562
2022/08/24,1580.0,1610.0,1565.0,1607.5,216200,89.69106574168748,90.12781366150142,1.059191709409267
2022/08/25,1607.5,1612.5,1572.5,1607.5,182000,91.84256777740399,92.31394782295996,1.0138260516856943
2022/08/26,1625.0,1642.5,1610.0,1637.5,157400,95.4872358964275,96.40254553000383,1.0423799399590599
2022/08/29,1637.5,1667.5,1632.5,1665.0,213600,100.43235626311784,101.06946336177873,1.0937708480666766
2022/08/30,1667.5,1682.5,1617.5,1625.0,216600,98.11445946169897,98.10059156476008,1.0202284994880955
2022/08/31,1605.0,1632.5,1580.0,1622.5,254600,97.52304379240859,97.15553295864126,1.0193242388665975
2022/09/01,1605.0,1615.0,1587.5,1600.0,103000,99.91038578871839,99.22820014952968,1.0218723071261884
2022/09/02,1595.0,1617.5,1585.0,1610.0,80200,101.55782275635892,100.66670929267872,1.0229638557056362
2022/09/05,1597.5,1635.0,1597.5,1630.0,95400,104.81492487784575,103.29421569968832,1.0413407296978088
2022/09/06,1625.0,1637.5,1610.0,1622.5,110600,103.8091321193988,102.67109580897935,1.040583572326557
2022/09/07,1622.5,1657.5,1622.5,1657.5,175800,106.65065239355312,105.22602378103542,1.0622540730014722
2022/09/08,1692.5,1717.5,1690.0,1692.5,183200,103.55758511290809,102.16177584123463,1.052511306023832
2022/09/09,1680.0,1690.0,1662.5,1687.5,121200,103.24498831607261,102.03295199004845,1.0459000045664981
2022/09/12,1690.0,1715.0,1690.0,1705.0,50000,102.75780677370341,102.042977647807,1.0444559973599454
2022/09/13,1707.5,1717.5,1690.0,1712.5,61400,101.6905113692093,101.19377868927248,1.0454088648607198
2022/09/14,1677.5,1680.0,1657.5,1657.5,81200,102.70964698574241,100.80540154259185,1.0484819454111909
2022/09/15,1672.5,1685.0,1640.0,1657.5,60800,100.72760036699677,99.23152599754762,1.039083250936392
2022/09/16,1650.0,1657.5,1637.5,1637.5,64000,100.92939285286286,98.83074267112437,1.0533350408273299
2022/09/20,1647.5,1650.0,1617.5,1647.5,80600,103.07720092515405,101.40641392013046,1.1312986338967466
2022/09/21,1630.0,1637.5,1612.5,1627.5,85800,104.50383512689771,102.45600406265633,1.1367559647506416
2022/09/22,1625.0,1630.0,1600.0,1622.5,109800,104.47582316488986,102.3335414147981,1.1182638442076882
2022/09/26,1600.0,1600.0,1562.5,1580.0,126200,107.12068031491833,104.8524486466427,0.9911776238053936
2022/09/27,1585.0,1585.0,1552.5,1555.0,120800,104.67445527084764,102.41870057841145,0.9675535938688741
2022/09/28,1550.0,1572.5,1530.0,1565.0,152200,107.38712883214686,104.52865992779337,0.9673834529569897
2022/09/29,1590.0,1620.0,1580.0,1620.0,132200,108.94805749835623,106.17662555011495,1.0720593328834276
2022/09/30,1610.0,1610.0,1572.5,1580.0,110400,109.53927436682673,106.83797536956534,1.0746864487032703
2022/10/03,1547.5,1565.0,1527.5,1557.5,84000,105.45600776563113,103.83799939403806,1.0026541284070305
2022/10/04,1592.5,1630.0,1580.0,1625.0,95000,107.71464322841548,106.74082219261125,1.0437914722364277
2022/10/05,1645.0,1660.0,1625.0,1647.5,101200,108.59127064669043,108.60179233026773,1.0741568113420883
2022/10/06,1655.0,1665.0,1630.0,1640.0,106800,109.52437299715623,109.0365823572539,1.0652644724082299
2022/10/07,1605.0,1637.5,1605.0,1627.5,44400,110.3926655517729,109.80239402036574,1.0005307543530035
2022/10/11,1612.5,1640.0,1602.5,1602.5,110800,108.96904803716707,107.97681610102967,0.9828682609079069
2022/10/12,1592.5,1607.5,1582.5,1592.5,85400,106.10506048453567,105.11384012172289,0.969320495000237
2022/10/13,1575.0,1610.0,1535.0,1535.0,109600,103.42725178702965,101.82972384954627,0.8552535783243356
2022/10/14,1565.0,1575.0,1542.5,1550.0,101400,100.79781758977921,100.16213212363232,0.8501852465552475
2022/10/17,1525.0,1542.5,1515.0,1535.0,138200,99.63885464832974,98.74645301747947,0.8397186135522925
2022/10/18,1565.0,1590.0,1555.0,1570.0,131400,102.83474034910239,101.87632207739262,0.859377257374913
2022/10/19,1572.5,1572.5,1535.0,1535.0,71200,99.24861390694713,98.42125738948373,0.79438909776061
2022/10/20,1517.5,1520.0,1496.0,1512.5,93600,98.94139482221246,98.25274661500082,0.7832395650073927
2022/10/21,1495.0,1502.5,1484.5,1487.5,63800,97.45512117685476,96.79171341211904,0.7797684753423498
2022/10/24,1505.0,1505.0,1476.5,1476.5,80600,97.23441169337357,96.96751577051423,0.766704559966259
2022/10/25,1480.0,1489.5,1473.5,1484.0,81400,97.24292232408976,96.35426856685996,0.7742703987925285
2022/10/26,1484.0,1498.0,1481.5,1481.5,97400,98.21853583281327,97.20844938119401,0.7714252039437296
2022/10/27,1481.0,1490.0,1469.0,1471.5,146000,94.42097518241798,94.01311001375363,0.8023708164231402
2022/10/28,1451.0,1502.5,1450.0,1482.0,355200,95.88664916823735,94.79218516693884,0.8191278760706279
2022/10/31,1499.5,1512.5,1480.5,1512.5,137200,95.75375395715534,94.42574465340961,0.8350987785792771
2022/11/01,1499.5,1502.5,1469.0,1486.0,71400,92.68365505894793,91.07728197632771,0.7961323771016563
2022/11/02,1482.5,1499.0,1467.0,1470.0,117400,90.08465264342593,88.60280361438278,0.7802162406224591
2022/11/04,1444.0,1444.0,1428.5,1432.5,171800,89.7566218801088,87.87041946269665,0.8481658800717156
2022/11/07,1449.5,1454.5,1440.5,1450.0,124400,88.81509120080268,87.18959008407819,0.8456543025380124
2022/11/08,1454.5,1487.0,1453.5,1479.5,140400,88.82988984841347,87.18638698905085,0.8469908667882398
2022/11/09,1484.5,1484.5,1458.0,1468.0,115000,88.09370582203947,86.4016531796231,0.8456389783663861
2022/11/10,1440.5,1443.0,1404.0,1407.0,228000,85.0370285274979,82.91252815183795,0.7894105088979416
2022/11/11,1478.5,1537.5,1478.5,1517.5,437400,88.44448367119456,87.10520233958526,0.8614551784126007
2022/11/14,1482.5,1560.0,1482.5,1555.0,267400,93.55006395056363,91.96629743861607,0.9665300054540894
2022/11/15,1562.5,1617.5,1560.0,1597.5,187800,95.0422886192711,93.18100041587594,0.9998151580426503
2022/11/16,1625.0,1702.5,1597.5,1690.0,336800,100.00522357122026,98.02251613277937,1.048656924161206
2022/11/17,1700.0,1745.0,1690.0,1695.0,311000,99.79055744297418,97.4826237022876,1.052386848451146
2022/11/18,1730.0,1740.0,1680.0,1687.5,202400,98.04687709481102,95.58510395366277,1.0649227094666265
2022/11/21,1652.5,1707.5,1652.5,1700.0,155800,98.70764511627908,95.94238937988214,1.074334119936584
2022/11/22,1700.0,1725.0,1682.5,1715.0,158800,99.02490754348352,96.17464125878935,1.0673271243667202
2022/11/24,1725.0,1742.5,1685.0,1687.5,129400,95.1892766899942,91.90009769765322,1.0479564788968165
2022/11/25,1737.5,1737.5,1687.5,1690.0,148600,94.1369713061737,91.08750560028273,1.0640295431772455
2022/11/28,1695.0,1710.0,1647.5,1687.5,161800,95.4791910242017,92.42223852667954,1.080296730608951
2022/11/29,1662.5,1672.5,1635.0,1655.0,131200,93.60862103506578,91.24434924371731,1.0711583720446538
2022/11/30,1622.5,1642.5,1605.0,1622.5,238200,92.86900766544936,90.69333955087691,1.0598863266148235
2022/12/01,1630.0,1647.5,1597.5,1607.5,79000,89.04669020311911,87.823856948159,1.0745096209724754
2022/12/02,1590.0,1590.0,1535.0,1567.5,170200,86.07900275442874,85.47551402673488,1.098146200728976
2022/12/05,1550.0,1565.0,1517.5,1540.0,192000,83.67639139970473,83.34048096346926,1.084871358101247
2022/12/06,1512.5,1535.0,1502.5,1515.0,195600,82.67126350914918,82.66235231269961,1.0692693875116352
2022/12/07,1530.0,1570.0,1530.0,1560.0,186200,85.13936341323502,83.93620020422591,1.090894317532761
2022/12/08,1580.0,1612.5,1580.0,1610.0,155200,87.01459212419414,85.64845732487206,1.1222777682408882
2022/12/09,1625.0,1652.5,1615.0,1622.5,132600,83.10118977357541,82.11125111066882,1.1166074764817469
2022/12/12,1605.0,1620.0,1580.0,1590.0,76400,81.88138944665525,80.44538105333366,1.0520565796516885
2022/12/13,1607.5,1610.0,1577.5,1600.0,68000,81.98218547883481,80.93791220569182,1.0514037061001087
2022/12/14,1607.5,1622.5,1582.5,1597.5,56800,83.01903644576191,82.411135082693,1.0434440783078744
2022/12/15,1605.0,1605.0,1550.0,1552.5,161600,82.07415164114268,80.78140912375919,0.965522714327189
2022/12/16,1540.0,1547.5,1515.0,1535.0,245000,83.88923077554581,82.31704164503391,0.8859656434474744
2022/12/19,1530.0,1545.0,1515.0,1515.0,93000,84.11066559988171,82.25353487775403,0.7876240515918028
2022/12/20,1522.5,1562.5,1489.0,1502.5,221200,86.12834897478491,82.94364515681018,0.6583271206600836
2022/12/21,1502.5,1502.5,1457.0,1471.0,184000,84.91830979965948,81.69328544567239,0.6343067684194874
2022/12/22,1484.5,1525.0,1478.5,1522.5,91600,87.05561251094598,83.54400661642481,0.6916995546928518
2022/12/23,1517.5,1540.0,1505.0,1522.5,111200,87.56638457135692,83.55261663224823,0.7606412106675053
2022/12/26,1522.5,1527.5,1502.5,1522.5,75400,85.55843975283429,81.90546838959355,0.7672848548877462
2022/12/27,1522.5,1542.5,1493.0,1502.5,116800,83.61595638150824,79.8543569876712,0.7193192291207763
2022/12/28,1502.5,1552.5,1502.5,1545.0,137400,86.17691595215999,82.22689404012695,0.7959730846185886
2022/12/29,1530.0,1565.0,1530.0,1550.0,116600,87.14737826976085,83.02563750811244,0.8401775943927724
2022/12/30,1562.5,1585.0,1557.5,1557.5,108600,91.09027190635656,87.05933966490649,0.8957815784698857
2023/01/04,1535.0,1537.5,1495.5,1510.0,135200,89.23716055408157,85.40486771776511,0.9456145570863649
2023/01/05,1500.0,1537.5,1500.0,1530.0,91400,89.78915130767102,86.96164714025679,1.018303431130142
2023/01/06,1547.5,1557.5,1527.5,1552.5,110000,92.51144901506724,89.76921354544315,0.9784496375045538
2023/01/10,1530.0,1560.0,1530.0,1555.0,79600,89.29962597589987,87.48787787295777,0.9900457415513695
2023/01/11,1572.5,1587.5,1560.0,1565.0,158800,88.08646641514821,86.01404298424919,0.9918443448336602
2023/01/12,1575.0,1610.0,1567.5,1577.5,281800,90.86240493688028,88.66422286757225,1.002045019994646
2023/01/13,1562.5,1575.0,1550.0,1555.0,175200,91.24530898824051,88.0620739338997,0.9997920462806916
2023/01/16,1535.0,1550.0,1517.5,1540.0,127400,91.21531823253281,87.55559725096755,1.1228846588559864
2023/01/17,1540.0,1557.5,1535.0,1537.5,176800,92.08399660956928,88.5592535593443,1.1077632641036157
2023/01/18,1540.0,1565.0,1517.5,1545.0,250000,91.03391701532425,88.09512310611998,1.1024156110276442
2023/01/19,1540.0,1575.0,1532.5,1570.0,279600,93.29494883857897,89.76138598192209,1.1519352028883576
2023/01/20,1560.0,1585.0,1560.0,1585.0,185400,94.14465420279227,90.84555868423489,1.1378263312412606
2023/01/23,1610.0,1660.0,1610.0,1650.0,206600,97.93595137675042,94.75224234926786,1.170649835663188
2023/01/24,1637.5,1652.5,1625.0,1637.5,169800,95.59070634057471,92.4623737267507,1.1409315006479204
2023/01/25,1635.0,1645.0,1610.0,1622.5,134000,94.94220322697198,91.97186446416126,1.1246949941492446
2023/01/26,1632.5,1647.5,1622.5,1647.5,128000,96.66890015998996,94.12761815335722,1.1944823724143698
2023/01/27,1650.0,1650.0,1620.0,1645.0,225800,97.86811497857796,94.95386125759126,1.1177003090921822
2023/01/30,1650.0,1662.5,1625.0,1650.0,1014000,95.39218552490249,92.68892242927215,1.1725545248066653
2023/01/31,1645.0,1685.0,1645.0,1675.0,298000,99.23828774360588,96.13339798627992,1.2028463082431629
2023/02/01,1672.5,1692.5,1645.0,1652.5,120400,98.30327907118932,95.87076378259567,1.168928026221008
2023/02/02,1660.0,1682.5,1645.0,1680.0,117800,101.6831139162762,99.92793447662747,1.205952761296692
2023/02/03,1687.5,1695.0,1685.0,1692.5,76000,104.69618031383125,102.84631068641889,1.1600012319661672
2023/02/06,1692.5,1710.0,1680.0,1692.5,94800,105.56686078347555,104.4045116878473,1.1156428711451007
2023/02/07,1687.5,1707.5,1672.5,1697.5,94000,106.38577117569655,105.26373190004877,1.1292806015079413
2023/02/08,1697.5,1712.5,1680.0,1697.5,133800,106.32382453566717,104.72316336439722,1.1296120650666586
2023/02/09,1690.0,1700.0,1667.5,1692.5,64000,106.0440215983443,104.4249162006782,1.1247693919466786
2023/02/10,1667.5,1697.5,1665.0,1692.5,77600,104.00800843313458,103.26749954443967,1.1292310154136398
2023/02/13,1687.5,1687.5,1672.5,1672.5,76600,103.6920346922149,102.52656546130343,1.1253059281166233
2023/02/14,1697.5,1715.0,1690.0,1702.5,117800,103.07975762463646,101.74427140326621,1.1477279777054323
2023/02/15,1695.0,1702.5,1615.0,1617.5,181200,99.69515821659385,97.78069271423958,0.9696406227384566
2023/02/16,1630.0,1655.0,1607.5,1610.0,174600,99.87713415976081,98.03163269708897,0.9633870639808139
2023/02/17,1607.5,1625.0,1597.5,1622.5,174000,99.80895293802969,97.81098479635213,0.9896159756561483
2023/02/20,1637.5,1680.0,1637.5,1675.0,96000,101.53271791506249,99.25125964970354,0.9564182442545094
2023/02/21,1677.5,1680.0,1655.0,1657.5,236400,98.65539812536723,96.50246849046988,0.9523520202623061
2023/02/22,1652.5,1652.5,1622.5,1632.5,175200,96.40856766453146,94.62239590900423,0.9562051520857058
2023/02/24,1642.5,1655.0,1612.5,1612.5,162000,95.69946912152734,93.63344320133716,0.966366744102315
2023/02/27,1612.5,1650.0,1607.5,1640.0,152000,96.43461909870484,94.40051839419962,0.9742293476176526
2023/02/28,1632.5,1652.5,1630.0,1647.5,133200,99.31789349281507,96.64483682121113,0.9763251913764801
2023/03/01,1645.0,1647.5,1625.0,1642.5,68000,100.82795009399806,97.86560924212027,0.9732687017755426
2023/03/02,1642.5,1652.5,1635.0,1642.5,52000,102.7477723965506,100.30003303629549,0.9653340495528623
2023/03/03,1642.5,1645.0,1620.0,1625.0,117400,100.63240848711278,98.8036464604631,0.9555752125049228
2023/03/06,1625.0,1670.0,1625.0,1662.5,123200,99.02708510894912,97.67031831346158,0.9694756569935866
2023/03/07,1642.5,1687.5,1640.0,1672.5,98600,98.4304298431458,96.72800944657894,0.9714422015648848
2023/03/08,1670.0,1687.5,1665.0,1672.5,73000,97.31334442827527,96.0261361210779,0.968491555482067
2023/03/09,1672.5,1692.5,1667.5,1675.0,71200,96.99214255458587,95.4865826456663,0.9592041808797992
2023/03/10,1670.0,1687.5,1660.0,1660.0,164400,98.28888357713859,97.37752151801236,0.9750376764342105
2023/03/13,1625.0,1635.0,1612.5,1620.0,93200,96.75057828450393,96.36916425876596,0.9844721838366337
2023/03/14,1592.5,1592.5,1557.5,1580.0,162000,95.37375934111468,96.07184121849987,0.9933671016816634
2023/03/15,1580.0,1605.0,1575.0,1605.0,62600,98.1261536736569,98.06086680196351,0.9984561439096682
2023/03/16,1577.5,1592.5,1550.0,1570.0,126800,95.77789274560693,95.15477214341604,0.9732859227145912
2023/03/17,1580.0,1592.5,1560.0,1565.0,106800,95.10887224846864,94.42383326107792,1.1198851509931056
2023/03/20,1555.0,1565.0,1545.0,1550.0,101800,99.11498403634926,98.32703144775418,1.085557815171941
2023/03/22,1575.0,1592.5,1567.5,1580.0,80000,100.96983500374488,99.69912835182598,1.100905250633842
2023/03/23,1557.5,1577.5,1552.5,1575.0,36800,102.68227959527347,101.39937945064055,1.1236851041630516
2023/03/24,1562.5,1577.5,1557.5,1562.5,108800,101.81455767938535,100.37378863136878,1.1222554389014794
2023/03/27,1565.0,1587.5,1560.0,1565.0,62600,102.5185221708363,101.39759854743477,1.1065934540669438
2023/03/28,1580.0,1580.0,1562.5,1562.5,52600,100.7338486556826,99.36290797921333,1.0991341024977057
2023/03/29,1560.0,1615.0,1560.0,1605.0,134600,100.67133745485862,98.75666901112274,1.1172405114877342
2023/03/30,1607.5,1622.5,1600.0,1607.5,103400,100.13857429723953,98.13847488050378,1.1201156922069606
2023/03/31,1627.5,1635.0,1590.0,1607.5,123800,99.90388445805145,98.26627103356532,1.110697113295312
2023/04/03,1637.5,1637.5,1610.0,1617.5,98000,100.09947024105794,98.50021797872857,1.0446623167852678
2023/04/04,1617.5,1627.5,1607.5,1620.0,105800,102.67080218789168,100.71114586968058,1.0446571942668161
2023/04/05,1602.5,1610.0,1580.0,1595.0,121000,102.849229491823,101.37786924910681,1.050435815858044
2023/04/06,1580.0,1600.0,1570.0,1587.5,165200,101.71850859929212,100.30453908453292,1.0333683455426383
2023/04/07,1597.5,1607.5,1590.0,1590.0,103200,102.24470334925925,100.62056266715098,1.0369081006713887
2023/04/10,1597.5,1607.5,1587.5,1600.0,90000,102.67614996282879,101.13471672724066,1.043103809752132
2023/04/11,1617.5,1635.0,1610.0,1632.5,78200,103.6792622335126,102.85603987765282,1.0675600488255994
2023/04/12,1640.0,1645.0,1607.5,1630.0,88200,104.42846631145575,102.88790196109134,1.0541016054899746
2023/04/13,1625.0,1655.0,1617.5,1650.0,55400,107.58653402020218,105.94083984030354,1.085779313780071
2023/04/14,1670.0,1675.0,1652.5,1655.0,101800,107.89625364822622,106.59204987019153,1.0552378345986066
2023/04/17,1655.0,1657.5,1645.0,1655.0,42000,108.05538080957491,106.63882161761396,1.056589394168316
2023/04/18,1662.5,1680.0,1660.0,1675.0,58800,110.21497136772848,108.72394194200604,1.0618060351347742
2023/04/19,1675.0,1675.0,1637.5,1637.5,52600,107.89448821085077,106.44024177479963,0.9962460833401116
2023/04/20,1620.0,1640.0,1612.5,1617.5,36600,107.32635493276541,105.51403951937131,0.9735071650839883
2023/04/21,1612.5,1632.5,1605.0,1615.0,47400,107.20555624144892,105.7645982196527,0.9740698922497155
2023/04/24,1627.5,1640.0,1617.5,1627.5,35600,107.99194164035626,106.9590607783647,0.9916537449635572
2023/04/25,1640.0,1645.0,1607.5,1612.5,52800,105.4927361581582,104.01741828825683,0.9757165968938996
2023/04/26,1597.5,1612.5,1592.5,1595.0,52200,102.17773415979559,101.168143138614,0.976290593398101
2023/04/27,1592.5,1605.0,1582.5,1592.5,62800,100.731897137634,99.79073598152496,0.9745181537077117
2023/04/28,1607.5,1640.0,1607.5,1620.0,124000,106.70388170439948,105.9323642346049,0.9643020938108134
2023/05/01,1637.5,1647.5,1620.0,1632.5,85600,106.54236943781574,105.69255095521184,0.9664835088703725
2023/05/02,1632.5,1650.0,1632.5,1650.0,30800,112.07089441313862,111.70558596092717,0.9753390932091914
2023/05/08,1650.0,1657.5,1630.0,1635.0,77800,114.16553057001433,113.88549296758958,0.9528174447944124
2023/05/09,1645.0,1657.5,1642.5,1655.0,54200,112.10668833570523,111.23748406882056,0.9446178946020648
2023/05/10,1645.0,1650.0,1615.0,1627.5,43600,109.28426302949414,107.74576875383224,0.9298224593973865
2023/05/11,1620.0,1630.0,1602.5,1605.0,35800,108.30981270071851,107.58510578768461,0.8979495702538519
2023/05/12,1592.5,1620.0,1592.5,1607.5,54400,106.33000924651124,105.14586397151255,0.9035949190650606
2023/05/15,1585.0,1587.5,1550.0,1562.5,116600,104.87621990057275,103.11756555812428,0.839036076552727
2023/05/16,1560.0,1560.0,1517.5,1527.5,170600,102.21477861651478,100.40898250300816,0.7954560556828303
2023/05/17,1512.5,1527.5,1505.0,1507.5,91600,99.9690198586895,98.74867069389418,0.77482241028369
2023/05/18,1515.0,1545.0,1515.0,1517.5,150400,98.6059441494939,98.4269641215663,0.7578226862281368
2023/05/19,1510.0,1537.5,1510.0,1522.5,71400,99.95466206190675,100.01895351964825,0.7924330911536951
2023/05/22,1532.5,1532.5,1505.0,1530.0,61800,97.64392303603464,97.88249469448577,0.7842171723819893
2023/05/23,1525.0,1542.5,1500.0,1505.0,107800,99.03659312643566,99.60342051571408,0.7383461356951018
2023/05/24,1500.0,1530.0,1496.0,1520.0,83600,102.13298694233966,102.41260465654682,0.7586229459648086
2023/05/25,1500.0,1510.0,1491.0,1491.5,136200,99.06195689009068,100.33472831005798,0.7707788115887297
2023/05/26,1491.5,1499.0,1485.5,1489.5,71400,100.33436402050324,101.86925786862979,0.7781618843051104
2023/05/29,1507.5,1512.5,1490.0,1492.5,71200,98.33480068065057,99.84609198464193,0.7715112273415059
2023/05/30,1499.5,1515.0,1499.0,1500.0,87200,99.4036170682009,101.12046211174119,0.7793286472123537
2023/05/31,1493.0,1525.0,1491.5,1500.0,166800,99.8076569559882,102.15836473095152,0.7864077688845529
2023/06/01,1522.5,1522.5,1491.5,1493.0,112600,97.80528859412615,99.60275108237474,0.7646523971252756
2023/06/02,1492.0,1512.5,1485.5,1500.0,108800,96.77390837971515,97.3257740564289,0.7474983371265226
2023/06/05,1507.5,1520.0,1505.0,1515.0,111200,97.23876830371356,98.03235140861689,0.7500824115660303
2023/06/06,1500.0,1525.0,1496.0,1520.0,89200,97.22056994176062,98.46701729147124,0.7126737420532783
2023/06/07,1535.0,1557.5,1532.5,1545.0,211400,100.8761171029072,101.80906304371928,0.6769916216349314
2023/06/08,1527.5,1547.5,1525.0,1535.0,101400,101.91984870067034,102.58003491803387,0.6695156254175354
2023/06/09,1555.0,1565.0,1542.5,1550.0,164800,101.03270656125103,102.34520585356542,0.682025451776711
2023/06/12,1550.0,1590.0,1550.0,1590.0,110000,101.4956119084853,103.57917180532216,0.9016524479075299
2023/06/13,1592.5,1597.5,1552.5,1557.5,92400,95.34260240728591,98.05034639978555,0.8572784156035285
2023/06/14,1560.0,1582.5,1560.0,1580.0,102600,95.24833420898224,98.04239304834226,0.8597912535625069
2023/06/15,1575.0,1587.5,1560.0,1560.0,76000,95.2327435317953,98.23608262100899,0.9656121266165888
2023/06/16,1577.5,1582.5,1552.5,1570.0,146800,93.63794370867842,97.01937141290232,1.012063003890128
2023/06/19,1580.0,1585.0,1565.0,1570.0,47800,91.06086832904222,93.63679905974196,1.00122843750171
2023/06/20,1555.0,1580.0,1550.0,1580.0,63800,92.92961468239622,96.08272587209254,1.0157174892985632
2023/06/21,1562.5,1592.5,1562.5,1575.0,85600,90.83063638274282,94.14445987617587,1.0069744028838163
2023/06/22,1582.5,1582.5,1562.5,1567.5,65200,90.67908852103994,92.93561974103824,1.0146935493812475
2023/06/23,1567.5,1577.5,1552.5,1562.5,75800,92.16889091563661,94.00743570050977,1.0175157179451637
2023/06/26,1562.5,1565.0,1542.5,1547.5,43000,91.4896786917813,92.97010128129753,1.0487094152011085
2023/06/27,1547.5,1547.5,1525.0,1537.5,64400,89.78859041127446,91.40660440441225,1.0423748457902404
2023/06/28,1547.5,1580.0,1545.0,1580.0,102000,88.75628284570169,90.545567623393,1.0629491683102452
2023/06/29,1597.5,1637.5,1585.0,1590.0,157200,85.92756496951007,88.15366415240908,1.0522012516558212
2023/06/30,1590.0,1610.0,1587.5,1597.5,147600,86.7525035563663,89.49854300953402,1.052940804715129
2023/07/03,1610.0,1615.0,1587.5,1587.5,106600,86.4121083312425,89.84438210302521,1.0597747196396647
2023/07/04,1570.0,1570.0,1532.5,1537.5,134400,84.73546747510223,87.3253040426462,0.919905548056921
2023/07/05,1547.5,1557.5,1525.0,1525.0,77200,84.99876982439268,87.35736355017738,0.9064960505791574
2023/07/06,1522.5,1550.0,1522.5,1530.0,134200,85.28990151886728,87.2249850534535,0.9237141554539782
2023/07/07,1525.0,1527.5,1507.5,1510.0,136200,84.79244557752546,86.6887998403233,0.9026915819191816
2023/07/10,1515.0,1517.5,1500.0,1510.0,217400,85.09797962957035,87.19689359442062,0.8599926196055249
2023/07/11,1520.0,1537.5,1505.0,1525.0,115600,85.42277310946133,87.96036254450034,0.8746217163825313
2023/07/12,1530.0,1540.0,1502.5,1505.0,76600,84.52002253962921,86.69722669078801,0.8674259757011257
2023/07/13,1502.5,1527.5,1502.5,1515.0,95800,83.33884593521105,85.5884449348493,0.9074860122493779
2023/07/14,1530.0,1550.0,1515.0,1540.0,95400,84.06750450706777,85.91529511577403,0.916849280467852
2023/07/18,1547.5,1550.0,1525.0,1532.5,38400,84.21099131995973,85.74168536442335,0.9107738319094004
2023/07/19,1542.5,1555.0,1537.5,1552.5,66000,85.24281865437833,86.52339229319446,0.9168732654846383
2023/07/20,1562.5,1567.5,1550.0,1552.5,84200,86.68942517531208,87.40087191886879,0.9125713226523179
2023/07/21,1552.5,1562.5,1530.0,1545.0,61600,86.55177743107457,86.60331224735415,0.9144737673672961
2023/07/24,1565.0,1565.0,1537.5,1547.5,82800,85.25567682022971,85.73846711910716,0.9344226176817273
2023/07/25,1547.5,1557.5,1540.0,1555.0,37200,84.21160122646624,84.61799718208796,0.9358910508700191
2023/07/26,1552.5,1562.5,1532.5,1552.5,89200,84.02792278996031,84.40886617588964,0.9332720259211142
2023/07/27,1552.5,1555.0,1535.0,1542.5,107400,83.35241728448413,83.69125150432481,0.9280798177447653
2023/07/28,1525.0,1567.5,1525.0,1567.5,126600,85.82475682081348,85.66350124230905,0.9331567081512436
2023/07/31,1585.0,1590.0,1570.0,1570.0,73000,83.9867201771712,83.99313408582655,0.9110881835096933
2023/08/01,1570.0,1572.5,1542.5,1552.5,83800,83.23415019708932,83.1825336402045,0.8856008681415731
2023/08/02,1552.5,1552.5,1537.5,1547.5,46600,84.6808655701458,83.74703943237833,0.9002950158930771
2023/08/03,1530.0,1530.0,1512.5,1517.5,76000,85.03463024890385,83.33136207432295,1.0035288922488617
2023/08/04,1502.5,1515.0,1502.5,1512.5,49800,84.18292025012923,82.3375302946771,1.010422879722299
2023/08/07,1505.0,1525.0,1497.5,1522.5,50000,85.20372968974316,83.12060517177345,0.9911193079737164
2023/08/08,1515.0,1525.0,1512.5,1520.0,46000,84.53374516500816,82.6197448695823,0.9863286453916855
2023/08/09,1512.5,1522.5,1505.0,1522.5,48000,84.44260916731979,82.81004267169196,0.9930525609015055
2023/08/10,1522.5,1530.0,1500.0,1525.0,66800,83.91856368864285,81.77218071279935,0.9712793690449146
2023/08/14,1560.0,1590.0,1545.0,1562.5,174200,87.39878816280813,84.45815078885664,1.014365256731873
2023/08/15,1575.0,1585.0,1540.0,1575.0,122400,87.19399471655703,84.26299371054282,1.0478297210241454
2023/08/16,1557.5,1572.5,1537.5,1567.5,70000,89.70242950256772,86.56293000883834,1.0505648542148418
2023/08/17,1565.0,1565.0,1537.5,1555.0,102800,91.36686244397922,88.20470719479103,1.0477441601130855
2023/08/18,1545.0,1550.0,1525.0,1535.0,64800,91.6874516137061,88.85948114523757,1.0378112866219324
2023/08/21,1545.0,1555.0,1537.5,1542.5,55400,93.18439028065146,90.80909889675758,1.0447607552061757
2023/08/22,1540.0,1557.5,1537.5,1555.0,43600,91.37136887826416,89.01558451876015,1.0438053238961302
2023/08/23,1547.5,1587.5,1547.5,1582.5,59200,87.07563167691553,85.04803235940439,1.0638483166601014
2023/08/24,1585.0,1585.0,1545.0,1557.5,77000,85.46168344596042,83.75438710588342,1.007683551560786
2023/08/25,1535.0,1552.5,1535.0,1547.5,44200,85.58992420520794,82.5444805361027,1.0094172379411182
2023/08/28,1547.5,1555.0,1535.0,1547.5,42400,80.54564482577032,78.56752313250908,1.0018869361745533
2023/08/29,1555.0,1562.5,1550.0,1557.5,32800,83.85640655828132,81.90537173481609,1.005251449808642
2023/08/30,1552.5,1555.0,1532.5,1547.5,63800,82.86462416288961,80.93841066415807,0.9921986131546839
2023/08/31,1560.0,1567.5,1552.5,1565.0,93200,82.94580866366385,81.18143894725557,1.0115257884957187
2023/09/01,1555.0,1557.5,1530.0,1535.0,97000,80.59387865868752,78.31706557919816,0.9744798323308284
2023/09/04,1540.0,1542.5,1510.0,1517.5,115800,78.06311078059501,75.64752481527155,0.9519233095504531
2023/09/05,1522.5,1532.5,1510.0,1532.5,71400,78.98495120990796,76.52764877751287,0.9594234877253773
2023/09/06,1547.5,1565.0,1542.5,1557.5,178000,77.5408815363313,75.23731528409324,0.975466519535758
2023/09/07,1565.0,1567.5,1550.0,1560.0,82000,78.4095149955481,75.70612607521282,0.984463267647375
2023/09/08,1547.5,1550.0,1517.5,1522.5,103200,78.06943096738127,75.17294658139608,0.9663679851858988
2023/09/11,1542.5,1542.5,1527.5,1537.5,69000,79.27285319778021,75.6491161994389,0.9498569570997201
2023/09/12,1537.5,1550.0,1535.0,1550.0,53600,79.01843046892046,75.55173757260711,0.9466439002606074
2023/09/13,1555.0,1572.5,1547.5,1567.5,96800,80.43688749776071,77.42725110192652,0.9599989919095606
2023/09/14,1567.5,1570.0,1555.0,1567.5,65000,79.48084432814018,76.67722405261696,0.9288722382798542
2023/09/15,1575.0,1575.0,1545.0,1552.5,110000,77.94288412107574,75.68553760182796,0.9047140171317659
2023/09/19,1545.0,1545.0,1520.0,1532.5,70000,77.47799631598713,74.53175473006863,0.8972914673261978
2023/09/20,1532.5,1535.0,1512.5,1512.5,105600,76.86330871050501,74.19265456430614,0.8977929999975305
2023/09/21,1517.5,1520.0,1499.0,1502.5,123600,77.2021468365591,74.44811773453861,0.9039334947388308
2023/09/22,1494.0,1502.5,1480.0,1496.0,120200,77.2360091562027,74.28307304080917,0.8826968225705322
2023/09/25,1507.5,1525.0,1505.0,1512.5,56000,77.42785354709008,74.81178480747344,0.9354634638614863
2023/09/26,1510.0,1517.5,1497.5,1497.5,59000,79.18696981955833,76.04538005941755,0.9304193325005647
2023/09/27,1496.5,1515.0,1490.0,1515.0,98600,78.27081699569305,75.47204834353354,0.9328231034549096
2023/09/28,1515.0,1515.0,1496.0,1505.0,90000,77.01433914904786,74.01964909998007,0.9336461736406153
2023/09/29,1507.5,1515.0,1493.5,1495.0,147400,77.03605531682139,74.76881091634925,0.9479826681988356
2023/10/02,1495.0,1495.0,1460.5,1460.5,210200,77.4029659871657,74.85672657195316,0.9893244731325767
2023/10/03,1460.0,1467.5,1450.5,1452.0,192400,77.20924554219366,74.8803349164384,1.0008300427440004
2023/10/04,1440.0,1469.5,1432.5,1450.0,183400,78.19128166829175,75.87585779109473,1.03028776232416
2023/10/05,1450.0,1495.0,1450.0,1489.5,124000,79.82204752591372,77.13044714836609,1.0366048195524205
2023/10/06,1494.5,1495.5,1480.0,1482.0,50000,79.6650029640371,76.69032554417899,1.0079735623447161
2023/10/10,1485.0,1499.0,1485.0,1491.0,53200,77.37627750600163,75.29837071416767,1.0004897891489806
2023/10/11,1491.0,1496.0,1477.5,1478.5,53800,76.73724590915162,75.18747371596798,0.9892561738755241
2023/10/12,1475.0,1491.0,1461.5,1490.5,64800,78.40300902279456,76.87735841880891,0.987111489579524
2023/10/13,1485.5,1485.5,1465.0,1470.5,52000,79.53111193760459,78.00026952163051,0.9701330563067473
2023/10/16,1460.0,1467.0,1450.5,1465.5,73200,80.74620718845377,78.92798897980539,1.0442043644289045
2023/10/17,1466.5,1470.0,1455.0,1460.0,45200,78.81788994280043,77.14469343007127,1.0343781661050429
2023/10/18,1459.5,1461.0,1445.5,1458.0,69800,80.79979304604524,78.83349436866419,1.031556178750317
2023/10/19,1440.0,1452.0,1432.5,1444.5,101400,82.06253261972756,79.94995374563962,1.0360701944367943
2023/10/20,1436.0,1448.5,1435.0,1445.5,45000,83.59517458036869,81.07825864724015,1.0426552842138903
2023/10/23,1439.0,1440.5,1425.0,1429.5,121800,84.24713917842841,81.61107469844008,1.0239258689554906
2023/10/24,1426.5,1443.5,1415.0,1440.0,106400,85.1265928548015,82.58889157019654,1.0199790396593158
2023/10/25,1445.5,1452.0,1424.5,1427.5,98600,84.52839639652387,81.98598826621306,0.9984974489792198
2023/10/26,1415.0,1432.0,1408.0,1417.5,132200,86.07912661985159,82.52809678141173,1.013756974956288
2023/10/27,1427.0,1446.0,1426.5,1446.0,95400,85.33504977969511,82.18212275826542,1.0108550658542876
2023/10/30,1435.5,1441.5,1420.5,1434.0,98400,85.20598791035427,81.98539773532903,1.0116317639625676
2023/10/31,1445.0,1461.5,1428.5,1461.5,111200,88.21641675806319,84.59522636646153,1.0250697845312466
2023/11/01,1476.5,1480.5,1466.0,1474.5,70000,87.8057754798837,84.23495177495222,1.004466253345585
2023/11/02,1477.5,1483.5,1462.0,1475.0,66400,87.6582457373257,84.92229453669522,0.985761175246131
2023/11/06,1493.0,1493.0,1472.0,1472.0,77800,85.43747904160503,83.18017732955042,0.9481486713636778
2023/11/07,1485.0,1489.5,1470.0,1470.0,48000,85.81214422743223,83.37185466102379,0.9580453187364366
2023/11/08,1475.0,1491.0,1469.5,1490.0,120200,87.45687697864942,85.80870314580703,0.9749163167030913
2023/11/09,1484.5,1484.5,1453.5,1480.0,75000,88.43255311915425,87.239224656561,0.9555205663258179
2023/11/10,1480.0,1505.0,1477.5,1500.0,106600,85.78216842178851,83.66223698400822,0.9924357672701294
2023/11/13,1507.5,1507.5,1464.5,1473.0,40600,81.29132910598202,79.33282089024021,0.9355013752182909
2023/11/14,1471.0,1477.0,1453.0,1462.5,93800,78.37306821101808,76.6740819883592,0.9074688491011711
2023/11/15,1487.0,1542.5,1487.0,1490.0,353800,73.72184542259731,72.93668468012575,0.98331905867061
2023/11/16,1505.0,1532.5,1494.5,1505.0,219600,74.19640210857176,73.708363200867,1.0097475824089772
2023/11/17,1502.5,1557.5,1500.0,1545.0,170600,76.05668396264495,75.31943056165458,1.0379611153484982
2023/11/20,1550.0,1560.0,1527.5,1545.0,93800,76.06583160632886,75.55921897546001,1.0453424392293493
2023/11/21,1540.0,1550.0,1525.0,1542.5,57400,75.81599160556166,75.77157942496903,1.046836902791955
2023/11/22,1527.5,1537.5,1517.5,1517.5,42000,76.30003048828385,76.33639837828738,1.0298026124666078
2023/11/24,1532.5,1532.5,1495.5,1507.5,153800,75.02869834442525,75.28753886156946,1.0066270243736248
2023/11/27,1515.0,1515.0,1496.0,1499.0,45000,74.79426095217458,74.75233229333055,0.9965393714157053
2023/11/28,1491.5,1494.5,1471.0,1475.0,103200,74.77012470235267,74.73406236077359,0.9828928556537679
2023/11/29,1465.5,1479.5,1465.5,1474.5,78800,76.28092681546116,76.31430536625965,0.986623793629318
2023/11/30,1471.0,1494.5,1470.5,1479.5,140600,77.57820745770768,76.98267515115568,0.9789127670041229
2023/12/01,1464.0,1472.5,1453.5,1462.0,141200,77.49670550829026,76.49329736803678,0.9796041169503364
2023/12/04,1445.5,1472.0,1442.5,1467.0,97800,79.74910612570866,78.5374253706423,1.0143065327518361
2023/12/05,1459.0,1480.0,1456.0,1456.5,137800,81.79532619226049,80.03254699714972,1.01690451633417
2023/12/06,1462.0,1499.5,1454.5,1498.5,188400,79.5162244791647,78.3973535941689,1.0251889395239557
2023/12/07,1496.5,1517.5,1496.5,1510.0,95000,78.70682480161665,77.1601433058126,1.0336471907409188
2023/12/08,1525.0,1535.0,1505.0,1510.0,117200,80.37185171434722,78.53620166495139,1.0325181807554635
2023/12/11,1515.0,1525.0,1510.0,1522.5,50400,81.30186294272616,79.4655954669943,1.0461522070127585
2023/12/12,1532.5,1542.5,1530.0,1535.0,79000,81.65701251305428,80.14007759778343,1.0493150593792417
2023/12/13,1535.0,1545.0,1520.0,1535.0,84200,82.16713009128138,80.6845306946623,1.0489959826824833
2023/12/14,1535.0,1545.0,1500.0,1515.0,75000,83.74812866362451,82.97849337836382,1.0786653655384475
2023/12/15,1520.0,1520.0,1480.5,1492.5,103600,81.17841063935954,81.30301497481969,1.0048279387277501
2023/12/18,1480.0,1495.0,1466.5,1492.5,49600,81.9107328557221,82.29527408340243,0.9472045414702822
2023/12/19,1498.0,1520.0,1496.5,1517.5,77800,80.77592103970888,82.46661866268671,0.9495489611902501
2023/12/20,1500.0,1520.0,1500.0,1515.0,65400,80.7015916363967,82.9985901540974,0.9424276101694798
2023/12/21,1510.0,1515.0,1499.0,1502.5,47200,78.93567882093755,80.95958380648197,0.9442367190670451
2023/12/22,1500.0,1502.5,1489.0,1498.5,45400,77.84874577012916,79.95196663243306,0.955055888392632
2023/12/25,1499.5,1507.5,1471.5,1473.5,54800,76.85091373300027,78.77511214444992,0.9580283596771125
2023/12/26,1473.5,1473.5,1459.0,1463.5,53200,77.34788197094817,79.5502396655182,0.9483286707117534
2023/12/27,1461.5,1491.0,1460.0,1484.5,85800,75.14284963234158,77.54567917247122,0.959219238236366
2023/12/28,1477.0,1493.5,1477.0,1493.5,53200,74.96362106051137,77.31451688016621,0.9824916268688668
2023/12/29,1493.5,1530.0,1493.0,1517.5,145800,75.97480014022011,77.88770057447837,0.9986227025960194
2024/01/04,1567.5,1605.0,1532.5,1602.5,333000,81.24278730004737,82.28801142295484,1.0624048465295808
2024/01/05,1605.0,1642.5,1572.5,1622.5,376200,81.32735745152725,81.90108918642345,1.074788215934665
2024/01/09,1657.5,1660.0,1602.5,1607.5,158800,80.14440811471009,80.5764550605747,1.026272226434467
2024/01/10,1605.0,1630.0,1605.0,1620.0,178800,79.48328986059674,80.51066454426966,1.0179167186502054
2024/01/11,1635.0,1635.0,1602.5,1612.5,145800,77.1377183306636,78.55895792901654,0.9941688928170725
2024/01/12,1625.0,1627.5,1607.5,1612.5,208800,76.13140679733701,79.12065548894562,0.9913164444753966
2024/01/15,1612.5,1655.0,1607.5,1650.0,121200,77.06237329272847,80.05412455721415,0.998633022708901
2024/01/16,1662.5,1662.5,1620.0,1620.0,98600,77.32138504331998,80.07237648395463,0.9901161181615612
2024/01/17,1622.5,1652.5,1615.0,1620.0,100000,79.18106364080379,81.27202752692699,1.0036898282479338
2024/01/18,1602.5,1607.5,1572.5,1575.0,95400,74.68898696750176,77.1128129657013,0.9733682810230088
2024/01/19,1575.0,1602.5,1570.0,1600.0,94800,74.53389315430171,77.49331134592114,0.9884293728014351
2024/01/22,1597.5,1615.0,1595.0,1610.0,49200,71.83574104989997,74.58856359835589,1.0041096483143943
2024/01/23,1620.0,1627.5,1610.0,1620.0,57000,73.9573934719582,76.78133799535937,1.0049380403164816
2024/01/24,1612.5,1612.5,1590.0,1600.0,55600,74.57282632871963,77.22629128009147,1.0006533895432546
2024/01/25,1600.0,1607.5,1580.0,1582.5,71200,72.53241771210624,75.05548219513824,0.9962002188903536
2024/01/26,1595.0,1600.0,1577.5,1585.0,88400,73.79864158515569,76.48566187170353,1.0043762237069225
2024/01/29,1587.5,1605.0,1582.5,1595.0,79600,73.6086754338098,75.7594446289357,0.9337599802000629
2024/01/30,1595.0,1607.5,1582.5,1605.0,78000,72.60351346782838,74.90201164991026,0.9406671577207245
2024/01/31,1605.0,1612.5,1595.0,1612.5,82600,73.53912297496515,75.43768162421232,0.9329350857039745
2024/02/01,1590.0,1610.0,1590.0,1592.5,71000,72.12942739848182,73.51175971307998,0.9310048739091484
2024/02/02,1585.0,1592.5,1575.0,1575.0,69400,70.79935571529968,72.19322156545216,0.9235742999321173
2024/02/05,1575.0,1580.0,1560.0,1565.0,74200,70.43876767963735,71.58108307200835,0.8966514069259925
2024/02/06,1565.0,1570.0,1555.0,1557.5,61000,70.24797740981842,71.66764275107616,0.9000406785314428
2024/02/07,1555.0,1570.0,1545.0,1562.5,63000,70.3516331383,71.6165967157344,0.8988178621155454
2024/02/08,1562.5,1562.5,1532.5,1547.5,120600,68.41806069639293,70.82336957754437,0.8868143179440834
2024/02/09,1540.0,1555.0,1535.0,1542.5,79400,68.34787807298737,70.79546741521251,0.8805374000626827
2024/02/13,1560.0,1585.0,1552.5,1585.0,148400,67.68979379732679,71.03802774784688,0.8904348172201457
2024/02/14,1575.0,1580.0,1555.0,1567.5,157200,70.68800631910226,74.53000970147818,0.8896033274998092
2024/02/15,1660.0,1665.0,1620.0,1642.5,601400,74.04888635845963,78.76554098088423,1.0163433955922827
2024/02/16,1677.5,1742.5,1655.0,1680.0,585000,74.01978314645856,78.58035990107292,1.0230360294066994
2024/02/19,1672.5,1707.5,1652.5,1677.5,333200,71.67340808112942,75.86855432990411,1.026393908960717
2024/02/20,1675.0,1722.5,1670.0,1680.0,247400,72.58450914564546,76.91276988295255,1.0278585531341426
2024/02/21,1667.5,1700.0,1660.0,1697.5,105800,73.65896727796341,78.17519939795778,1.0423705798431946
2024/02/22,1710.0,1720.0,1690.0,1712.5,130400,74.57034712002786,79.36647090088663,1.032105753219555
2024/02/26,1722.5,1775.0,1720.0,1770.0,266800,75.43974426024181,80.44315453552429,1.0630885337760965
2024/02/27,1770.0,1777.5,1720.0,1730.0,216200,73.4461592909092,78.14547296598998,1.0321026802145945
2024/02/28,1775.0,1775.0,1735.0,1755.0,174000,74.98776101634397,79.80135334753413,1.0500077710830227
2024/02/29,1765.0,1770.0,1712.5,1735.0,252400,74.16476456540634,78.74103074822845,1.0328429206058034
2024/03/01,1727.5,1752.5,1725.0,1742.5,104600,75.03439144495749,79.92658320855506,1.0341426342746454
2024/03/04,1740.0,1745.0,1715.0,1722.5,122600,72.94303044367615,77.96633694439036,1.0386584502846667
2024/03/05,1720.0,1737.5,1700.0,1715.0,162200,72.3946173369875,77.09555437484138,1.0337705433289428
2024/03/06,1690.0,1737.5,1690.0,1732.5,165800,73.49472714723277,77.81225885839775,1.0384140017898305
2024/03/07,1775.0,1780.0,1740.0,1757.5,524400,75.84324575295139,79.93624925319331,1.0579605800906406
2024/03/08,1722.5,1760.0,1710.0,1750.0,167000,74.75595944755959,78.54356401695976,1.0692955499303791
2024/03/11,1742.5,1767.5,1732.5,1742.5,261800,77.11807048160946,80.7062853279867,1.1771562537488505
2024/03/12,1750.0,1765.0,1737.5,1765.0,257000,78.37985159226358,81.87347574308077,1.1881432176601654
2024/03/13,1730.0,1817.5,1727.5,1815.0,487000,79.57473530430852,83.6917474000637,1.2103994524211084
2024/03/14,1842.5,1890.0,1835.0,1880.0,402000,83.34475339287465,87.15033920986302,1.2591564269456568
2024/03/15,1860.0,1875.0,1845.0,1862.5,269600,84.03981733858419,87.31082835981246,1.234183918777953
2024/03/18,1862.5,1885.0,1852.5,1865.0,207000,81.58371048767718,85.28258914937591,1.1248494132255635
2024/03/19,1875.0,1890.0,1865.0,1872.5,191000,81.37120068212847,84.56364562870172,1.1093005255174575
2024/03/21,1897.5,1897.5,1837.5,1837.5,235800,78.37566512461144,81.66554014183485,1.039945371696383
2024/03/22,1850.0,1850.0,1835.0,1850.0,140200,79.29904865508416,82.29355969316308,1.0116026725514327
2024/03/25,1847.5,1867.5,1840.0,1847.5,180200,80.26093920725005,83.37920167869089,0.9714469738183386
2024/03/26,1820.0,1857.5,1820.0,1845.0,97600,80.43350034642792,83.50992289988494,0.9688129327641901
2024/03/27,1850.0,1872.5,1847.5,1850.0,204800,78.84698241387933,82.16705657556281,0.9642416829666224
2024/03/28,1840.0,1840.0,1797.5,1810.0,99600,77.87977224395691,81.1820081858769,1.0101363194102082
2024/03/29,1805.0,1827.5,1795.0,1812.5,144400,78.32046191823338,81.59302387488994,0.9810451726691938
2024/04/01,1815.0,1832.5,1765.0,1770.0,161400,77.49590642000632,81.1367507938953,1.0244663177504625
2024/04/02,1772.5,1772.5,1717.5,1740.0,150600,76.26409569048072,80.03809516012737,1.006667748658249
2024/04/03,1740.0,1770.0,1737.5,1750.0,172400,77.35027885247659,80.42190715155854,1.0146522663271549
2024/04/04,1752.5,1772.5,1745.0,1750.0,156600,76.14382212814466,79.13766269699454,1.0143209843912262
2024/04/05,1750.0,1772.5,1732.5,1735.0,272000,77.01010414190354,79.35552312177477,1.0066879972797482
2024/04/08,1735.0,1750.0,1642.5,1652.5,422200,72.53503559289348,74.82204765661668,0.8392804669381073
2024/04/09,1662.5,1675.0,1652.5,1655.0,273400,71.17424508197092,73.30417420865608,0.832248000400499
2024/04/10,1655.0,1702.5,1650.0,1700.0,220800,73.99536686541725,76.31305161774182,0.8928719764175559
2024/04/11,1692.5,1710.0,1672.5,1697.5,119000,73.44223607653423,75.20073264461601,0.8926839575241091
2024/04/12,1705.0,1707.5,1682.5,1682.5,154400,73.29029515352504,74.36707997422145,0.8550450004847011
2024/04/15,1675.0,1695.0,1665.0,1680.0,139600,73.77887088865967,74.734450173443,0.8415909838138457
2024/04/16,1675.0,1692.5,1665.0,1667.5,140600,74.16068872454464,75.33069420851092,0.853175556792437
2024/04/17,1670.0,1670.0,1612.5,1637.5,215000,75.35670068331851,76.6152864089518,0.8504120232935465
2024/04/18,1642.5,1702.5,1640.0,1685.0,220000,78.39736384023233,79.36096316239926,0.8830868737091236
2024/04/19,1680.0,1705.0,1667.5,1685.0,207200,80.39865315992428,80.84570558745784,0.9224091347510458
2024/04/22,1695.0,1735.0,1695.0,1710.0,196600,80.24593088790097,80.39990458219737,0.9110848589236623
2024/04/23,1712.5,1717.5,1695.0,1717.5,76200,81.17696149866298,81.58062917686499,0.915048873236468
2024/04/24,1725.0,1727.5,1712.5,1715.0,91200,79.44441675171898,80.27978952378122,0.9045394401814355
2024/04/25,1720.0,1732.5,1707.5,1712.5,114200,81.3268507545365,82.05900326051288,0.9226145123740446
2024/04/26,1705.0,1722.5,1687.5,1715.0,164200,80.52941060382442,81.07764403077734,0.9215164668901977
2024/04/30,1737.5,1745.0,1722.5,1730.0,134200,79.60198780044095,79.33018214604851,0.9114556218866144
2024/05/01,1700.0,1705.0,1682.5,1682.5,75400,77.83584846556107,78.08979144075985,0.9008761012027661
2024/05/02,1677.5,1690.0,1652.5,1675.0,115400,77.56585325048881,77.7664824752283,0.9227943532991617
2024/05/07,1690.0,1707.5,1690.0,1697.5,83600,77.2336585971169,78.34094053059401,1.0205359211342742
2024/05/08,1690.0,1690.0,1667.5,1672.5,123000,78.33912285237872,79.20341301550667,1.0202889098820818
2024/05/09,1685.0,1702.5,1667.5,1672.5,89800,79.71763265626215,79.99736825989878,1.0259293087032635
2024/05/10,1675.0,1690.0,1670.0,1672.5,95600,79.98258236581528,79.94833577497137,0.989081243099063
2024/05/13,1685.0,1697.5,1675.0,1690.0,116800,83.92955097845812,83.97043258641469,1.0167058585790778
2024/05/14,1682.5,1687.5,1667.5,1677.5,106400,85.44559021293439,85.5405034770101,1.0066471287246104
2024/05/15,1685.0,1685.0,1642.5,1655.0,134400,86.06862657971773,85.77349343237745,0.9931706123684527
2024/05/16,1697.5,1697.5,1600.0,1617.5,253000,83.73193423531492,84.01877939956917,0.9556890991297976
2024/05/17,1607.5,1615.0,1575.0,1597.5,144000,83.34154745527962,82.61074701226792,0.9462693141070045
2024/05/20,1597.5,1605.0,1580.0,1592.5,111800,82.81794588004966,81.81907790066529,0.8957649409453992
2024/05/21,1600.0,1612.5,1592.5,1607.5,132400,84.90063158121824,83.65707799910182,0.9069282751203762
2024/05/22,1605.0,1605.0,1552.5,1560.0,194000,81.54449440110331,80.69972912818042,0.8873187586554133
2024/05/23,1557.5,1572.5,1537.5,1572.5,114200,83.04653652388777,82.13821815164178,0.8861542554589779
2024/05/24,1552.5,1592.5,1550.0,1585.0,131200,85.12764648405181,83.25937090638598,0.9134787183407534
2024/05/27,1595.0,1595.0,1567.5,1577.5,73800,84.86456966568231,82.5525995822073,0.904205805345762
2024/05/28,1580.0,1582.5,1555.0,1565.0,84000,84.1214833367949,81.37208596713033,0.8963475453100066
2024/05/29,1567.5,1570.0,1545.0,1560.0,132400,83.3143229727931,80.8228419693467,0.9022439076883498
2024/05/30,1550.0,1565.0,1537.5,1550.0,154600,84.9768050353643,81.84821171433502,0.9015308738200039
2024/05/31,1557.5,1575.0,1540.0,1570.0,190200,85.72915193259877,82.4009945331936,0.9186324412560375
2024/06/03,1582.5,1592.5,1575.0,1577.5,158600,86.18684593077606,82.60570661382694,0.9120871464563528
2024/06/04,1562.5,1620.0,1562.5,1600.0,179800,88.10479150257186,84.44828114886643,0.9286108748875925
2024/06/05,1595.0,1625.0,1592.5,1605.0,138800,86.13396236932537,83.39876550633014,0.9448200125122637
2024/06/06,1607.5,1617.5,1590.0,1592.5,109600,84.81538056800082,82.45928049324777,0.934398190085516
2024/06/07,1590.0,1595.0,1560.0,1572.5,97200,84.61791594330695,81.90867308628354,0.9236235423977089
2024/06/10,1582.5,1597.5,1577.5,1597.5,108400,83.47470927430443,80.8387536289102,0.9254232528223149
2024/06/11,1595.0,1610.0,1585.0,1587.5,70000,85.99673911225028,83.13215079958553,0.921514740052404
2024/06/12,1590.0,1605.0,1572.5,1572.5,79600,85.76700426892211,82.84737718473426,0.9195498198130359
2024/06/13,1567.5,1582.5,1562.5,1570.0,118800,87.03443056585604,84.51174457304182,0.9356321818261911
2024/06/14,1575.0,1590.0,1562.5,1582.5,114600,87.53014464044979,84.41951963157743,0.9507171768601846
2024/06/17,1570.0,1580.0,1552.5,1580.0,98600,88.1386348114711,85.37335683847562,1.0171491370195926
2024/06/18,1590.0,1597.5,1572.5,1587.5,65200,87.17661703423335,84.49535526433046,1.0160504376593322
2024/06/19,1585.0,1587.5,1565.0,1567.5,104800,86.63365300801024,83.70768518208274,0.9985141619592693
2024/06/20,1567.5,1582.5,1552.5,1580.0,80200,86.79142913352,84.93045037420809,0.9952187881532257
2024/06/21,1615.0,1637.5,1610.0,1627.5,354000,88.46729264101097,86.57655615868251,1.0481205060166345
2024/06/24,1642.5,1687.5,1642.5,1647.5,308200,89.71043089874009,87.81226807963812,1.054348233131475
2024/06/25,1667.5,1692.5,1647.5,1655.0,190400,89.4107293438266,87.03732874515784,1.0412204878392872
2024/06/26,1655.0,1662.5,1630.0,1652.5,162600,87.52129145460592,85.76941201866659,1.033868839059054
2024/06/27,1666.0,1700.0,1640.0,1655.0,230200,87.9293702401581,85.55399131423988,1.0479689525073597
2024/06/28,1640.0,1703.0,1637.0,1691.0,299700,88.75398203487487,86.22307415469167,1.057735638518695
2024/07/01,1674.0,1691.0,1653.0,1678.0,194800,90.024176956791,86.85804679757285,1.0538369287090035
2024/07/02,1673.0,1690.0,1664.0,1670.0,170000,90.58793650482956,87.69561024789499,1.0369389927992327
2024/07/03,1664.0,1690.0,1661.0,1671.0,71600,90.01918796728036,87.97512759200798,1.0319389462135586
2024/07/04,1649.0,1658.0,1603.0,1640.0,255700,85.86193164403213,84.2096566114858,0.9857500681393979
2024/07/05,1623.0,1630.0,1594.0,1604.0,157200,84.09352175934049,83.04860508977059,0.9522664027195389
2024/07/08,1610.0,1635.0,1606.0,1630.0,148800,85.20661547842626,84.4469045928387,0.9900571478610329
2024/07/09,1637.0,1661.0,1630.0,1641.0,146300,83.34057563859959,83.11074059091814,0.9871206967012596
2024/07/10,1638.0,1643.0,1582.0,1604.0,194800,81.38562153778217,81.38356173769712,0.960336709595612
2024/07/11,1615.0,1628.0,1606.0,1623.0,99000,82.25273422685724,82.03300992539481,0.9691808157528384
2024/07/12,1621.0,1639.0,1620.0,1634.0,94200,83.43729420622057,82.0771494687394,0.9895263997882452
2024/07/16,1650.0,1658.0,1622.0,1633.0,85200,83.8879311242823,82.62979990828238,0.9607780876902055
2024/07/17,1645.0,1655.0,1640.0,1654.0,84900,85.27661902209191,83.28612560185395,0.9695583386983994
2024/07/18,1650.0,1692.0,1639.0,1684.0,175300,87.82890808553805,85.49038959234781,1.0042577793932244
2024/07/19,1682.0,1690.0,1662.0,1672.0,109800,87.2600426941628,85.57496615342828,1.0173793386301637
2024/07/22,1667.0,1675.0,1646.0,1663.0,99700,88.74371588094729,86.6989674742349,0.9782284325037061
2024/07/23,1688.0,1694.0,1661.0,1669.0,83800,88.59468932414272,86.57211126630523,0.9797273539488585
2024/07/24,1658.0,1670.0,1635.0,1645.0,57000,88.40478978757034,86.6099385958432,0.9795611705953736
2024/07/25,1615.0,1630.0,1603.0,1605.0,157800,90.37313929942893,88.12765043714961,0.9975273357228309
2024/07/26,1610.0,1613.0,1590.0,1609.0,84400,89.27223761223762,87.09834042373745,1.0109744029119445
2024/07/29,1621.0,1656.0,1621.0,1646.0,56200,90.40615429671031,88.2348127149607,1.003895419203639
2024/07/30,1638.0,1647.0,1622.0,1628.0,53000,91.1193302026372,88.9843240928623,0.9947989114851119
2024/07/31,1624.0,1646.0,1612.0,1646.0,107400,88.97173792477298,87.61781083485155,0.9914682497382872
2024/08/01,1631.0,1631.0,1586.0,1606.0,99200,89.2684832089373,88.79121774772875,1.0160723834888503
2024/08/02,1573.0,1577.0,1504.0,1504.0,127900,89.14536202228295,89.1333131845799,1.0187318268844008
2024/08/05,1437.0,1439.0,1322.0,1347.0,133200,90.71195145783875,90.7284759100884,1.0640220045178652
2024/08/06,1437.0,1470.0,1394.0,1441.0,138300,88.51943984001201,89.25361200078098,1.0414499905904142
2024/08/07,1401.0,1453.0,1377.0,1414.0,132600,85.23691274402317,85.16373033830119,0.9993562990874751
2024/08/08,1400.0,1432.0,1384.0,1405.0,131200,85.89537351894123,86.21075666089747,1.0070793390822965
2024/08/09,1458.0,1459.0,1398.0,1419.0,271200,83.12784544068525,83.41372618692871,1.0363881099811574
2024/08/13,1430.0,1450.0,1405.0,1423.0,226700,80.39073542184555,81.03530018744527,0.991164480345992
2024/08/14,1425.0,1445.0,1411.0,1436.0,216900,79.85705762584679,80.21901060338287,0.9892366964548791
2024/08/15,1450.0,1482.0,1428.0,1477.0,163300,81.79244122000723,82.2856780430331,1.0101063103058205
2024/08/16,1495.0,1518.0,1492.0,1509.0,115400,81.22930825392443,82.1098534384364,0.9929233299786363
2024/08/19,1505.0,1536.0,1501.0,1507.0,122500,82.48277107089523,82.915068267326,0.970145339989236
2024/08/20,1514.0,1521.0,1500.0,1515.0,83800,81.54194368429114,82.65849119427348,0.9645583783841405
2024/08/21,1514.0,1532.0,1507.0,1521.0,84300,81.06666712621691,82.12656610398568,0.9704424559725806
2024/08/22,1544.0,1566.0,1533.0,1566.0,148400,84.95827847132027,86.06232620886044,0.995182788118495
2024/08/23,1550.0,1579.0,1550.0,1563.0,125700,83.25724350561953,85.26403550066217,0.9885159295279167
2024/08/26,1578.0,1609.0,1573.0,1607.0,213800,87.65863207166589,89.73572846912286,1.0123516941154214
2024/08/27,1608.0,1655.0,1607.0,1636.0,215900,97.3173232252393,97.64076747074635,1.0231662498599465
2024/08/28,1623.0,1654.0,1605.0,1646.0,218000,96.63659728199522,96.91327731299035,1.0250917492533769
2024/08/29,1660.0,1663.0,1628.0,1641.0,143500,97.7720865724436,98.22448122336601,1.030978230335272
2024/08/30,1639.0,1650.0,1627.0,1637.0,212400,99.08638680114834,99.40136887805045,1.0244602261034028
2024/09/02,1650.0,1651.0,1620.0,1636.0,133600,98.48538702938473,99.18426605163526,0.9959487825534135
2024/09/03,1650.0,1673.0,1634.0,1673.0,159200,98.57493932594281,98.63584213999799,1.0120344088911462
2024/09/04,1613.0,1669.0,1613.0,1659.0,142100,99.38326681165421,99.54667983392514,1.0415894796797673
2024/09/05,1659.0,1693.0,1651.0,1671.0,169600,99.75184745779941,99.8891585156239,1.0770683388438982
2024/09/06,1664.0,1670.0,1625.0,1638.0,151600,99.41745688369352,99.63523117914923,1.110155576314074
2024/09/09,1602.0,1672.0,1592.0,1670.0,191300,99.6800947121248,99.90981189688367,1.161667081803783
2024/09/10,1664.0,1682.0,1650.0,1676.0,144200,99.980929611802,100.05190631537926,1.1672841569916386
2024/09/11,1676.0,1676.0,1638.0,1653.0,157500,99.06599836206729,99.81045793973377,1.1721327560237322
2024/09/12,1663.0,1675.0,1651.0,1667.0,161700,98.77375265557193,99.36127211808157,1.1538684553461491
2024/09/13,1673.0,1682.0,1652.0,1677.0,198800,99.49369757831646,100.46452564119484,1.1727145549583669
2024/09/17,1692.0,1700.0,1664.0,1680.0,203300,101.52108456551572,102.13441670348399,1.1520395352878852
2024/09/18,1720.0,1764.0,1720.0,1733.0,367600,101.6561720401216,102.43393219752085,1.183931897128147
2024/09/19,1754.0,1769.0,1746.0,1769.0,199000,101.26242853757208,101.68879616665001,1.1916045118824785
2024/09/20,1769.0,1797.0,1755.0,1770.0,406200,100.84175697540843,101.47744741143893,1.1736216368573051
2024/09/24,1788.0,1835.0,1777.0,1833.0,280200,102.5232465539897,103.11286432952039,1.1426440241837283
2024/09/25,1822.0,1822.0,1807.0,1814.0,138800,101.76493621893529,102.74167262561289,1.1334578686648116
2024/09/26,1831.0,1893.0,1831.0,1887.0,297900,101.6906126421719,102.6641323233822,1.136332220746729
2024/09/27,1880.0,1887.0,1854.0,1858.0,178900,101.63867541003106,102.61997078904285,1.1086916186951532
2024/09/30,1833.0,1896.0,1820.0,1875.0,378000,101.40893529128692,102.43186961426008,1.1764301534594506
2024/10/01,1887.0,1890.0,1864.0,1882.0,157900,101.95869061663545,103.00107252248681,1.1611445693635591
2024/10/02,1875.0,1887.0,1863.0,1863.0,152700,100.73265142859302,101.6119265386551,1.1662475728151758
2024/10/03,1874.0,1877.0,1848.0,1854.0,124600,99.38755933904035,100.6344887660484,1.1286537763694713
2024/10/04,1843.0,1859.0,1834.0,1855.0,180400,99.75050174173688,101.01983703519213,1.0930004121099908
2024/10/07,1868.0,1886.0,1860.0,1881.0,134600,100.69293536414725,101.52066037470763,1.0607003508561164
2024/10/08,1855.0,1870.0,1845.0,1868.0,116900,100.54632500697343,101.63812035733488,1.0690736726720687
2024/10/09,1877.0,1889.0,1855.0,1874.0,93400,101.5833262633268,102.46884635443595,1.069302571848369
2024/10/10,1876.0,1876.0,1846.0,1858.0,99300,100.20568704791306,101.1920422977247,1.0529593855926125
2024/10/11,1868.0,1882.0,1857.0,1880.0,109400,101.13705768659769,102.55366973614116,1.0635566385324848
2024/10/15,1885.0,1885.0,1856.0,1867.0,170300,101.25760883031819,102.38781194486216,1.0428373159387967
2024/10/16,1855.0,1871.0,1839.0,1844.0,83800,102.01876924725497,103.0064769238023,1.042588382457411
2024/10/17,1850.0,1855.0,1823.0,1830.0,89800,101.07200101696208,102.17965605173436,1.035762253246246
2024/10/18,1833.0,1833.0,1808.0,1808.0,54900,100.3362424467667,101.06711996579732,0.9953190195179171
2024/10/21,1808.0,1816.0,1787.0,1787.0,51100,101.27687481493962,102.38538377312811,0.966472048288388
2024/10/22,1792.0,1802.0,1765.0,1765.0,75400,100.561569365438,101.35005490209655,0.9648125565714922
2024/10/23,1750.0,1769.0,1749.0,1754.0,70800,98.76861488706085,100.05521022031617,0.964075401445094
2024/10/24,1739.0,1749.0,1730.0,1742.0,81900,100.44699889215741,101.58098494591741,0.9579846495584943
2024/10/25,1731.0,1736.0,1707.0,1729.0,112600,100.40015089227529,101.75656209165194,0.9648566534983777
2024/10/28,1734.0,1748.0,1716.0,1734.0,71000,98.71372116684667,100.27896651468299,0.9206801586286298
2024/10/29,1730.0,1743.0,1722.0,1725.0,100900,99.30666306853857,100.4940024608346,0.9076236567959971
2024/10/30,1744.0,1776.0,1739.0,1765.0,193500,99.13028945160629,100.64744012877807,0.9212165165031884
2024/10/31,1772.0,1783.0,1751.0,1781.0,123000,100.13846853434497,101.33524978737125,0.9446730896305224
2024/11/01,1746.0,1768.0,1740.0,1751.0,117300,100.54365733209013,101.58274347475364,0.9426188167656838
2024/11/05,1763.0,1792.0,1749.0,1791.0,118000,100.43884940370603,101.64598969089228,0.9790030658171394
2024/11/06,1768.0,1783.0,1733.0,1774.0,147700,100.62614243911176,101.42576389748972,0.9512654266135108
2024/11/07,1789.0,1792.0,1743.0,1751.0,110000,100.37266677557393,100.84819721479828,0.9223543934998721
2024/11/08,1761.0,1778.0,1738.0,1745.0,110900,99.43031583454226,99.92095351522079,0.9193087531068362
2024/11/11,1738.0,1757.0,1722.0,1746.0,127300,98.02145826168787,98.64548541442359,0.9296909939024314
2024/11/12,1751.0,1761.0,1721.0,1735.0,114400,99.8684090872685,100.55407005725436,0.9232137933467351
2024/11/13,1723.0,1745.0,1697.0,1704.0,119700,101.07303198731358,101.19284945196867,0.9177994691133754
2024/11/14,1706.0,1718.0,1686.0,1693.0,176400,100.33805628852033,100.348694485402,0.914305274911846
2024/11/15,1770.0,1821.0,1735.0,1802.0,355400,100.87408269546073,100.76883370318308,0.9696626347836792
2024/11/18,1815.0,1900.0,1815.0,1897.0,265800,101.8715917865986,101.96568151515302,1.056882367725523
2024/11/19,1908.0,1921.0,1848.0,1870.0,241500,101.19499274277165,101.30692698539774,1.0348160708665584
2024/11/20,1879.0,1891.0,1850.0,1864.0,115600,102.16159690853598,102.39708986074628,1.0359837443359308
2024/11/21,1873.0,1885.0,1841.0,1872.0,142000,102.56243688071672,102.6222840649699,1.0482332607307134
2024/11/22,1880.0,1895.0,1854.0,1895.0,111400,102.61763914409664,102.6380898743812,1.0565204579976242
2024/11/25,1900.0,1900.0,1852.0,1878.0,149200,100.65632896708485,101.56125662778395,1.0599850103541197
2024/11/26,1877.0,1890.0,1820.0,1838.0,123800,101.77066130614563,102.15982317075876,1.0474560763681948
2024/11/27,1840.0,1840.0,1785.0,1800.0,122800,101.19736818859545,101.74863996195798,1.0351179123378584
2024/11/28,1823.0,1835.0,1800.0,1834.0,124100,103.58036375671286,103.80166920637586,1.0611073532032176
2024/11/29,1827.0,1848.0,1806.0,1806.0,89800,102.4940382668317,103.09307171373662,1.0320123998268906
2024/12/02,1806.0,1813.0,1787.0,1800.0,122100,101.12968787608561,101.08498088867097,0.9863441685352564
2024/12/03,1802.0,1839.0,1802.0,1815.0,117600,101.84714950083877,102.06761736020817,0.9805278860790008
2024/12/04,1800.0,1805.0,1782.0,1789.0,148100,101.53584992928756,101.64647648954087,0.971059196996114
2024/12/05,1789.0,1800.0,1767.0,1779.0,127800,100.69913046020154,101.46269932930397,0.9650537559532697
2024/12/06,1755.0,1789.0,1739.0,1768.0,341900,99.20619546493286,100.16703079352578,0.9924884132126666
2024/12/09,1782.0,1795.0,1772.0,1780.0,152100,102.81482391615529,102.91101829584753,1.0213818718385244
2024/12/10,1795.0,1813.0,1767.0,1777.0,201100,98.77427779778833,99.45538043660372,1.0171126017278938
2024/12/11,1774.0,1811.0,1770.0,1801.0,262500,100.93667926374626,101.34000612592496,1.0278875387344408
2024/12/12,1818.0,1831.0,1789.0,1791.0,179700,98.87791663851476,99.49955188561609,1.0205468750300393
2024/12/13,1774.0,1864.0,1774.0,1845.0,306700,100.25900576919038,100.86091462368412,1.0677109614608296
2024/12/16,1845.0,1870.0,1809.0,1830.0,234200,99.72683036772915,100.49444301141828,0.9482750185225091
2024/12/17,1831.0,1841.0,1788.0,1788.0,169100,100.1752796065287,100.3984499114019,0.9299515318191915
2024/12/18,1809.0,1829.0,1782.0,1788.0,151600,100.51954050923945,100.72462686446954,0.9327996445084208
2024/12/19,1795.0,1849.0,1795.0,1841.0,219600,101.42089963426959,101.5658154469242,0.9831134583932832
2024/12/20,1919.0,1945.0,1887.0,1921.0,400000,101.77299377581903,102.28264058029131,1.0291681638014472
2024/12/23,1945.0,1949.0,1906.0,1937.0,202900,102.52297773977048,103.18754716510259,1.027202585137125
2024/12/24,1930.0,1934.0,1903.0,1933.0,107400,103.42628904112604,103.52515208979706,1.0248859116614106
2024/12/25,1919.0,1930.0,1895.0,1930.0,156600,103.48903941792614,103.58263786928214,1.0208248894487535
2024/12/26,1937.0,1942.0,1916.0,1930.0,151700,101.88429752164802,102.36878600234647,1.0207439081713292
2024/12/27,1934.0,1955.0,1930.0,1951.0,143800,100.99237446568398,101.28747291568854,1.0311428896630275
2024/12/30,1955.0,1984.0,1947.0,1954.0,184300,100.71621555958828,101.35941544460943,1.0581917533637513
2025/01/06,1957.0,1966.0,1902.0,1905.0,145900,101.0227622402883,101.28707689097114,1.0617526276729512
2025/01/07,1913.0,1927.0,1892.0,1892.0,152100,98.70488375319631,99.68304896490197,1.0430824283069118
2025/01/08,1890.0,1919.0,1890.0,1894.0,104000,101.1114626836677,101.59196698356773,1.0504313146473045
2025/01/09,1888.0,1888.0,1845.0,1847.0,112800,101.18862440536965,102.0518971151507,1.0414779176623272
2025/01/10,1846.0,1868.0,1829.0,1856.0,97600,100.42603667439425,100.92098455780383,1.043900067046497
2025/01/14,1870.0,1879.0,1831.0,1843.0,144600,101.78921087076972,102.088924655528,1.0280336905092629
2025/01/15,1845.0,1861.0,1833.0,1855.0,169300,101.6005553391615,101.96028097603076,1.0315625702972044
2025/01/16,1874.0,1881.0,1838.0,1852.0,125600,102.14041240791907,102.29939819451249,1.0511636274370024
2025/01/17,1861.0,1869.0,1849.0,1861.0,133000,102.62596998158602,103.02094772079174,1.0565406492944134
2025/01/20,1863.0,1879.0,1861.0,1866.0,93900,100.8500195103741,101.20783949922645,0.9688420481800134
2025/01/21,1898.0,1907.0,1888.0,1892.0,118900,102.99682429262444,102.68023036074784,0.9815341503157458
2025/01/22,1910.0,1910.0,1881.0,1889.0,124000,102.07104465566067,102.35006364380101,0.9714962344620681
2025/01/23,1890.0,1899.0,1874.0,1878.0,149800,101.84267426764694,102.11425971723665,0.9629037539868814
2025/01/24,1893.0,1921.0,1889.0,1921.0,157500,100.43740173586158,100.61722096718923,0.9891209978960009
2025/01/27,1955.0,1968.0,1943.0,1963.0,177700,102.38311238859147,102.5162145433556,1.0143858440105484
2025/01/28,1960.0,1961.0,1925.0,1932.0,148100,103.62722994519424,103.35852195947356,0.9987902021439606
2025/01/29,1934.0,1956.0,1924.0,1933.0,163100,104.20240648978087,103.89515093411872,0.9925781361162587
2025/01/30,1935.0,1949.0,1918.0,1921.0,656700,103.91368105418795,103.51397457108523,0.999137540542979
2025/01/31,1918.0,1934.0,1902.0,1928.0,146000,102.22784913349744,102.07075872446084,1.0003582826909425
2025/02/03,1926.0,1933.0,1902.0,1902.0,162200,103.04280051589151,102.99083903342552,1.0116340833830768
2025/02/04,1913.0,1926.0,1843.0,1843.0,111600,103.10925513433983,103.02036788286316,0.9739414045987329
2025/02/05,1853.0,1892.0,1853.0,1877.0,114000,102.89823471229994,102.79900466709152,0.9892388671328594
2025/02/06,1870.0,1898.0,1866.0,1892.0,112500,102.8345546890142,102.62886305662991,1.0124881912651695
2025/02/07,1883.0,1900.0,1849.0,1849.0,86600,101.94654724400833,101.88017653739605,0.9879282727498268
