date,open,high,low,close,volume,rs_nikkei,rs_topix,rs
2014/03/26,728.0,728.0,720.0,725.0,57800,-1.0,-1.0,-1.0
2014/03/27,724.0,724.0,697.0,716.0,71500,-1.0,-1.0,-1.0
2014/03/28,731.0,735.0,726.0,735.0,48300,-1.0,-1.0,-1.0
2014/03/31,762.0,772.0,746.0,762.0,74500,-1.0,-1.0,-1.0
2014/04/01,753.0,753.0,737.0,742.0,36400,-1.0,-1.0,-1.0
2014/04/02,748.0,748.0,714.0,735.0,39400,-1.0,-1.0,-1.0
2014/04/03,738.0,743.0,729.0,733.0,21800,-1.0,-1.0,-1.0
2014/04/04,727.0,733.0,719.0,721.0,18600,-1.0,-1.0,-1.0
2014/04/07,714.0,714.0,710.0,711.0,13800,-1.0,-1.0,-1.0
2014/04/08,703.0,713.0,702.0,704.0,19900,-1.0,-1.0,-1.0
2014/04/09,700.0,703.0,691.0,693.0,24500,-1.0,-1.0,-1.0
2014/04/10,696.0,711.0,696.0,702.0,13800,-1.0,-1.0,-1.0
2014/04/11,694.0,705.0,690.0,696.0,19400,-1.0,-1.0,-1.0
2014/04/14,691.0,697.0,680.0,684.0,11400,-1.0,-1.0,-1.0
2014/04/15,693.0,705.0,689.0,691.0,16700,-1.0,-1.0,-1.0
2014/04/16,699.0,707.0,692.0,697.0,9800,-1.0,-1.0,-1.0
2014/04/17,703.0,704.0,690.0,700.0,20800,-1.0,-1.0,-1.0
2014/04/18,702.0,720.0,701.0,715.0,15300,-1.0,-1.0,-1.0
2014/04/21,714.0,723.0,712.0,721.0,6900,-1.0,-1.0,-1.0
2014/04/22,723.0,723.0,704.0,707.0,7800,-1.0,-1.0,-1.0
2014/04/23,707.0,721.0,696.0,704.0,18500,-1.0,-1.0,-1.0
2014/04/24,700.0,717.0,693.0,698.0,6200,-1.0,-1.0,-1.0
2014/04/25,694.0,704.0,691.0,694.0,13600,-1.0,-1.0,-1.0
2014/04/28,701.0,706.0,690.0,704.0,17100,-1.0,-1.0,-1.0
2014/04/30,706.0,707.0,694.0,698.0,24200,-1.0,-1.0,-1.0
2014/05/01,705.0,712.0,700.0,707.0,16500,-1.0,-1.0,-1.0
2014/05/02,701.0,707.0,701.0,705.0,5000,-1.0,-1.0,-1.0
2014/05/07,705.0,706.0,703.0,703.0,21900,-1.0,-1.0,1.064751312893134
2014/05/08,715.0,739.0,714.0,735.0,83500,-1.0,-1.0,1.1353464364086627
2014/05/09,741.0,757.0,741.0,753.0,71500,-1.0,-1.0,1.143482452438317
2014/05/12,757.0,771.0,754.0,763.0,81500,-1.0,-1.0,1.1452506701327811
2014/05/13,768.0,777.0,766.0,776.0,60400,-1.0,-1.0,1.1537070108479761
2014/05/14,774.0,777.0,771.0,775.0,42200,-1.0,-1.0,1.1379036644845923
2014/05/15,770.0,772.0,758.0,771.0,36400,-1.0,-1.0,1.1243965810424708
2014/05/16,770.0,770.0,758.0,758.0,40400,-1.0,-1.0,1.1511423920191513
2014/05/19,758.0,762.0,731.0,746.0,53700,-1.0,-1.0,1.0567877084453783
2014/05/20,749.0,760.0,737.0,756.0,36900,-1.0,-1.0,1.0729528345608874
2014/05/21,750.0,750.0,741.0,745.0,36500,-1.0,-1.0,1.0662716718632799
2014/05/22,747.0,764.0,747.0,764.0,43600,-1.0,-1.0,1.0731771158530026
2014/05/23,765.0,772.0,763.0,771.0,32300,-1.0,-1.0,1.0856166820135955
2014/05/26,770.0,773.0,760.0,773.0,43500,-1.0,-1.0,1.0634672637095606
2014/05/27,771.0,781.0,769.0,780.0,55200,-1.0,-1.0,1.0689837980019727
2014/05/28,780.0,784.0,772.0,772.0,55400,-1.0,-1.0,1.0575430863349016
2014/05/29,775.0,788.0,773.0,787.0,40900,-1.0,-1.0,1.08007699661992
2014/05/30,784.0,789.0,784.0,789.0,49000,-1.0,-1.0,1.0777611454068743
2014/06/02,788.0,790.0,786.0,789.0,29900,-1.0,-1.0,1.0360757261851603
2014/06/03,790.0,792.0,766.0,784.0,44200,-1.0,-1.0,1.0115456386647255
2014/06/04,780.0,790.0,780.0,787.0,34300,-1.0,-1.0,1.0115718501707351
2014/06/05,791.0,792.0,784.0,784.0,40500,-1.0,-1.0,1.009896036912623
2014/06/06,785.0,794.0,784.0,793.0,33800,-1.0,-1.0,1.0194982127483292
2014/06/09,794.0,803.0,793.0,799.0,38100,-1.0,-1.0,0.9512723746354234
2014/06/10,799.0,814.0,799.0,812.0,46700,-1.0,-1.0,0.9641156656078677
2014/06/11,812.0,826.0,809.0,823.0,49200,-1.0,-1.0,0.9656408417349547
2014/06/12,825.0,828.0,820.0,827.0,40200,-1.0,-1.0,0.9723463100422489
2014/06/13,827.0,833.0,823.0,831.0,63600,-1.0,-1.0,0.9751468176385936
2014/06/16,830.0,835.0,825.0,825.0,40700,-1.0,-1.0,0.9838336988289407
2014/06/17,829.0,836.0,825.0,831.0,48400,-1.0,-1.0,0.9891314335087125
2014/06/18,839.0,844.0,834.0,842.0,42900,-1.0,-1.0,0.9862835642109524
2014/06/19,842.0,843.0,832.0,843.0,45000,-1.0,-1.0,0.9769697487896106
2014/06/20,843.0,844.0,835.0,837.0,36600,-1.0,-1.0,0.9937968429762687
2014/06/23,822.0,822.0,796.0,815.0,70600,-1.0,-1.0,0.9321791149719089
2014/06/24,811.0,814.0,807.0,810.0,28200,-1.0,-1.0,0.9294347591511258
2014/06/25,804.0,806.0,775.0,786.0,67700,-1.0,-1.0,0.8660638493456606
2014/06/26,787.0,791.0,784.0,787.0,16400,-1.0,-1.0,0.8613615550514937
2014/06/27,798.0,798.0,784.0,792.0,26100,-1.0,-1.0,0.8755537547439418
2014/06/30,782.0,803.0,781.0,798.0,41800,-1.0,-1.0,0.880849189512023
2014/07/01,800.0,813.0,799.0,799.0,63900,-1.0,-1.0,0.8686911207967238
2014/07/02,810.0,813.0,804.0,807.0,34100,-1.0,-1.0,0.8717780701036508
2014/07/03,807.0,816.0,807.0,814.0,45200,-1.0,-1.0,0.9014943187968246
2014/07/04,820.0,836.0,820.0,834.0,46600,-1.0,-1.0,0.9345575814764484
2014/07/07,834.0,834.0,823.0,824.0,51100,-1.0,-1.0,0.9134827021382282
2014/07/08,821.0,828.0,815.0,821.0,41400,-1.0,-1.0,0.9138724484188855
2014/07/09,818.0,824.0,818.0,821.0,25800,-1.0,-1.0,0.9186245436462781
2014/07/10,821.0,823.0,790.0,811.0,59800,-1.0,-1.0,0.9076333343966869
2014/07/11,809.0,814.0,802.0,805.0,46400,-1.0,-1.0,0.9026506704950407
2014/07/14,806.0,820.0,806.0,818.0,31400,-1.0,-1.0,0.9068325312912905
2014/07/15,827.0,829.0,822.0,823.0,39900,-1.0,-1.0,0.9040516551057344
2014/07/16,823.0,829.0,817.0,822.0,26300,-1.0,-1.0,0.9021374640729846
2014/07/17,822.0,825.0,819.0,824.0,20000,-1.0,-1.0,0.9009419210314434
2014/07/18,824.0,825.0,817.0,820.0,37000,-1.0,-1.0,0.9108647339128525
2014/07/22,820.0,826.0,820.0,825.0,20800,-1.0,-1.0,0.968053856265698
2014/07/23,835.0,835.0,829.0,833.0,24200,-1.0,-1.0,0.97290072507533
2014/07/24,833.0,836.0,824.0,829.0,45500,-1.0,-1.0,0.9729349213650695
2014/07/25,827.0,829.0,815.0,820.0,20500,-1.0,-1.0,1.0163787633318615
2014/07/28,820.0,820.0,813.0,814.0,8600,-1.0,-1.0,1.000708912507882
2014/07/29,814.0,818.0,812.0,816.0,10200,-1.0,-1.0,0.9998824044639526
2014/07/30,829.0,829.0,810.0,814.0,22700,-1.0,-1.0,0.9942570854406596
2014/07/31,806.0,806.0,798.0,798.0,30600,-1.0,-1.0,1.0000510608838487
2014/08/01,790.0,794.0,790.0,790.0,12000,-1.0,-1.0,0.9990132271916607
2014/08/04,780.0,787.0,774.0,785.0,15100,-1.0,-1.0,0.9749791863719947
2014/08/05,782.0,785.0,777.0,777.0,10000,-1.0,-1.0,0.9775739934165786
2014/08/06,776.0,778.0,760.0,761.0,17700,-1.0,-1.0,0.9730337055551502
2014/08/07,761.0,787.0,761.0,779.0,9900,-1.0,-1.0,0.9858863466090616
2014/08/08,764.0,773.0,761.0,762.0,10600,-1.0,-1.0,0.9884726950200041
2014/08/11,769.0,774.0,765.0,771.0,11200,-1.0,-1.0,0.9725064709747386
2014/08/12,771.0,780.0,766.0,776.0,17500,-1.0,-1.0,0.9788798832949666
2014/08/13,778.0,787.0,778.0,781.0,32600,-1.0,-1.0,0.9801100213242516
2014/08/14,783.0,790.0,778.0,782.0,31700,-1.0,-1.0,0.9768548234945273
2014/08/15,784.0,792.0,775.0,783.0,22100,-1.0,-1.0,0.982261405844618
2014/08/18,783.0,789.0,781.0,782.0,11800,-1.0,-1.0,0.975730852329669
2014/08/19,795.0,795.0,775.0,782.0,21300,-1.0,-1.0,0.9697152492518963
2014/08/20,777.0,780.0,771.0,775.0,18400,-1.0,-1.0,0.9571770251458679
2014/08/21,775.0,780.0,775.0,778.0,14200,-1.0,-1.0,0.9517387531360135
2014/08/22,780.0,780.0,774.0,776.0,12900,-1.0,-1.0,0.9463028901599227
2014/08/25,775.0,775.0,770.0,772.0,11300,-1.0,-1.0,0.9713166111819094
2014/08/26,770.0,780.0,770.0,773.0,14100,-1.0,-1.0,0.9774498908965796
2014/08/27,773.0,775.0,773.0,775.0,8400,-1.0,-1.0,0.9782949808843415
2014/08/28,775.0,778.0,770.0,778.0,15900,-1.0,-1.0,0.9869904333796149
2014/08/29,772.0,776.0,771.0,771.0,17600,-1.0,-1.0,0.9924571010064457
2014/09/01,770.0,778.0,769.0,775.0,8000,-1.0,-1.0,1.0109671184347115
2014/09/02,772.0,787.0,770.0,777.0,22700,-1.0,-1.0,1.002787092428014
2014/09/03,777.0,778.0,772.0,778.0,17600,-1.0,-1.0,1.0000146961363736
2014/09/04,775.0,775.0,772.0,774.0,4500,-1.0,-1.0,0.9958657417842536
2014/09/05,772.0,775.0,772.0,773.0,4200,-1.0,-1.0,1.0121017881578385
2014/09/08,769.0,780.0,769.0,774.0,16400,-1.0,-1.0,0.9795733661443605
2014/09/09,776.0,776.0,773.0,774.0,5200,-1.0,-1.0,0.978434151298706
2014/09/10,770.0,779.0,770.0,777.0,14800,-1.0,-1.0,0.9756946767551788
2014/09/11,778.0,778.0,771.0,775.0,18000,-1.0,-1.0,0.9645147852977594
2014/09/12,776.0,780.0,774.0,776.0,69400,-1.0,-1.0,0.9631350507251025
2014/09/16,775.0,775.0,771.0,774.0,6100,-1.0,-1.0,0.966828762121103
2014/09/17,775.0,775.0,772.0,772.0,5000,-1.0,-1.0,0.970610969158012
2014/09/18,772.0,780.0,771.0,777.0,22400,-1.0,-1.0,0.9755281568367136
2014/09/19,775.0,781.0,772.0,781.0,30400,-1.0,-1.0,0.9836214313688773
2014/09/22,780.0,781.0,775.0,777.0,13000,-1.0,-1.0,0.9930007786972977
2014/09/24,782.0,782.0,775.0,779.0,16200,-1.0,-1.0,0.9991337690323312
2014/09/25,777.0,800.0,776.0,800.0,22200,-1.0,-1.0,1.009594616883052
2014/09/26,777.0,781.0,774.0,777.0,17300,-1.0,-1.0,1.0089247665112313
2014/09/29,789.0,789.0,776.0,779.0,16200,-1.0,-1.0,0.9977010706677704
2014/09/30,775.0,781.0,770.0,773.0,25600,-1.0,-1.0,1.0095575299239274
2014/10/01,765.0,778.0,765.0,771.0,14500,-1.0,-1.0,1.01290618376276
2014/10/02,765.0,767.0,736.0,740.0,42100,-1.0,-1.0,1.0102891216315015
2014/10/03,732.0,753.0,732.0,741.0,12800,-1.0,-1.0,1.0134625869085194
2014/10/06,742.0,746.0,739.0,743.0,14200,-1.0,-1.0,1.0018199647229844
2014/10/07,740.0,748.0,739.0,744.0,43400,-1.0,-1.0,1.0066439709948962
2014/10/08,736.0,739.0,735.0,736.0,10800,-1.0,-1.0,1.0165155036286975
2014/10/09,740.0,740.0,729.0,729.0,12800,-1.0,-1.0,1.0243953567632056
2014/10/10,715.0,716.0,703.0,715.0,23700,-1.0,-1.0,1.0188793396969416
2014/10/14,705.0,705.0,698.0,698.0,22400,-1.0,-1.0,1.0409560381962997
2014/10/15,700.0,703.0,697.0,698.0,7700,-1.0,-1.0,1.0332759084652154
2014/10/16,690.0,693.0,686.0,686.0,13600,-1.0,-1.0,1.0478273056693799
2014/10/17,686.0,700.0,677.0,677.0,21700,-1.0,-1.0,1.0478333346796953
2014/10/20,699.0,720.0,693.0,711.0,18300,-1.0,-1.0,1.0601372451781195
2014/10/21,726.0,726.0,702.0,703.0,26500,-1.0,-1.0,1.0660557919057168
2014/10/22,712.0,724.0,712.0,719.0,9400,-1.0,-1.0,1.0557911654693068
2014/10/23,719.0,721.0,712.0,717.0,8100,-1.0,-1.0,1.051988302457065
2014/10/24,725.0,725.0,716.0,718.0,9900,-1.0,-1.0,1.0445422716794224
2014/10/27,720.0,723.0,717.0,721.0,14000,-1.0,-1.0,1.007852011789631
2014/10/28,721.0,724.0,717.0,721.0,20700,-1.0,-1.0,1.0092898295666364
2014/10/29,729.0,729.0,718.0,720.0,29000,-1.0,-1.0,0.9936696270163036
2014/10/30,719.0,735.0,711.0,720.0,38900,-1.0,-1.0,0.9870427319885104
2014/10/31,720.0,749.0,714.0,737.0,51800,-1.0,-1.0,0.9468672971293365
2014/11/04,760.0,763.0,728.0,733.0,53400,-1.0,-1.0,0.9446374803863802
2014/11/05,722.0,731.0,715.0,719.0,41600,-1.0,-1.0,0.9170376925024921
2014/11/06,719.0,725.0,711.0,713.0,18400,-1.0,-1.0,0.9176028263645767
2014/11/07,720.0,725.0,715.0,719.0,16200,-1.0,-1.0,0.9151692127124853
2014/11/10,717.0,721.0,712.0,721.0,17400,-1.0,-1.0,0.9210263897663902
2014/11/11,721.0,722.0,714.0,722.0,13200,-1.0,-1.0,0.9112781253000237
2014/11/12,725.0,729.0,715.0,717.0,20300,-1.0,-1.0,0.90439585244663
2014/11/13,739.0,739.0,716.0,723.0,21900,-1.0,-1.0,0.9053683628417183
2014/11/14,745.0,745.0,726.0,731.0,25400,-1.0,-1.0,0.9192486994118315
2014/11/17,722.0,730.0,720.0,720.0,13100,-1.0,-1.0,0.9148308586898287
2014/11/18,723.0,732.0,719.0,731.0,27800,-1.0,-1.0,0.9122266325347841
2014/11/19,733.0,740.0,729.0,729.0,11200,-1.0,-1.0,0.9086483765957897
2014/11/20,730.0,732.0,727.0,727.0,8400,-1.0,-1.0,0.9027868819341041
2014/11/21,735.0,745.0,730.0,742.0,15800,-1.0,-1.0,0.9254114412465078
2014/11/25,749.0,759.0,744.0,759.0,25400,-1.0,-1.0,0.9845853978216277
2014/11/26,760.0,760.0,751.0,755.0,16900,-1.0,-1.0,0.9792641577400149
2014/11/27,755.0,758.0,747.0,750.0,21300,-1.0,-1.0,0.9822371527009454
2014/11/28,750.0,758.0,750.0,756.0,17400,-1.0,-1.0,0.9910299868750287
2014/12/01,760.0,769.0,760.0,765.0,23500,-1.0,-1.0,1.0464913328216179
2014/12/02,761.0,776.0,760.0,775.0,24800,-1.0,-1.0,1.058362796268023
2014/12/03,776.0,786.0,770.0,782.0,20300,-1.0,-1.0,1.0704960626211293
2014/12/04,787.0,800.0,780.0,799.0,26900,-1.0,-1.0,1.1526086587653908
2014/12/05,799.0,799.0,778.0,790.0,31200,-1.0,-1.0,1.1889674048487695
2014/12/08,790.0,790.0,781.0,787.0,11200,-1.0,-1.0,1.1336401186120342
2014/12/09,780.0,786.0,749.0,772.0,13000,-1.0,-1.0,1.005769638031081
2014/12/10,759.0,772.0,759.0,767.0,13700,-1.0,-1.0,1.0287061750476694
2014/12/11,759.0,765.0,749.0,755.0,15500,-1.0,-1.0,1.035833233890576
2014/12/12,747.0,757.0,747.0,750.0,32200,-1.0,-1.0,1.0385768047227641
2014/12/15,748.0,755.0,741.0,747.0,9900,-1.0,-1.0,1.0242197578663677
2014/12/16,736.0,752.0,710.0,712.0,50700,-1.0,-1.0,0.9379805565676786
2014/12/17,722.0,722.0,700.0,708.0,39200,-1.0,-1.0,0.9349116733052146
2014/12/18,723.0,723.0,709.0,710.0,30300,-1.0,-1.0,0.9511133346598966
2014/12/19,723.0,723.0,702.0,702.0,53300,-1.0,-1.0,0.9222401750016783
2014/12/22,710.0,713.0,702.0,713.0,30800,-1.0,-1.0,0.9061083214780179
2014/12/24,719.0,726.0,714.0,723.0,21500,-1.0,-1.0,0.9086516025145099
2014/12/25,726.0,730.0,723.0,729.0,16100,-1.0,-1.0,0.9152702925288071
2014/12/26,731.0,742.0,731.0,740.0,20500,-1.0,-1.0,0.9239758622604513
2014/12/29,747.0,758.0,733.0,754.0,34200,-1.0,-1.0,0.9369708007129769
2014/12/30,748.0,754.0,741.0,750.0,27900,-1.0,-1.0,0.9458446459868133
2015/01/05,750.0,757.0,741.0,752.0,18200,-1.0,-1.0,0.9264148243986542
2015/01/06,752.0,752.0,738.0,738.0,27800,-1.0,-1.0,0.9442405681001456
2015/01/07,732.0,735.0,727.0,730.0,13700,-1.0,-1.0,0.94449410835438
2015/01/08,728.0,737.0,728.0,737.0,16400,-1.0,-1.0,0.9795190830287048
2015/01/09,737.0,744.0,731.0,744.0,13300,-1.0,-1.0,0.9595509703981541
2015/01/13,749.0,749.0,731.0,739.0,12700,-1.0,-1.0,0.9598021395730704
2015/01/14,739.0,739.0,732.0,732.0,10000,-1.0,-1.0,0.9705892465512038
2015/01/15,746.0,746.0,731.0,744.0,11600,-1.0,-1.0,1.027078175014868
2015/01/16,730.0,734.0,719.0,724.0,20700,-1.0,-1.0,1.0545536112501206
2015/01/19,732.0,735.0,718.0,722.0,11300,-1.0,-1.0,1.099560242853741
2015/01/20,723.0,732.0,721.0,730.0,10000,-1.0,-1.0,1.0905987509502935
2015/01/21,737.0,737.0,731.0,731.0,10600,-1.0,-1.0,1.0920927134018787
2015/01/22,731.0,733.0,725.0,731.0,9100,-1.0,-1.0,1.0590975395239939
2015/01/23,736.0,738.0,734.0,738.0,7600,-1.0,-1.0,1.0568726756219973
2015/01/26,730.0,740.0,730.0,737.0,5800,-1.0,-1.0,0.9996891208663794
2015/01/27,740.0,745.0,739.0,745.0,11000,-1.0,-1.0,0.9879144045745898
2015/01/28,744.0,747.0,738.0,743.0,12700,-1.0,-1.0,0.9842683137593125
2015/01/29,749.0,750.0,742.0,747.0,16800,-1.0,-1.0,0.9897135215758287
2015/01/30,744.0,749.0,743.0,749.0,19400,-1.0,-1.0,0.9835162914652444
2015/02/02,745.0,749.0,742.0,745.0,11500,-1.0,-1.0,0.9853364853920372
2015/02/03,746.0,747.0,730.0,733.0,24500,-1.0,-1.0,0.9842124030162556
2015/02/04,731.0,742.0,730.0,742.0,18400,-1.0,-1.0,0.9771443416311476
2015/02/05,738.0,748.0,738.0,748.0,7900,-1.0,-1.0,0.9781523437412343
2015/02/06,744.0,749.0,744.0,747.0,8000,-1.0,-1.0,0.9788603386693092
2015/02/09,750.0,750.0,735.0,747.0,15300,-1.0,-1.0,0.970874637767915
2015/02/10,745.0,760.0,744.0,759.0,19900,-1.0,-1.0,1.0089118458322741
2015/02/12,766.0,785.0,760.0,771.0,28200,-1.0,-1.0,1.0248567435602445
2015/02/13,780.0,780.0,774.0,775.0,15500,-1.0,-1.0,1.0230873007509718
2015/02/16,775.0,775.0,768.0,773.0,13500,-1.0,-1.0,1.0353955028306725
2015/02/17,774.0,775.0,773.0,775.0,11300,-1.0,-1.0,1.0291736195782488
2015/02/18,775.0,788.0,775.0,782.0,23500,-1.0,-1.0,1.026077096200968
2015/02/19,787.0,787.0,781.0,786.0,22200,-1.0,-1.0,1.0368183057571552
2015/02/20,788.0,800.0,785.0,799.0,25300,-1.0,-1.0,1.0517894526941438
2015/02/23,800.0,800.0,795.0,800.0,14000,-1.0,-1.0,1.0515555782364443
2015/02/24,809.0,813.0,803.0,805.0,40200,-1.0,-1.0,1.0535748611517546
2015/02/25,810.0,813.0,805.0,811.0,15700,-1.0,-1.0,1.0627190522307963
2015/02/26,817.0,823.0,814.0,823.0,23900,-1.0,-1.0,1.0741853900372393
2015/02/27,829.0,835.0,802.0,828.0,39600,-1.0,-1.0,1.0581539346589905
2015/03/02,828.0,831.0,824.0,824.0,11300,-1.0,-1.0,1.0332889938441225
2015/03/03,825.0,826.0,811.0,812.0,8200,-1.0,-1.0,1.020679418855975
2015/03/04,809.0,815.0,805.0,806.0,10600,-1.0,-1.0,1.024518450576144
2015/03/05,807.0,818.0,802.0,802.0,8100,-1.0,-1.0,1.0095653566089415
2015/03/06,802.0,815.0,801.0,815.0,10200,-1.0,-1.0,0.9838789766399151
2015/03/09,815.0,819.0,810.0,815.0,6500,-1.0,-1.0,0.9829884358426481
2015/03/10,817.0,820.0,811.0,814.0,9600,-1.0,-1.0,1.0079930106142856
2015/03/11,812.0,819.0,811.0,816.0,11700,-1.0,-1.0,1.0094867188838483
2015/03/12,822.0,829.0,822.0,828.0,15300,-1.0,-1.0,0.9863434602346642
2015/03/13,830.0,838.0,826.0,830.0,39300,-1.0,-1.0,0.9725064743847357
2015/03/16,835.0,847.0,831.0,844.0,12700,-1.0,-1.0,0.9991100047814284
2015/03/17,847.0,847.0,836.0,838.0,19200,-1.0,-1.0,0.9873931214098518
2015/03/18,838.0,845.0,833.0,839.0,8800,-1.0,-1.0,0.9805927332504136
2015/03/19,844.0,844.0,834.0,834.0,13500,-1.0,-1.0,0.987784043785401
2015/03/20,842.0,842.0,829.0,836.0,15400,-1.0,-1.0,0.9959578045346963
2015/03/23,844.0,844.0,840.0,844.0,11100,-1.0,-1.0,0.9760754247203814
2015/03/24,842.0,842.0,830.0,835.0,21800,-1.0,-1.0,0.9716260591328396
2015/03/25,831.0,840.0,827.0,827.0,23600,-1.0,-1.0,0.9642404382747546
2015/03/26,827.0,834.0,801.0,817.0,25100,-1.0,-1.0,0.9631547906961793
2015/03/27,790.0,806.0,775.0,778.0,39300,-1.0,-1.0,0.9374811272955201
2015/03/30,830.0,836.0,808.0,827.0,54400,-1.0,-1.0,1.0019311977034857
2015/03/31,825.0,833.0,815.0,815.0,37300,-1.0,-1.0,1.008226305956969
2015/04/01,825.0,826.0,780.0,791.0,45800,-1.0,-1.0,0.9692461268224565
2015/04/02,806.0,821.0,801.0,810.0,34400,-1.0,-1.0,0.976043881730866
2015/04/03,802.0,809.0,795.0,799.0,19400,-1.0,-1.0,0.954022355576205
2015/04/06,795.0,800.0,792.0,798.0,12300,85.68368137057283,86.0690824285942,0.9603712824155218
2015/04/07,790.0,795.0,787.0,788.0,16200,83.24489226689465,83.28569659728035,0.9432312430565256
2015/04/08,788.0,795.0,787.0,792.0,20000,82.58039292516125,82.77075244912226,0.9398547650194534
2015/04/09,792.0,797.0,787.0,787.0,11800,80.40847203890924,80.83561320220713,0.9249176075974753
2015/04/10,788.0,793.0,788.0,789.0,18700,79.49415128079367,80.88049925959946,0.9289742785940535
2015/04/13,789.0,793.0,788.0,788.0,8900,80.50632885509467,82.26851301929602,0.9279814655682117
2015/04/14,788.0,794.0,788.0,794.0,14200,80.78468879351745,82.06049830293523,0.9290417592832881
2015/04/15,795.0,806.0,795.0,805.0,18900,83.80421511482484,84.7997351130134,0.942716001924445
2015/04/16,805.0,808.0,795.0,803.0,14800,83.16985742640513,83.67066722401172,0.9483323646439443
2015/04/17,804.0,810.0,801.0,806.0,20600,83.26410822600693,83.25777842121515,0.9638478388494801
2015/04/20,800.0,807.0,796.0,798.0,8400,81.80627979256255,81.91807382880863,0.9673397443766465
2015/04/21,794.0,805.0,794.0,796.0,22300,81.37029953103021,81.35101248889046,0.9504702911995785
2015/04/22,798.0,803.0,798.0,801.0,4200,82.20222901707159,82.34989386727045,0.9452885164377164
2015/04/23,800.0,810.0,797.0,800.0,29800,81.78275922148966,82.16835438084787,0.9478120425601606
2015/04/24,805.0,805.0,801.0,802.0,9700,83.29022129624384,83.52050676768093,0.9604759119228916
2015/04/27,800.0,804.0,791.0,796.0,19800,80.84463379958903,81.06058500474775,0.9087071735978883
2015/04/28,809.0,819.0,800.0,816.0,24200,83.36569622927527,83.5031703175646,0.9549267621640962
2015/04/30,808.0,808.0,795.0,800.0,43800,83.96783093736495,83.98524777313145,0.9633239106725968
2015/05/01,793.0,797.0,784.0,787.0,23000,82.63054708390564,83.24977017369127,0.9944974722574675
2015/05/07,783.0,793.0,778.0,779.0,30700,77.81301853827428,78.07834016093868,1.054613995872523
2015/05/08,779.0,784.0,763.0,764.0,35900,74.34274048407016,74.47826135541166,1.0145493995931079
2015/05/11,779.0,779.0,762.0,762.0,26000,72.01997977078544,72.3500418962031,1.0115433843837616
2015/05/12,763.0,770.0,763.0,768.0,11000,72.7482319535413,72.78436604665079,1.0127746891992317
2015/05/13,766.0,769.0,754.0,760.0,46900,71.47553235618656,72.32533911275002,1.0009633930569644
2015/05/14,756.0,761.0,752.0,752.0,24100,71.2605191880642,72.21239354625476,0.9972729131999862
2015/05/15,756.0,762.0,750.0,757.0,19800,71.34267465518175,72.02623864608012,0.9746945370074622
2015/05/18,765.0,769.0,758.0,763.0,26800,72.02326367907055,72.31247030667855,0.9703152726675037
2015/05/19,769.0,770.0,760.0,768.0,23700,71.39915784413687,71.73612307663633,0.9747753181265342
2015/05/20,775.0,776.0,768.0,772.0,20600,72.0473232028642,72.5161046872054,0.9737817818189904
2015/05/21,775.0,776.0,767.0,771.0,19800,71.61931540352379,71.65738694240613,0.9876536130369176
2015/05/22,772.0,777.0,769.0,771.0,12500,71.3673381065622,71.63516096732131,0.9922325451454482
2015/05/25,775.0,775.0,765.0,767.0,16300,70.97746144351832,71.44723842953479,0.9868308701605893
2015/05/26,770.0,770.0,762.0,762.0,26700,69.96339154262739,70.35138852001064,0.976418732082667
2015/05/27,759.0,767.0,755.0,766.0,50100,71.10450696755771,71.56060493264201,0.9820344442748483
2015/05/28,768.0,768.0,753.0,754.0,66100,68.44328892509103,68.76861143562564,0.8837009467337369
2015/05/29,752.0,763.0,752.0,762.0,188000,68.72318767941863,69.32734504025106,0.8849813513636555
2015/06/01,769.0,777.0,767.0,775.0,45400,71.32226571389613,71.4191929433389,0.9163499039915496
2015/06/02,791.0,792.0,773.0,775.0,94000,72.34350140571442,72.54085737543734,0.9206663582811914
2015/06/03,787.0,787.0,769.0,770.0,28700,72.00756854658066,72.2935721571441,0.9142545958862281
2015/06/04,770.0,774.0,767.0,767.0,35400,72.0043784482472,72.04890712834272,0.9086472931101269
2015/06/05,764.0,770.0,764.0,765.0,35000,71.08621046150347,71.44185725006234,0.9122890540045125
2015/06/08,766.0,778.0,766.0,767.0,27600,70.96909621295464,71.31974222045027,0.9493133941948447
2015/06/09,774.0,780.0,772.0,773.0,34200,71.03101766962523,71.56975732894915,0.9675643448694135
2015/06/10,773.0,781.0,773.0,774.0,29200,70.69746907470422,71.56838469289083,0.9708694504699161
2015/06/11,781.0,781.0,774.0,777.0,27200,69.01956869216289,70.52764686353085,0.959186300906346
2015/06/12,782.0,782.0,775.0,777.0,74100,69.17576117792315,70.42982078693856,0.9685653883933122
2015/06/15,785.0,785.0,776.0,779.0,41400,69.16220910415083,70.57467894108889,0.9786678273958951
2015/06/16,775.0,778.0,769.0,771.0,33600,68.5887732270697,70.05471674279148,0.9770692479354167
2015/06/17,778.0,778.0,767.0,772.0,33600,68.54422559644999,70.10475761634012,0.9811189922857608
2015/06/18,780.0,783.0,764.0,766.0,75600,69.8223720749508,71.32763316674519,0.9799219297345105
2015/06/19,765.0,767.0,760.0,764.0,59900,69.44847077683356,71.01425239238527,0.9721738338751985
2015/06/22,762.0,764.0,759.0,762.0,48900,70.34301790659498,71.88206551248632,0.9781896311776421
2015/06/23,761.0,766.0,757.0,766.0,35100,69.87694734783642,71.5577324719933,0.9639356774866915
2015/06/24,771.0,792.0,768.0,789.0,67100,73.43711650700526,75.34078589933152,1.0552591781504235
2015/06/25,786.0,788.0,777.0,778.0,25000,72.85702781702126,74.74858768153166,1.0506659092155195
2015/06/26,776.0,788.0,774.0,788.0,23300,72.532859204935,74.79295271206637,1.0572964090773365
2015/06/29,780.0,790.0,777.0,778.0,79700,73.50638611102633,75.75712338785685,1.0888120891929671
2015/06/30,780.0,791.0,777.0,788.0,50700,74.69560525492068,77.19037904348053,1.0990584502486436
2015/07/01,788.0,789.0,777.0,780.0,22300,73.07540579567771,75.64905033184345,1.0848364820374505
2015/07/02,789.0,799.0,780.0,796.0,19100,73.1338429715334,75.85767309715291,1.1029184149949693
2015/07/03,803.0,803.0,791.0,795.0,25500,71.6426498038387,74.15690724602571,1.11262018633408
2015/07/06,790.0,793.0,782.0,786.0,24100,72.94205673286812,75.34417468538099,1.1326878000647793
2015/07/07,782.0,796.0,782.0,794.0,18600,72.68521981667745,75.3557170844017,1.139937161113582
2015/07/08,793.0,794.0,782.0,784.0,20900,74.03623534993679,76.6864646564412,1.309916528200917
2015/07/09,773.0,790.0,766.0,785.0,39400,74.17915617897893,77.14964141746475,1.3433675803951466
2015/07/10,781.0,788.0,766.0,767.0,54800,73.04522820839671,75.52264185097137,1.2552696767210532
2015/07/13,779.0,784.0,777.0,780.0,11200,72.60516063623965,74.78561332952715,1.2642663827250855
2015/07/14,795.0,797.0,786.0,797.0,17400,73.13494628641291,75.26909799311454,1.3097039015486833
2015/07/15,797.0,805.0,791.0,804.0,25700,73.50967319248271,75.66166191186954,1.3472829757799831
2015/07/16,808.0,816.0,807.0,812.0,17100,73.52588850033838,75.5547305303951,1.3843502024108376
2015/07/17,812.0,818.0,808.0,817.0,10800,73.41098008366055,75.68933378937759,1.4224387988471086
2015/07/21,820.0,820.0,812.0,817.0,16300,72.90336124074568,75.32936288108704,1.4916677820101478
2015/07/22,814.0,818.0,811.0,814.0,13300,72.73559778122033,75.1111775107478,1.4840787208805268
2015/07/23,814.0,823.0,811.0,823.0,20200,73.36024761260569,75.72132621707276,1.5950513450612753
2015/07/24,829.0,836.0,824.0,830.0,32800,76.15837699745903,78.3264418194893,1.2986346854468829
2015/07/27,830.0,832.0,820.0,827.0,23700,77.52990172388606,79.77344169205716,1.3673999773974448
2015/07/28,830.0,837.0,825.0,835.0,32800,78.61583215643677,81.03643607541834,1.3969234972339744
2015/07/29,840.0,853.0,840.0,848.0,45700,80.28286602461425,82.39076260668243,1.4620073136194898
2015/07/30,863.0,874.0,852.0,873.0,42200,83.26769495826353,85.63608102340108,1.5700074316503583
2015/07/31,875.0,875.0,849.0,849.0,47800,81.04074022657832,82.97531968981711,1.320134213092727
2015/08/03,855.0,879.0,841.0,872.0,48000,83.65493605131947,85.41983717970574,1.3138866704157275
2015/08/04,875.0,905.0,875.0,903.0,74100,86.76594657498478,88.46850320555457,1.5572578604412435
2015/08/05,896.0,908.0,896.0,904.0,28400,87.36016049303929,89.22896476829504,1.5492740321673624
2015/08/06,907.0,930.0,903.0,919.0,38400,86.96047304138416,88.68570908564479,1.5722784660672857
2015/08/07,915.0,924.0,903.0,921.0,24100,86.18781595325164,88.40872518541335,1.5225718878448098
2015/08/10,921.0,930.0,909.0,930.0,25200,87.70769226646779,89.32883938452075,1.197107434797363
2015/08/11,930.0,980.0,921.0,970.0,76100,91.46212130352427,93.15670182507722,1.196424642368867
2015/08/12,961.0,968.0,940.0,949.0,31500,90.65083469676402,92.0681563079926,1.2402271856447815
2015/08/13,942.0,951.0,921.0,946.0,27400,89.95302991761287,92.14590187550489,1.239509296659402
2015/08/14,946.0,948.0,922.0,933.0,22400,88.95407963040088,90.96675722794912,1.215559297317342
2015/08/17,933.0,940.0,920.0,938.0,16900,89.13215620434065,91.15243498481274,1.2134246530189907
2015/08/18,941.0,941.0,923.0,935.0,11000,89.8713272587422,91.54187378091008,1.2154405677395166
2015/08/19,932.0,938.0,901.0,905.0,20600,89.24066431932299,90.64649193939755,1.1925096966789002
2015/08/20,905.0,905.0,892.0,903.0,23700,90.30070357864273,92.28781721368973,1.2089075705902959
2015/08/21,896.0,907.0,894.0,900.0,36300,92.72697097730828,94.82304822778232,1.2408688447322667
2015/08/24,890.0,909.0,867.0,870.0,50700,94.90074191263551,98.26877254726769,1.4024561802294593
2015/08/25,850.0,879.0,826.0,848.0,40800,95.62220874592516,98.39720482885525,1.5949065745951678
2015/08/26,847.0,875.0,830.0,869.0,25000,94.78807459737183,97.4928261974824,1.5955137844265692
2015/08/27,884.0,940.0,866.0,933.0,58200,99.81409522328407,102.36537231665687,1.8713176088532362
2015/08/28,945.0,948.0,919.0,923.0,46200,96.49449268576055,98.71708562370057,1.76246949086189
2015/08/31,923.0,923.0,907.0,914.0,16700,96.62223033387288,98.4472215838678,1.6104806253672443
2015/09/01,906.0,907.0,883.0,886.0,25200,98.3537669741165,100.05664212725935,1.6548849930384752
2015/09/02,864.0,919.0,860.0,893.0,33800,99.7669829907203,101.90410996641586,1.6639447976967983
2015/09/03,898.0,926.0,879.0,881.0,14500,98.13506635242167,100.04248907960518,1.3457703427573937
2015/09/04,889.0,897.0,850.0,868.0,30300,98.88808505019044,100.52699943523393,1.3562363826557742
2015/09/07,859.0,874.0,845.0,853.0,30400,96.90722776986968,98.99965601160623,1.274515843648356
2015/09/08,852.0,861.0,841.0,843.0,16800,98.4281015078146,99.9130095008312,1.2887176247014036
2015/09/09,860.0,872.0,846.0,864.0,22600,93.53307755450253,96.40036061684353,1.2298190736194277
2015/09/10,850.0,850.0,836.0,841.0,20700,94.3410191031289,96.17354887548534,1.0757900853739422
2015/09/11,850.0,870.0,838.0,861.0,62600,96.88452728210073,98.47251726205013,1.1380463181786056
2015/09/14,904.0,904.0,852.0,856.0,19200,97.94913445386945,99.13339219691309,1.1903461801146071
2015/09/15,863.0,878.0,851.0,866.0,18900,98.75928618108603,100.30315246043546,1.2077931606996972
2015/09/16,876.0,876.0,851.0,857.0,10600,97.06393600068505,98.37300210617573,1.1736407781999387
2015/09/17,861.0,882.0,850.0,873.0,19700,97.94101537044749,99.25133413882745,1.2322789325992245
2015/09/18,865.0,865.0,824.0,830.0,18600,95.98760313060617,96.79249823735516,1.175203600742764
2015/09/24,821.0,831.0,810.0,811.0,44000,94.465314227374,95.65326618639504,1.070367964893034
2015/09/25,815.0,822.0,792.0,809.0,42300,94.50665122332198,95.39108161692943,1.0496104313585732
2015/09/28,797.0,809.0,792.0,806.0,26500,95.64102377990919,96.17567459276069,0.9144453513936804
2015/09/29,806.0,806.0,782.0,784.0,29500,96.88635403465578,97.79308676076282,0.9364190599932396
2015/09/30,784.0,800.0,784.0,795.0,13600,95.36877003011939,96.32102485324616,0.9266374889799707
2015/10/01,802.0,809.0,790.0,804.0,16100,96.01702525098995,96.40445788400382,0.8917966900191759
2015/10/02,804.0,820.0,747.0,803.0,106400,96.03881032808552,96.1887882468443,0.9066586724205701
2015/10/05,812.0,823.0,805.0,812.0,36600,96.45219864887505,96.78073002540341,0.932472770955311
2015/10/06,823.0,836.0,810.0,831.0,44500,96.93952963190061,97.69628460904923,0.9492956381795974
2015/10/07,839.0,859.0,839.0,856.0,40200,98.99482958605513,99.29920760937257,0.957329443536909
2015/10/08,863.0,871.0,861.0,865.0,37000,101.24281740734293,100.98469304700637,0.9550873874441965
2015/10/09,873.0,873.0,863.0,873.0,30900,101.31777703836866,100.17535202846047,0.9892362712802291
2015/10/13,871.0,885.0,863.0,885.0,21900,103.85739058120085,102.42514106714906,0.9777153386167334
2015/10/14,872.0,879.0,862.0,863.0,26500,104.16826696011287,102.86253106178467,0.9903701652811077
2015/10/15,863.0,875.0,858.0,863.0,7500,102.4547842681752,100.88815555814936,0.970728408423186
2015/10/16,866.0,866.0,833.0,843.0,23000,98.92887996579607,97.34590982103298,0.9440962895969032
2015/10/19,841.0,854.0,836.0,842.0,7900,98.69951974519033,97.0009454092606,0.962972260747645
2015/10/20,836.0,842.0,820.0,825.0,8100,95.42099566507267,94.34798973777684,0.9294858674750394
2015/10/21,825.0,866.0,822.0,866.0,18400,98.64330325437241,97.53635346447939,0.9516842169529306
2015/10/22,856.0,860.0,841.0,844.0,9100,96.6619818982,95.54745595329122,0.937497523793549
2015/10/23,864.0,864.0,815.0,849.0,30200,96.04956566850936,94.90534171656185,0.9370972995880135
2015/10/26,860.0,865.0,853.0,864.0,25100,97.32799341516802,96.4116788903277,0.9516888818753997
2015/10/27,866.0,866.0,858.0,860.0,5300,97.38132071030572,96.77666005672916,0.9596671447022844
2015/10/28,865.0,875.0,858.0,874.0,11900,99.88202164404301,99.69142624873379,0.973238316587939
2015/10/29,883.0,894.0,879.0,891.0,26500,102.33058332642393,102.29645920458168,0.9468274799608162
2015/10/30,880.0,898.0,869.0,893.0,26800,104.21809341812703,103.70492550723458,0.951714849612556
2015/11/02,893.0,893.0,835.0,854.0,72400,105.15329680702273,104.42771930226155,0.9182498735316754
2015/11/04,867.0,885.0,863.0,880.0,56300,109.52638598004324,108.99082718237827,0.9313692474638134
2015/11/05,895.0,895.0,880.0,892.0,18600,109.89649154322471,109.11608485783061,0.9206425236870415
2015/11/06,893.0,893.0,871.0,890.0,14200,108.45780134147587,107.95618239581182,0.9096112617145266
2015/11/09,900.0,934.0,896.0,924.0,36600,109.48139232468841,109.55917410340965,0.9217502568319877
2015/11/10,916.0,930.0,906.0,913.0,30500,110.08025078576658,109.40761075400395,0.9121927091606803
2015/11/11,913.0,934.0,913.0,920.0,35700,112.05887339997285,110.7568438239731,0.9143852748249395
2015/11/12,930.0,936.0,925.0,934.0,17800,114.06719712711806,112.64167770493265,0.9242108479826427
2015/11/13,932.0,938.0,915.0,924.0,14700,112.81774502319166,111.62286575035574,0.9097654328692689
2015/11/16,915.0,931.0,906.0,927.0,13800,112.68493772974625,111.92229069760067,0.9662076663473689
2015/11/17,938.0,939.0,932.0,937.0,22300,113.25013898807079,112.72643122850316,0.9627713560139504
2015/11/18,939.0,945.0,921.0,936.0,23700,112.97113281352141,113.01950767156805,0.9616872238771478
2015/11/19,945.0,945.0,920.0,927.0,26400,111.08052554629265,111.35700181798288,0.9745581447363387
2015/11/20,940.0,940.0,921.0,932.0,8700,109.66983798029123,109.7017588593883,0.9610943311494855
2015/11/24,930.0,936.0,926.0,936.0,16400,107.74014062777194,108.20865087768775,0.97432302115006
2015/11/25,931.0,934.0,913.0,926.0,18500,107.42260862750253,108.16881418344073,0.9714718247909396
2015/11/26,920.0,927.0,912.0,918.0,11300,105.85504409506244,106.32617704328753,0.949847078995261
2015/11/27,933.0,933.0,914.0,924.0,11800,107.32187215746328,108.10930972365962,0.948217749070037
2015/11/30,912.0,927.0,901.0,921.0,33100,107.23956427994948,108.30913450651593,0.9952614483925587
2015/12/01,921.0,930.0,910.0,929.0,14100,105.79976788584638,106.84338543045837,0.9859601869117991
2015/12/02,928.0,928.0,918.0,919.0,15800,104.44763029162172,104.86628254598067,0.9822141153438652
2015/12/03,919.0,943.0,918.0,943.0,42400,105.87283516629546,106.06963084556152,1.023452263553549
2015/12/04,948.0,948.0,920.0,922.0,30100,107.23050826258722,107.19209332421266,1.0105582823812729
2015/12/07,930.0,936.0,921.0,930.0,12800,107.59687405548179,107.91057012419938,0.9982166680140364
2015/12/08,920.0,936.0,920.0,926.0,15000,109.61506556041778,109.80627079976142,1.0058527869311522
2015/12/09,931.0,997.0,931.0,980.0,52600,115.26898013934175,115.55266917886036,1.1046078306893063
2015/12/10,979.0,1029.0,969.0,1027.0,56800,123.2487536939169,123.37095314838781,1.205257146861844
2015/12/11,996.0,1005.0,981.0,982.0,58400,118.27676036514272,118.27018864028005,1.1928834022386139
2015/12/14,953.0,960.0,933.0,955.0,19200,115.76652277426133,115.41150683665977,1.2046263640357515
2015/12/15,945.0,959.0,922.0,926.0,14100,117.37286692874325,117.14361054372355,1.233388128668327
2015/12/16,935.0,960.0,935.0,959.0,20900,119.5945643760576,118.86158936477862,1.2302862626320494
2015/12/17,967.0,998.0,955.0,995.0,27700,124.61949898128452,123.2679844107373,1.261141981790794
2015/12/18,990.0,1000.0,940.0,940.0,47000,124.2737419554998,122.79695308125464,1.4358495394294435
2015/12/21,942.0,955.0,932.0,936.0,16700,122.3870498227396,121.14046545994785,1.4657653860723108
2015/12/22,937.0,982.0,937.0,976.0,28200,127.61348339114224,125.52349907034055,1.6219254629565683
2015/12/24,992.0,996.0,982.0,987.0,21200,128.3226875227061,126.29509761325926,1.6310351443731053
2015/12/25,978.0,985.0,957.0,957.0,9300,122.77785686455051,121.75945822949186,1.5940587202465542
2015/12/28,958.0,984.0,958.0,982.0,7400,122.34774365962633,121.33454107097201,1.6392055928160845
2015/12/29,992.0,1019.0,983.0,1019.0,38200,124.9051323615121,123.90497022787517,1.6907247997835795
2015/12/30,1008.0,1008.0,989.0,994.0,30400,120.89593167718778,119.69060209204498,1.6230836400170106
2016/01/04,1006.0,1021.0,989.0,995.0,21500,124.83960698864345,122.79742180515983,1.686747301640449
2016/01/05,981.0,986.0,961.0,961.0,24300,119.65141026423878,117.79233081655673,1.6304772459115935
2016/01/06,965.0,995.0,965.0,990.0,25700,125.880272298464,123.86235786028877,1.7079339136171405
2016/01/07,978.0,982.0,945.0,955.0,26100,125.20175237940856,122.44510660559371,1.6998680928244678
2016/01/08,955.0,960.0,946.0,952.0,21100,124.34030547521706,122.05653222166075,1.407136110497921
2016/01/12,931.0,935.0,903.0,925.0,25500,124.21505673800355,122.73531536226285,1.2190053488807702
2016/01/13,925.0,947.0,925.0,936.0,13300,121.23080754946565,120.41089270593052,1.1983303336869797
2016/01/14,921.0,932.0,903.0,916.0,16400,122.17387729083468,120.49669308301452,1.2440698553896665
2016/01/15,916.0,935.0,912.0,926.0,14300,125.79002416240792,124.3693682070585,1.2217221154747093
2016/01/18,930.0,938.0,926.0,929.0,10700,129.11596727975788,127.23155268613522,1.165462288619307
2016/01/19,959.0,959.0,918.0,929.0,15500,129.63351310948863,127.9211000441084,1.1611806663616073
2016/01/20,930.0,931.0,919.0,923.0,14600,132.91309033701762,131.135061888384,1.2069283772689647
2016/01/21,930.0,934.0,919.0,922.0,34200,136.45810054360058,134.65093712069614,0.9987666929387268
2016/01/22,928.0,992.0,928.0,991.0,19200,138.66237586486588,137.11856983362932,1.0709623206314072
2016/01/25,1000.0,1000.0,960.0,969.0,14000,134.2268176227589,132.37114852074907,1.0459574924263733
2016/01/26,954.0,962.0,947.0,950.0,7800,135.60176767105725,133.7181083716255,1.0497333315389044
2016/01/27,965.0,975.0,949.0,953.0,9800,132.98523135390818,130.93950621305407,1.0227186663889882
2016/01/28,968.0,973.0,953.0,965.0,19800,133.46466207170434,131.17669057572624,0.9942456581126617
2016/01/29,965.0,992.0,950.0,990.0,24200,133.35393992383317,130.6071803983819,1.044745421399621
2016/02/01,1095.0,1140.0,1092.0,1113.0,217300,146.82713138779735,143.88862640322728,1.3251582399512056
2016/02/02,1107.0,1110.0,1085.0,1100.0,78500,146.5611473636578,143.90339030193732,1.3179059799017043
2016/02/03,1095.0,1149.0,1091.0,1141.0,91000,158.13412209205788,154.94689484332358,1.4270346470083957
2016/02/04,1125.0,1145.0,1116.0,1119.0,65500,153.63296959876652,151.89330999990116,1.4855817311275132
2016/02/05,1097.0,1138.0,1097.0,1108.0,58000,155.63653478770462,153.55123252505564,1.4203605511054027
2016/02/08,1100.0,1108.0,1076.0,1102.0,65700,153.66258023671293,152.28017883090737,1.4484119131459965
2016/02/09,1067.0,1099.0,1067.0,1087.0,56400,157.16848674979428,156.7629141436653,1.5478306378546562
2016/02/10,1075.0,1086.0,1054.0,1065.0,69800,158.05500913552092,158.27185689143187,1.632442354327607
2016/02/12,1027.0,1027.0,996.0,996.0,85500,153.9634675927008,155.70661308119708,1.6869962077707599
2016/02/15,1015.0,1072.0,1015.0,1069.0,41300,155.4008323121393,156.18584133954818,1.6955574892379819
2016/02/16,1069.0,1095.0,1069.0,1072.0,51400,154.9740917053285,155.92577966543905,1.6906165872794434
2016/02/17,1077.0,1088.0,1072.0,1083.0,74400,159.15413244133387,160.11893560348028,1.7000759743093523
2016/02/18,1100.0,1135.0,1093.0,1119.0,93300,160.54360257195276,162.3152994285291,1.8783535389369408
2016/02/19,1124.0,1140.0,1111.0,1122.0,68400,161.22600177259986,163.09132719564045,1.8579981378874435
2016/02/22,1116.0,1131.0,1085.0,1112.0,53000,159.32554861414985,160.68720769230788,1.935459692878724
2016/02/23,1112.0,1142.0,1086.0,1127.0,79700,162.25262193925357,163.54097446502013,1.98293808284611
2016/02/24,1128.0,1139.0,1096.0,1135.0,68900,163.4233263959709,164.25653073912892,2.0279176657449436
2016/02/25,1135.0,1237.0,1125.0,1221.0,132800,172.67625174703392,172.65699488810313,2.1914208389239516
2016/02/26,1233.0,1259.0,1225.0,1246.0,125400,174.7405786259912,174.87905574007655,2.3379324006611975
2016/02/29,1240.0,1266.0,1200.0,1200.0,103800,171.07504204073055,171.11608406883533,1.5918788571680418
2016/03/01,1200.0,1210.0,1167.0,1179.0,98000,169.83643171336493,170.422886312562,1.541948718687887
2016/03/02,1186.0,1223.0,1186.0,1209.0,86300,167.52943143513158,168.6053748860782,1.527977651092535
2016/03/03,1221.0,1237.0,1215.0,1234.0,57200,170.11974972898804,171.24845021954454,1.5341729636100714
2016/03/04,1234.0,1263.0,1221.0,1262.0,58100,172.6496221181415,173.4786598659439,1.4669763181360826
2016/03/07,1268.0,1290.0,1268.0,1284.0,78300,175.0529361906046,177.19559421000181,1.5693751291437292
2016/03/08,1281.0,1295.0,1264.0,1282.0,74100,175.15425736212643,178.18149112112275,1.5781054032057664
2016/03/09,1282.0,1288.0,1227.0,1257.0,91100,173.3093051187379,176.39810630293425,1.5041540850151178
2016/03/10,1260.0,1305.0,1260.0,1289.0,78500,175.43347242286742,178.06465159831336,1.4962324838905154
2016/03/11,1285.0,1320.0,1268.0,1285.0,107100,175.98157765335384,177.713240922375,1.4379736889774377
2016/03/14,1292.0,1319.0,1284.0,1301.0,51200,172.14598448913188,174.05940166456344,1.4234553841170803
2016/03/15,1305.0,1313.0,1280.0,1284.0,40000,173.98860780481775,175.3797763484783,1.404936640596631
2016/03/16,1240.0,1271.0,1221.0,1234.0,74500,169.34859880606277,171.07533293997727,1.2578815033909558
2016/03/17,1244.0,1264.0,1238.0,1255.0,47000,173.04909760995994,174.49044803981096,1.1448847955798698
2016/03/18,1235.0,1250.0,1207.0,1207.0,73300,168.85484833495062,169.6523234493163,1.0889933789162205
2016/03/22,1208.0,1232.0,1191.0,1221.0,58200,169.08472539949597,169.46076662599697,1.0430539538178596
2016/03/23,1225.0,1251.0,1224.0,1240.0,22500,174.15091099314859,174.97819079601064,1.0570577367151315
2016/03/24,1250.0,1253.0,1232.0,1232.0,28600,173.81611057463374,174.64151542278162,1.0418754618877042
2016/03/25,1232.0,1241.0,1192.0,1209.0,38800,176.2630842379606,176.64039893604257,1.0045102556237386
2016/03/28,1211.0,1227.0,1208.0,1227.0,23500,168.0845405220763,167.25591522746606,0.8811994331055427
2016/03/29,1232.0,1237.0,1216.0,1220.0,29700,168.10312171090246,167.677956862829,0.8795811345412239
2016/03/30,1231.0,1249.0,1222.0,1247.0,48400,177.78434524911293,177.72235330858473,0.9104145822952393
2016/03/31,1250.0,1250.0,1183.0,1200.0,78500,170.7267983720709,170.9081111990852,0.886541891599023
2016/04/01,1243.0,1243.0,1155.0,1156.0,49000,173.95793625487593,173.89273090517923,0.903413633873787
2016/04/04,1156.0,1229.0,1156.0,1226.0,48900,184.83787173946106,184.06111347332234,0.9641385937627416
2016/04/05,1221.0,1231.0,1153.0,1162.0,31200,184.088543166806,183.52375719922568,0.940880497139173
2016/04/06,1144.0,1165.0,1116.0,1139.0,23200,181.09890859591636,180.19549966237042,0.9207180629862515
2016/04/07,1139.0,1179.0,1139.0,1167.0,21600,187.71348386534228,185.75077522469584,0.9264884035074628
2016/04/08,1140.0,1196.0,1127.0,1171.0,35700,186.74597397915434,183.20614228871202,0.905188622262539
2016/04/11,1161.0,1163.0,1137.0,1159.0,24200,185.8736044402274,182.30260691167516,0.8996309127606794
2016/04/12,1154.0,1164.0,1122.0,1125.0,27200,177.08904642085395,173.47101180894677,0.8629434345310953
2016/04/13,1125.0,1145.0,1124.0,1129.0,17300,170.11571704277213,167.2331477617954,0.8477207161780981
2016/04/14,1149.0,1163.0,1127.0,1150.0,30500,168.40467109969498,167.03077899848847,0.8460970166406317
2016/04/15,1143.0,1159.0,1129.0,1129.0,15800,163.39395131349983,163.4603090673336,0.8924130358268518
2016/04/18,1104.0,1128.0,1098.0,1111.0,13700,167.9517160646662,166.90947912902342,0.9326571033614587
2016/04/19,1139.0,1139.0,1116.0,1122.0,10600,166.3036686784554,166.37881527399594,0.9101539818320812
2016/04/20,1125.0,1134.0,1117.0,1124.0,16200,167.11174186525457,166.6278783701251,0.911335501167799
2016/04/21,1122.0,1159.0,1116.0,1152.0,20900,167.42024992484266,167.88737730325468,0.9307686406202764
2016/04/22,1155.0,1159.0,1125.0,1134.0,30800,161.09064569668286,162.6275837936244,0.8973434329686336
2016/04/25,1130.0,1130.0,1090.0,1094.0,24700,157.48632492884806,158.73567024754487,0.8847474609571956
2016/04/26,1092.0,1109.0,1086.0,1098.0,29300,155.53882108945947,157.35190033446463,0.8945747944372291
2016/04/27,1098.0,1166.0,1095.0,1161.0,35000,163.8381243822468,166.98233674059088,1.028487979579165
2016/04/28,1174.0,1200.0,1098.0,1110.0,33400,162.51009612355628,164.85741859684455,1.02356426985689
2016/05/02,1020.0,1050.0,996.0,1003.0,52400,153.82907824766403,155.96055271138803,0.8579698778422008
2016/05/06,1003.0,1019.0,960.0,986.0,40800,155.27876495060644,157.82894946961667,0.889504699882708
2016/05/09,990.0,1005.0,981.0,983.0,21800,156.0893072133835,157.7983293985147,0.8849122126836919
2016/05/10,990.0,990.0,950.0,957.0,40600,147.6251734435282,149.5676554657653,0.8461719968761751
2016/05/11,962.0,983.0,952.0,958.0,21100,150.2740494408926,151.55129439051444,0.8474861490658046
2016/05/12,965.0,977.0,954.0,959.0,37500,149.92641536255923,151.76987583786558,0.8805291447804935
2016/05/13,952.0,960.0,942.0,955.0,25200,151.68120913219926,153.57363246511594,0.9138876991873242
2016/05/16,945.0,965.0,945.0,951.0,15700,150.55597525130608,153.40386651797817,0.9149455812935251
2016/05/17,962.0,965.0,955.0,965.0,9700,151.1058505363963,153.6322310779033,0.914506197708168
2016/05/18,964.0,986.0,960.0,985.0,23100,154.81770428289846,156.6688929551907,0.9267082693470315
2016/05/19,996.0,1015.0,996.0,1012.0,18300,159.2986496476752,161.72551142189232,0.9682802477311029
2016/05/20,1006.0,1030.0,1006.0,1021.0,24800,160.34099647273595,162.4365273701068,0.97112412128872
2016/05/23,1006.0,1021.0,992.0,998.0,20500,159.48659575295224,161.26646034668258,1.000082789163734
2016/05/24,1000.0,1004.0,997.0,997.0,8300,162.0750733711386,163.69239695961514,1.0102476458217136
2016/05/25,995.0,995.0,961.0,969.0,29600,154.54759234638775,156.4997720109914,0.9113115215361224
2016/05/26,980.0,989.0,974.0,986.0,7900,160.23282305545018,162.894054124032,0.914466229719608
2016/05/27,998.0,1017.0,998.0,1013.0,16000,162.3809673859021,164.8192247083176,0.8177769457566388
2016/05/30,1008.0,1017.0,996.0,1007.0,13600,156.59438011045802,159.66538005318554,0.8915092045883152
2016/05/31,1006.0,1012.0,1000.0,1010.0,15700,155.33766418550343,158.12970556742704,0.8849529574710645
2016/06/01,1009.0,1010.0,995.0,1002.0,10000,157.12772009241684,159.54802750092296,0.8941707029877102
2016/06/02,993.0,1000.0,979.0,987.0,12800,159.18354762724246,161.7359009330482,0.9243018685957979
2016/06/03,987.0,1006.0,983.0,993.0,9600,159.58829188297068,161.82027436581342,0.9253676787621402
2016/06/06,982.0,989.0,963.0,983.0,26700,158.1316565874422,159.86086473194484,0.9098084088584625
2016/06/07,977.0,998.0,975.0,978.0,13000,152.4747407663375,154.22524144546279,0.8962083361449034
2016/06/08,980.0,1002.0,975.0,1000.0,17800,153.88160553600528,155.71451111048776,0.9131770233593813
2016/06/09,995.0,1003.0,986.0,994.0,5400,156.43670374781493,157.72111902991773,0.9646334698708615
2016/06/10,1000.0,1000.0,985.0,987.0,26800,156.1468881286053,157.64593197261263,0.9630270192885524
2016/06/13,975.0,978.0,955.0,955.0,19600,156.0255722560412,157.6548343764588,0.9697780248373784
2016/06/14,952.0,969.0,941.0,947.0,9200,156.89715995099155,158.3576917225676,0.970000982279071
2016/06/15,938.0,952.0,936.0,942.0,8700,154.9770780528116,156.09090764879895,0.9614463514645563
2016/06/16,952.0,952.0,915.0,920.0,18900,155.5633300008431,156.39038127473262,0.9514110710789224
2016/06/17,929.0,959.0,929.0,950.0,20800,160.8097204266494,162.13940749624996,0.9797729435655114
2016/06/20,961.0,991.0,961.0,987.0,16600,165.73528756829953,166.9340982448726,1.0202484454821843
2016/06/21,980.0,1010.0,971.0,1008.0,18200,169.35796345438737,170.49384367741226,1.0292003058269668
2016/06/22,1008.0,1020.0,996.0,1016.0,17500,167.26226113690495,168.39385961103446,1.0494667284930526
2016/06/23,1016.0,1016.0,949.0,1005.0,19300,165.2381545629033,166.19859128948966,1.0063459415345397
2016/06/24,1015.0,1040.0,933.0,958.0,33500,168.35994612941187,168.2608637566964,1.2159432021427758
2016/06/27,967.0,1017.0,967.0,1002.0,22500,169.1789537869946,170.72138907409732,1.3021061748175755
2016/06/28,1012.0,1034.0,1008.0,1024.0,19700,171.61089082157818,173.00814830615258,1.3251889971775759
2016/06/29,1028.0,1091.0,1026.0,1088.0,29200,182.1616544725104,182.94465402833723,1.5401343875617513
2016/06/30,1057.0,1069.0,1000.0,1001.0,42500,165.69048384336392,166.3742691237896,1.1348468298365244
2016/07/01,1010.0,1010.0,1000.0,1003.0,8800,165.23995234164133,166.15660620018613,1.1222972640372082
2016/07/04,1003.0,1018.0,998.0,1015.0,9600,164.6303706643542,165.80819023594967,1.1218935318519971
2016/07/05,1023.0,1023.0,1003.0,1018.0,15400,166.72792898908864,167.0421571994957,1.133077020550247
2016/07/06,1005.0,1023.0,992.0,1018.0,25000,166.64762332591823,166.48856236709597,1.1536840731158367
2016/07/07,1002.0,1012.0,1000.0,1005.0,8900,166.40284995597497,164.968454171001,1.1699418449150765
2016/07/08,1019.0,1019.0,978.0,978.0,15600,166.9507564876504,166.8910218514244,1.1104344679592215
2016/07/11,978.0,1022.0,978.0,1018.0,8900,166.910853021032,167.69025157521676,1.1176960395828894
2016/07/12,1031.0,1095.0,1031.0,1076.0,28700,170.98703301153353,172.0704428529591,1.252072284562827
2016/07/13,1098.0,1098.0,1029.0,1042.0,9700,163.39215281985452,164.10411182210572,1.1050813368023196
2016/07/14,1095.0,1100.0,1064.0,1096.0,18600,169.68921479893794,170.97161510200374,1.2327506173044003
2016/07/15,1100.0,1197.0,1098.0,1178.0,38300,180.48257873770862,182.04596779746933,1.690758783066438
2016/07/19,1162.0,1171.0,1137.0,1158.0,13700,176.64568326604189,178.19911076084992,1.4786653165225463
2016/07/20,1156.0,1180.0,1141.0,1177.0,16800,178.50095911583549,179.86665718884433,1.5410954831901662
2016/07/21,1177.0,1177.0,1095.0,1103.0,22500,164.90573489624495,166.59101003315783,1.0989014040081628
2016/07/22,1119.0,1123.0,1095.0,1117.0,8300,166.2841536619646,167.86528597384063,1.1197725259803368
2016/07/25,1111.0,1142.0,1106.0,1111.0,16000,164.48886342236253,166.02063593006906,0.9964848017977854
2016/07/26,1112.0,1127.0,1103.0,1105.0,10100,164.20825153899486,164.99236824070235,1.0071490863871921
2016/07/27,1123.0,1123.0,1107.0,1111.0,15200,159.6157963500466,161.9687681436765,0.9958744544829932
2016/07/28,1121.0,1122.0,1085.0,1109.0,19500,158.22701158072178,160.09976152727765,1.0004842292877754
2016/07/29,1079.0,1098.0,1063.0,1089.0,20600,159.3575885757656,160.9267325010283,0.9423152779461905
2016/08/01,1111.0,1123.0,1078.0,1112.0,9900,157.51331690247008,160.10913976849065,1.0618752581545456
2016/08/02,1093.0,1117.0,1093.0,1110.0,5000,153.88731802676185,156.92374952792863,1.0782693646188608
2016/08/03,1080.0,1105.0,1080.0,1094.0,11800,155.1109275892203,158.49096217770457,1.0925605501565023
2016/08/04,1095.0,1095.0,1051.0,1052.0,5700,145.5257459375623,149.32187488012264,1.0504438600728825
2016/08/05,1051.0,1052.0,1017.0,1024.0,6500,141.7598896303575,145.86937650106506,1.0050623466350186
2016/08/08,1042.0,1072.0,1034.0,1041.0,12400,139.88895178188912,145.0103517468993,1.0234662688926703
2016/08/09,1037.0,1057.0,1037.0,1047.0,5500,133.4066988562289,138.2601859377562,1.0167932137068512
2016/08/10,1067.0,1067.0,1051.0,1054.0,3900,135.33863398021916,140.7066475445025,1.0218989960350928
2016/08/12,1057.0,1155.0,1054.0,1152.0,15700,149.74014380796677,155.31454960473275,1.3945853903360503
2016/08/15,1141.0,1141.0,1086.0,1096.0,5700,142.82298233836755,148.4588739808961,1.1487654685008206
2016/08/16,1086.0,1094.0,1045.0,1045.0,13700,138.41851655062712,143.93492069172828,1.1234941928956326
2016/08/17,1044.0,1048.0,1010.0,1014.0,13700,135.3085566093951,140.87285089539205,1.0860672016668913
2016/08/18,1014.0,1038.0,1011.0,1013.0,11700,136.32119988110094,141.13022563113645,1.1026112972271789
2016/08/19,1013.0,1022.0,1000.0,1011.0,9400,131.95426820792196,136.37844255610352,1.079339854265077
2016/08/22,1011.0,1091.0,1011.0,1084.0,13900,139.17939882283116,141.5324295081231,1.4461950853340626
2016/08/23,1076.0,1088.0,1050.0,1052.0,10200,133.90255934374272,136.97223511531368,1.418994471614604
2016/08/24,1082.0,1082.0,1045.0,1045.0,4700,133.1464733435749,136.10580984672222,1.4046308377767667
2016/08/25,1041.0,1064.0,1038.0,1042.0,6300,125.29902690194736,128.47792687143027,1.3968050770706097
2016/08/26,1042.0,1057.0,1026.0,1028.0,4200,130.27098341993891,134.02472568031973,1.4151712852943583
2016/08/29,1080.0,1080.0,1053.0,1060.0,6600,130.89176751655017,135.73866149747607,1.3360680914136087
2016/08/30,1085.0,1086.0,1065.0,1082.0,7800,132.63861034385351,137.49864484334753,1.360389369256466
2016/08/31,1052.0,1075.0,1042.0,1073.0,14100,128.75190407139215,132.48840234902838,1.3359975288388923
2016/09/01,1073.0,1081.0,1061.0,1079.0,2500,131.5590158607144,135.07558079956058,1.2496782113810916
2016/09/02,1049.0,1075.0,1049.0,1069.0,9400,129.46146870938514,132.68856610385237,1.2239521840427896
2016/09/05,1069.0,1082.0,1051.0,1063.0,6600,130.63752202395978,134.05919223612642,1.2293484140090243
2016/09/06,1063.0,1140.0,1063.0,1104.0,16100,133.60660070663872,137.17011311820647,1.265651788607056
2016/09/07,1091.0,1120.0,1071.0,1096.0,11000,139.96075540626163,141.68834774026985,1.2606966748260886
2016/09/08,1096.0,1113.0,1072.0,1095.0,7900,140.49660976852857,143.12319969553295,1.2727660592655534
2016/09/09,1118.0,1118.0,1094.0,1095.0,13800,136.91113738835418,140.08322845144608,1.270026792819128
2016/09/12,1090.0,1099.0,1080.0,1090.0,3400,137.2098249484455,140.74378036005797,1.1441482710100668
2016/09/13,1100.0,1115.0,1091.0,1095.0,6900,136.24988319463787,139.75209454083722,1.1449942824852546
2016/09/14,1082.0,1117.0,1081.0,1083.0,15900,138.21663749879016,141.54435528769608,1.1422808130050288
2016/09/15,1087.0,1127.0,1077.0,1079.0,8100,138.8703483635942,141.7215231231371,1.1581469125024884
2016/09/16,1080.0,1105.0,1049.0,1049.0,12600,138.25129820663057,140.92542063029128,1.1152992476666546
2016/09/20,1061.0,1107.0,1061.0,1074.0,12600,141.09874274041348,143.49024856378543,0.9991710864628204
2016/09/21,1077.0,1136.0,1077.0,1135.0,15600,146.31396505141316,147.63794512742362,1.0107324717886224
2016/09/23,1139.0,1150.0,1110.0,1138.0,22100,150.12555044461382,151.5336885334162,1.0879840685834845
2016/09/26,1149.0,1156.0,1127.0,1135.0,8700,150.18617898449094,151.65878192422596,1.0743947474572075
2016/09/27,1149.0,1153.0,1118.0,1150.0,18900,148.85448489189577,149.54294075881796,1.0857385422893355
2016/09/28,1148.0,1148.0,1110.0,1140.0,7800,151.4324033633939,152.05859680329817,1.084058144383354
2016/09/29,1155.0,1178.0,1149.0,1174.0,16100,155.0180280461995,156.8351023590404,1.086171318483809
2016/09/30,1163.0,1169.0,1130.0,1143.0,13200,153.37636331804023,155.48441631578723,1.0895544540107986
2016/10/03,1156.0,1172.0,1139.0,1157.0,7300,154.56422608030132,156.75015888283923,1.1529281937494975
2016/10/04,1155.0,1180.0,1110.0,1161.0,16300,151.81971998404003,153.85004187473547,1.15500792597392
2016/10/05,1162.0,1184.0,1159.0,1169.0,12400,148.77518066370195,151.29386858584814,1.1574539519943985
2016/10/06,1180.0,1190.0,1178.0,1181.0,10100,146.56676671531866,149.38600705486408,0.9909357667104874
2016/10/07,1180.0,1180.0,1149.0,1175.0,7400,147.19509088944258,150.9883917964593,0.9970752883523811
2016/10/11,1177.0,1195.0,1164.0,1184.0,5400,143.29367092764576,148.26314308570377,0.9961190044313768
2016/10/12,1170.0,1190.0,1101.0,1141.0,18300,140.46475863075008,144.86769864216222,0.8396470880065031
2016/10/13,1140.0,1152.0,1117.0,1121.0,19600,140.1380761155408,144.25738967327194,0.8138056560466704
2016/10/14,1120.0,1120.0,1101.0,1102.0,14200,141.85557503258303,146.11809404218658,0.8164945434929584
2016/10/17,1106.0,1106.0,1094.0,1098.0,10900,139.90322549706207,144.1127053587976,0.8628634057009973
2016/10/18,1110.0,1110.0,1091.0,1099.0,12300,142.97741298740468,147.22592206145592,0.8630882750100054
2016/10/19,1105.0,1115.0,1104.0,1105.0,9700,139.27315619501837,143.54416084875223,0.8703324456652434
2016/10/20,1110.0,1137.0,1050.0,1128.0,18500,142.9573217737392,148.02234001800616,0.9241243653793811
2016/10/21,1128.0,1137.0,1121.0,1135.0,4400,146.45051464538622,151.5616510748599,0.9273081200209432
2016/10/24,1128.0,1135.0,1121.0,1125.0,9500,143.1480094291928,148.42936917932298,0.9312266494192046
2016/10/25,1137.0,1147.0,1127.0,1141.0,10800,143.46081197312307,148.64463021884762,0.9353023818684028
2016/10/26,1136.0,1139.0,1110.0,1110.0,21700,138.03753923326505,142.11084868774805,0.9104254532239009
2016/10/27,1110.0,1124.0,1110.0,1113.0,12600,136.4393476286819,139.8387290146395,0.9188545134727217
2016/10/28,1133.0,1133.0,1100.0,1110.0,41100,135.96100670368773,139.10014614264617,0.9325737933647474
2016/10/31,1100.0,1118.0,1080.0,1109.0,20200,139.23633490089,142.3465115150723,0.9279562107026562
2016/11/01,1109.0,1109.0,1071.0,1078.0,12300,132.92588605925798,135.44647535512053,0.9161855860973019
2016/11/02,1070.0,1071.0,1020.0,1026.0,17700,128.78592673932746,131.24443460503164,0.9095635616430896
2016/11/04,1030.0,1031.0,998.0,1000.0,19100,128.0466170080595,130.42245936491972,0.9060932198159949
2016/11/07,1003.0,1020.0,999.0,1000.0,11000,123.75919385847062,126.34495188795182,0.8988925064383929
2016/11/08,1001.0,1004.0,998.0,1000.0,10500,125.47471036643569,127.68278092370731,0.9010506485578045
2016/11/09,1002.0,1015.0,941.0,951.0,21200,125.24907933808645,126.73885977328602,0.5915623156031273
2016/11/10,1041.0,1043.0,990.0,994.0,20800,120.86395146363881,123.22015939343662,0.5518305613842374
2016/11/11,1004.0,1013.0,995.0,1003.0,12900,122.43257839344177,124.8958870815461,0.7302397235036593
2016/11/14,1002.0,1010.0,999.0,1003.0,11300,118.7355337644497,121.45512328556029,0.7459166483115393
2016/11/15,1003.0,1012.0,1000.0,1009.0,8300,119.64504989866671,121.7400283491705,0.7518500132889976
2016/11/16,1012.0,1030.0,1012.0,1030.0,16000,121.05162287012703,122.80526179253029,0.7785794761811698
2016/11/17,1020.0,1027.0,1010.0,1025.0,9900,122.93451098335714,124.3477500326793,0.7706739130356142
2016/11/18,1035.0,1035.0,1008.0,1018.0,14100,120.85332871387438,122.58746611420257,0.7400946549403887
2016/11/21,1019.0,1033.0,1015.0,1029.0,8000,120.97968871466726,122.35552322580124,0.623596247943793
2016/11/22,1031.0,1042.0,1026.0,1039.0,15100,121.77257311330465,123.15454438096944,0.6376513370451141
2016/11/24,1053.0,1053.0,1038.0,1046.0,8400,123.95582661847419,125.05391707690568,0.6216039970773132
2016/11/25,1055.0,1055.0,1026.0,1035.0,15100,121.17038547969128,121.94977715912769,0.6663608118840589
2016/11/28,1044.0,1071.0,1044.0,1070.0,12200,124.97884440244465,124.92711582865755,0.736510676826774
2016/11/29,1070.0,1070.0,1040.0,1056.0,14900,124.25939894530194,123.99452487603698,0.6844633029550341
2016/11/30,1052.0,1052.0,1040.0,1041.0,14600,123.35800907569478,123.5148873764403,0.6656456355928313
2016/12/01,1062.0,1062.0,1040.0,1049.0,15400,119.81388629895902,120.21560571212508,0.7568441606621464
2016/12/02,1042.0,1052.0,1034.0,1049.0,9800,120.43313482881362,121.16753037996197,0.9361099145590813
2016/12/05,1050.0,1050.0,1034.0,1041.0,15300,120.65242999382755,120.95847765930677,0.9839721300109976
2016/12/06,1048.0,1048.0,1033.0,1034.0,15900,118.54790212706632,118.58191377183726,0.9639807241497631
2016/12/07,1043.0,1044.0,1036.0,1043.0,9100,111.0569138123014,111.06664149337682,0.964517217031253
2016/12/08,1050.0,1050.0,1041.0,1046.0,15700,103.37561727953806,103.71240802325488,0.953059417279793
2016/12/09,1037.0,1057.0,1035.0,1057.0,17600,108.96399161659104,109.34162635521415,0.9717953408636613
2016/12/12,1057.0,1057.0,1045.0,1051.0,7800,108.49186144490439,109.79724422094239,0.9449476825345948
2016/12/13,1050.0,1060.0,1045.0,1060.0,18600,110.39983396100827,111.66899149285412,0.945210361624907
2016/12/14,1060.0,1063.0,1048.0,1062.0,7400,109.56873995465884,110.88645473790551,0.9505920973119023
2016/12/15,1061.0,1061.0,1048.0,1057.0,10200,106.67082329091386,107.74537943294564,0.9432355644025592
2016/12/16,1065.0,1065.0,1050.0,1057.0,18100,110.04528411098258,111.46278019288596,0.9192424602578637
2016/12/19,1048.0,1068.0,1046.0,1068.0,13000,111.30419277498444,112.79290302439864,0.9693935308901532
2016/12/20,1066.0,1066.0,1049.0,1053.0,13600,104.52540678224555,106.58552034364183,0.9470273984530242
2016/12/21,1053.0,1059.0,1051.0,1057.0,7400,103.48583134687294,105.61433816383614,0.9524178779483464
2016/12/22,1052.0,1054.0,1045.0,1054.0,11400,103.28145684944587,105.39098419495687,0.9409800517909048
2016/12/26,1069.0,1085.0,1068.0,1074.0,21000,106.41804640605517,108.7343835309645,0.9708027080253322
2016/12/27,1070.0,1072.0,1055.0,1069.0,13200,102.63146442972713,105.39640274525735,0.9660849223674612
2016/12/28,1076.0,1099.0,1076.0,1099.0,12100,108.46622448429355,111.31879119590002,1.0369663535898541
2016/12/29,1088.0,1099.0,1081.0,1099.0,27400,106.44750909743188,109.81794224582171,1.1082072892555268
2016/12/30,1100.0,1103.0,1092.0,1101.0,37400,106.81289542998798,110.00185471115995,1.1630626679744598
2017/01/04,1101.0,1101.0,1070.0,1092.0,32200,102.40590671976344,105.64533711360946,1.1009136495142644
2017/01/05,1089.0,1093.0,1085.0,1092.0,8500,104.07502294672295,107.16146687322625,1.112538738620183
2017/01/06,1087.0,1108.0,1070.0,1106.0,22700,105.68786123252592,108.24848029495855,1.1062521532555822
2017/01/10,1109.0,1129.0,1109.0,1128.0,19900,108.78889685978919,110.84809079816584,1.164921823585666
2017/01/11,1128.0,1134.0,1106.0,1113.0,11900,108.7841985310999,110.60325829893385,1.1114056384189246
2017/01/12,1119.0,1119.0,1081.0,1095.0,14600,107.71053431289897,109.50890988564024,1.0786590787985642
2017/01/13,1086.0,1106.0,1085.0,1095.0,10400,105.12913257850268,107.34775276066189,1.066145819871818
2017/01/16,1091.0,1105.0,1088.0,1096.0,11500,104.7567733498284,106.9767364666246,1.0642004024723375
2017/01/17,1087.0,1091.0,1085.0,1087.0,10100,106.02942399393828,107.80494779464559,1.0756038421447056
2017/01/18,1095.0,1095.0,1080.0,1086.0,7800,102.22757964283345,104.06705314830309,1.075773627953619
2017/01/19,1096.0,1106.0,1087.0,1090.0,20500,99.28459563330215,100.68631040765497,1.0864130973815358
2017/01/20,1086.0,1094.0,1085.0,1087.0,6800,97.19626707960015,98.29472714685456,1.0719493972089364
2017/01/23,1081.0,1081.0,1071.0,1072.0,6600,100.20478893372184,101.71855926803812,1.031241706696571
2017/01/24,1067.0,1073.0,1063.0,1069.0,4600,100.0740876429429,101.61230973711992,1.0351624044573795
2017/01/25,1088.0,1088.0,1069.0,1073.0,6600,101.40453421529459,103.64710085488946,1.0280259023609442
2017/01/26,1080.0,1098.0,1075.0,1085.0,9400,98.7537826084867,101.30749191455169,1.0251121557664093
2017/01/27,1093.0,1096.0,1081.0,1084.0,10700,98.53218065778559,101.21312397820385,0.9785597883946995
2017/01/30,1081.0,1084.0,1065.0,1074.0,14100,89.00489515959185,91.42666410144797,0.9871443640054036
2017/01/31,1049.0,1070.0,1049.0,1056.0,17000,89.49292854389465,91.60714215302916,0.9864788903919973
2017/02/01,1150.0,1274.0,1150.0,1234.0,163800,97.09832496538792,99.54976738362981,1.1959772545589402
2017/02/02,1260.0,1260.0,1204.0,1216.0,71700,97.92724508550657,99.9197804354256,1.2163748085260466
2017/02/03,1211.0,1238.0,1210.0,1237.0,35600,99.25800268471059,100.88209765976937,1.2207084581429195
2017/02/06,1250.0,1265.0,1238.0,1254.0,39200,101.96562359679417,103.31430652782426,1.1815198257050117
2017/02/07,1256.0,1265.0,1245.0,1261.0,26800,98.67543401716034,99.80007221239377,1.1868259586097047
2017/02/08,1261.0,1289.0,1258.0,1289.0,32600,100.05664010649747,100.45056684407673,1.1974536964061968
2017/02/09,1289.0,1293.0,1262.0,1273.0,34500,101.07600247937465,101.01948144731139,1.2009736411158418
2017/02/10,1282.0,1314.0,1282.0,1310.0,52300,101.4843721596965,101.73678886869628,1.2052389908253176
2017/02/13,1310.0,1327.0,1305.0,1321.0,37900,101.74983069459402,102.74436846884231,1.1903941541328364
2017/02/14,1321.0,1326.0,1307.0,1308.0,34000,101.81829173678712,102.82146834438433,1.2110979367185677
2017/02/15,1318.0,1318.0,1277.0,1282.0,40300,96.44146599416624,97.70543157594244,1.178947644011349
2017/02/16,1282.0,1292.0,1266.0,1270.0,27200,95.01175171773089,95.94253228851517,1.1596480068860542
2017/02/17,1267.0,1269.0,1241.0,1250.0,32300,92.48291170304415,93.17941941513858,1.160349821947175
2017/02/20,1247.0,1247.0,1225.0,1235.0,25300,92.94604552542125,93.32809510143926,1.144757823867736
2017/02/21,1237.0,1263.0,1235.0,1260.0,32900,92.59575812915777,92.79661219972242,1.1542026751482342
2017/02/22,1260.0,1260.0,1220.0,1228.0,31000,88.85458565732024,89.25510008319765,1.1236462758834231
2017/02/23,1231.0,1231.0,1213.0,1221.0,35100,83.32020405276623,84.0186345381526,1.1183555471208597
2017/02/24,1207.0,1211.0,1199.0,1206.0,32400,81.2543644225516,81.87484065282261,1.1297131147531683
2017/02/27,1200.0,1200.0,1176.0,1183.0,38600,82.68867742999655,83.40702683615807,1.1504529929495098
2017/02/28,1183.0,1188.0,1165.0,1168.0,40700,83.34871845601933,83.93646492804952,1.1449117545466074
2017/03/01,1169.0,1202.0,1169.0,1200.0,29800,85.7083640020306,86.25149060480979,1.147818446183265
2017/03/02,1211.0,1234.0,1208.0,1222.0,32400,85.84412504923992,86.64570681007407,1.1386737430789804
2017/03/03,1242.0,1245.0,1221.0,1234.0,35400,85.45445437707744,86.31527248875798,0.9499453852644308
2017/03/06,1236.0,1255.0,1236.0,1247.0,28400,84.7509230603249,85.06368371397107,0.8878553428423774
2017/03/07,1249.0,1259.0,1241.0,1243.0,32400,84.12148455448396,84.03132508673131,0.8753840294573559
2017/03/08,1244.0,1247.0,1237.0,1243.0,32200,85.47221203073897,84.98571213589014,0.8881111568190457
2017/03/09,1243.0,1249.0,1239.0,1246.0,27500,84.32384368277035,84.0727802356278,0.8873557268911598
2017/03/10,1250.0,1277.0,1250.0,1272.0,53500,85.52837317345262,85.48663124844309,0.8773639993987233
2017/03/13,1275.0,1293.0,1271.0,1292.0,32100,87.16893680473729,86.87738323808433,0.8860067531185379
2017/03/14,1275.0,1290.0,1266.0,1290.0,23800,87.6975767276638,87.5288328646292,0.8744694040395949
2017/03/15,1287.0,1288.0,1270.0,1276.0,21100,89.65544188145714,89.53074253551796,0.8615782275045529
2017/03/16,1270.0,1289.0,1260.0,1288.0,28800,88.72687523262815,88.68269477837059,0.8664742778003158
2017/03/17,1288.0,1319.0,1260.0,1319.0,41100,93.62321073992774,93.86977948111057,1.08526948046371
2017/03/21,1304.0,1312.0,1301.0,1310.0,23200,94.0139284408471,94.01092908403811,1.1098527704509127
2017/03/22,1290.0,1305.0,1285.0,1295.0,25300,93.24458482424295,93.10605613434454,1.1259921930136707
2017/03/23,1295.0,1307.0,1291.0,1302.0,23600,93.53854601928255,93.54202320115056,1.1084671898658567
2017/03/24,1302.0,1314.0,1295.0,1295.0,29300,94.54733864469965,94.77314006035614,1.1817969710243303
2017/03/27,1286.0,1288.0,1270.0,1271.0,11000,93.48566695068631,93.90004482025827,1.204248752364014
2017/03/28,1273.0,1291.0,1259.0,1291.0,34900,94.2510123166612,94.36454517834896,1.2122948323520655
2017/03/29,1279.0,1279.0,1257.0,1269.0,17900,89.38083650149972,89.504246338729,1.191595897083941
2017/03/30,1266.0,1266.0,1222.0,1226.0,28500,89.81575262031652,90.10201253826837,1.15044784192859
2017/03/31,1228.0,1230.0,1202.0,1202.0,42700,88.8843377214716,89.46091585011173,1.1789426318473704
2017/04/03,1205.0,1257.0,1205.0,1249.0,29600,86.52766521539377,87.48337835221714,1.1944341191558332
2017/04/04,1249.0,1273.0,1249.0,1269.0,23700,91.34136561435041,92.06566976504186,1.225516559307276
2017/04/05,1266.0,1290.0,1266.0,1286.0,29900,94.07422441836817,95.12890284881084,1.2404656281237616
2017/04/06,1286.0,1325.0,1284.0,1288.0,51400,93.47099396075109,94.89340807493207,1.2862467023175497
2017/04/07,1295.0,1319.0,1290.0,1309.0,36200,94.7570585694495,96.62173908205969,1.2931631877797036
2017/04/10,1309.0,1361.0,1309.0,1345.0,49200,97.23927035716801,99.03475895885617,1.3499769882613855
2017/04/11,1345.0,1347.0,1336.0,1339.0,27600,101.125086909132,103.43891675770456,1.3400383599175563
2017/04/12,1336.0,1336.0,1310.0,1319.0,23800,103.15542704989818,105.21358151283296,1.3337668878548044
2017/04/13,1314.0,1320.0,1289.0,1315.0,36400,104.94158544535168,106.79685577592424,1.3439662812239164
2017/04/14,1315.0,1317.0,1298.0,1300.0,25100,105.8041496033985,107.43827545656914,1.3375083692924972
2017/04/17,1300.0,1334.0,1300.0,1333.0,21400,106.39026652852432,108.0680327514633,1.1919642870924965
2017/04/18,1340.0,1377.0,1338.0,1375.0,41700,112.27493952747591,113.51313951878537,1.233935808529305
2017/04/19,1375.0,1383.0,1346.0,1346.0,42300,109.83893438687147,111.15342329638112,1.2007832986354017
2017/04/20,1358.0,1358.0,1334.0,1340.0,28300,109.58616032153485,110.06992302695741,1.195183938513062
2017/04/21,1350.0,1353.0,1338.0,1341.0,28400,111.59683012785055,111.81290916004514,1.1720454725352838
2017/04/24,1347.0,1377.0,1347.0,1368.0,35800,115.5288941740255,116.61388048935717,1.2176283274907842
2017/04/25,1380.0,1431.0,1377.0,1415.0,46000,117.21212898403093,118.05348058079612,1.2453245211552106
2017/04/26,1423.0,1428.0,1413.0,1419.0,27900,109.5564830640983,110.05016373135477,1.2234554615362365
2017/04/27,1419.0,1427.0,1411.0,1421.0,47100,110.82324414143609,111.67951092560789,1.2132621365735754
2017/04/28,1420.0,1420.0,1391.0,1396.0,28700,117.07362563349648,118.1170003503004,1.216946929079004
2017/05/01,1396.0,1398.0,1333.0,1335.0,34800,111.29827406812063,112.37105752823422,1.017371905804269
2017/05/02,1335.0,1342.0,1329.0,1334.0,31300,112.06305098753116,113.30391461235187,1.0093833090478481
2017/05/08,1354.0,1377.0,1352.0,1375.0,50300,114.00778176194963,115.2515916379468,0.9230676883315003
2017/05/09,1355.0,1367.0,1339.0,1340.0,32500,116.89123569866724,118.16755760739935,0.9000836425299537
2017/05/10,1335.0,1336.0,1321.0,1326.0,20900,115.31387541243096,116.50650572356203,0.8900608894176552
2017/05/11,1330.0,1330.0,1311.0,1312.0,17100,114.08793718750172,115.29108244628985,0.8750403795107935
2017/05/12,1312.0,1312.0,1285.0,1298.0,28300,112.18552271854361,113.51560258841866,0.868821057666668
2017/05/15,1298.0,1306.0,1288.0,1290.0,12700,112.41215300047722,113.46673721199527,0.8496374946849843
2017/05/16,1298.0,1305.0,1284.0,1289.0,23200,111.66767155016682,112.6328480003308,0.8473324930951094
2017/05/17,1287.0,1287.0,1269.0,1279.0,12300,109.0733315384457,110.28263747560109,0.8416718829887625
2017/05/18,1265.0,1268.0,1250.0,1255.0,14900,105.57420536023561,106.59049686982658,0.8288860545836313
2017/05/19,1255.0,1259.0,1244.0,1256.0,11800,105.09289664947859,105.95459987979896,0.8405461203299104
2017/05/22,1256.0,1258.0,1249.0,1254.0,6800,106.3442630335953,107.29875021308521,0.8369761817983707
2017/05/23,1250.0,1259.0,1247.0,1256.0,10500,105.97308023366085,106.76437126254612,0.8394848580786252
2017/05/24,1260.0,1261.0,1248.0,1248.0,9900,109.3159273413977,109.80373811624105,0.8315784400146697
2017/05/25,1257.0,1257.0,1237.0,1254.0,12100,107.66245960716094,108.20118524049502,0.8195809949132268
2017/05/26,1254.0,1256.0,1235.0,1237.0,11100,104.42229543719752,105.03458417614738,0.8364863890064711
2017/05/29,1263.0,1263.0,1242.0,1244.0,8600,107.12534860998673,107.46995068250216,0.9166385075710346
2017/05/30,1263.0,1263.0,1233.0,1252.0,18900,108.57156379048777,108.75807032336402,0.9208184153311245
2017/05/31,1247.0,1247.0,1237.0,1238.0,12400,106.60909657938976,107.30101354830947,0.9185217708175115
2017/06/01,1255.0,1272.0,1245.0,1263.0,13200,106.71697348054494,107.44518349166192,0.8636239599115527
2017/06/02,1271.0,1328.0,1234.0,1320.0,30000,109.64114991063623,110.25844851436779,0.977719168556274
2017/06/05,1315.0,1315.0,1287.0,1290.0,9100,107.86932240018791,108.60824883722545,0.9654850859668076
2017/06/06,1306.0,1314.0,1246.0,1259.0,16300,107.44126860787544,108.1156487038468,0.9522783993295448
2017/06/07,1269.0,1269.0,1254.0,1259.0,9900,106.03218014653271,106.49814537690396,0.9519424671409594
2017/06/08,1262.0,1270.0,1256.0,1261.0,9600,106.21057461040799,106.68028581319342,0.976392927669129
2017/06/09,1254.0,1279.0,1252.0,1256.0,18200,105.55974114592624,106.3919744484743,0.9810619518729469
2017/06/12,1251.0,1259.0,1245.0,1245.0,5200,104.89770258174713,105.21879540195982,0.9880777006731432
2017/06/13,1241.0,1257.0,1240.0,1244.0,4200,104.69366532378504,104.85250703127589,0.9865379642419048
2017/06/14,1244.0,1257.0,1234.0,1234.0,8300,104.88239408651461,105.10230656049553,0.9841575299498891
2017/06/15,1234.0,1247.0,1231.0,1234.0,9300,104.3871872927274,104.86243387257386,0.9888222126761371
2017/06/16,1242.0,1260.0,1242.0,1259.0,12900,103.6623634936523,103.86199066373443,0.9897164548542082
2017/06/19,1248.0,1260.0,1248.0,1257.0,6800,101.32031391079141,101.43520488750649,0.9836228459228016
2017/06/20,1258.0,1309.0,1258.0,1305.0,19300,103.47404114823789,103.57943378309746,1.0206034049491082
2017/06/21,1304.0,1304.0,1242.0,1266.0,24300,99.40467691384795,99.32642782862324,0.9850292012408828
2017/06/22,1266.0,1284.0,1266.0,1267.0,8200,101.7956844134353,101.67036191019203,0.9844670859565701
2017/06/23,1267.0,1284.0,1265.0,1279.0,7200,99.15246823971887,99.7969894634823,0.9984016782028179
2017/06/26,1285.0,1304.0,1271.0,1271.0,17800,96.35702042017947,96.44099077695736,0.9907562804731552
2017/06/27,1278.0,1299.0,1276.0,1295.0,13400,95.8135912304652,95.65748227515682,1.005079607717705
2017/06/28,1296.0,1315.0,1284.0,1286.0,11800,91.40282853667368,91.35150130500725,1.0038226900860558
2017/06/29,1300.0,1326.0,1289.0,1324.0,22100,101.8872922945565,101.46224375413999,1.0275240041062137
2017/06/30,1328.0,1328.0,1288.0,1312.0,29000,102.39820212299769,101.79927863286487,1.0270962394545244
2017/07/03,1312.0,1313.0,1244.0,1283.0,22900,99.42875829637275,98.80884117466316,0.966711437171147
2017/07/04,1288.0,1291.0,1260.0,1271.0,18200,97.65990558405383,97.46837108477753,0.957849878757081
2017/07/05,1276.0,1276.0,1253.0,1265.0,16200,95.16376174885814,94.75032409651233,0.9483391994091388
2017/07/06,1259.0,1272.0,1255.0,1256.0,9600,95.4858590016159,94.8485947328467,0.965066099839246
2017/07/07,1250.0,1280.0,1229.0,1234.0,17000,95.64592920641846,94.99188613474116,0.9479989851329029
2017/07/10,1240.0,1264.0,1240.0,1241.0,10800,95.36360566831097,94.76313900244988,0.9486944190516863
2017/07/11,1242.0,1256.0,1242.0,1250.0,5100,92.58744114946161,91.79575488874035,0.9441302785627352
2017/07/12,1250.0,1262.0,1249.0,1249.0,7400,96.80336393609939,96.2469283533369,0.9488854637128851
2017/07/13,1253.0,1254.0,1243.0,1249.0,6700,92.90304894918242,92.2850221354822,0.9508882369134571
2017/07/14,1262.0,1269.0,1249.0,1252.0,7700,87.15313634702211,86.11844074121316,0.9518774598581945
2017/07/18,1249.0,1258.0,1246.0,1250.0,6000,90.26006722384304,88.68763399300683,0.9589382493201698
2017/07/19,1246.0,1276.0,1246.0,1271.0,8000,89.97702138385878,88.60322340294009,0.9710816769525794
2017/07/20,1271.0,1285.0,1270.0,1280.0,7600,96.83880503758458,95.18152638756958,0.9183704164405011
2017/07/21,1278.0,1278.0,1267.0,1274.0,6600,94.35089536594234,92.89003277933637,0.9594102575496039
2017/07/24,1258.0,1278.0,1258.0,1277.0,9400,95.6343875222499,93.94528678124824,0.9626256187099524
2017/07/25,1277.0,1277.0,1252.0,1258.0,7000,93.46666995608642,92.01215303461954,0.9530248216552449
2017/07/26,1266.0,1273.0,1261.0,1268.0,5200,94.86106127560275,93.0630674735209,0.9539410513227167
2017/07/27,1272.0,1282.0,1220.0,1259.0,18500,93.15629042519667,91.20631922493818,0.9295127921302714
2017/07/28,1267.0,1277.0,1247.0,1277.0,17900,97.34403334788789,95.67435690400293,0.9501985307669464
2017/07/31,1275.0,1275.0,1250.0,1250.0,13200,93.85250735591771,91.79913962948648,0.9714172807139351
2017/08/01,1277.0,1280.0,1239.0,1276.0,27100,94.28090640381984,91.78043133707845,0.9852669442657255
2017/08/02,1278.0,1286.0,1274.0,1284.0,6700,94.00547764701234,91.34293146579581,0.9837249076973678
2017/08/03,1278.0,1283.0,1271.0,1283.0,6700,98.9760339463666,95.77010859292497,0.9838529472628029
2017/08/04,1279.0,1286.0,1275.0,1285.0,6800,102.23081681006994,98.44766996958234,0.9932350873353779
2017/08/07,1288.0,1309.0,1288.0,1308.0,16800,104.31437992064309,100.0675759430344,1.0244222013993223
2017/08/08,1306.0,1318.0,1295.0,1299.0,6200,104.02121082754886,99.9555811899314,1.0232339493910365
2017/08/09,1294.0,1295.0,1260.0,1263.0,8700,101.59510980541116,97.38244389469615,1.0314399235319647
2017/08/10,1264.0,1275.0,1259.0,1268.0,10000,94.39385386956126,90.0578700125381,1.0384114230053636
2017/08/14,1251.0,1260.0,1242.0,1243.0,11100,97.92740142122238,93.38122380931615,1.0339448495402943
2017/08/15,1251.0,1264.0,1244.0,1246.0,4800,100.17945031992315,95.79346494630076,1.024406039557709
2017/08/16,1241.0,1269.0,1241.0,1254.0,5700,104.966349956802,100.33766257542874,1.0362840734648
2017/08/17,1248.0,1269.0,1248.0,1263.0,3800,104.32424789322579,99.66103147777294,1.0466837074632551
2017/08/18,1244.0,1265.0,1244.0,1258.0,10500,105.74082246656485,100.93018837164406,1.035854570698551
2017/08/21,1258.0,1263.0,1257.0,1257.0,2600,99.24732690033167,94.76862511652581,1.0359786029553748
2017/08/22,1257.0,1273.0,1257.0,1268.0,4300,102.58365033134736,97.98631453136944,1.042050980214086
2017/08/23,1278.0,1279.0,1267.0,1273.0,8700,104.03346339787647,99.48503881980928,1.0406028943986365
2017/08/24,1269.0,1278.0,1267.0,1270.0,6000,104.26163533888963,99.84030232797497,1.05611163858837
2017/08/25,1285.0,1287.0,1272.0,1284.0,7600,105.050028826216,100.72838145438132,1.0591497127276084
2017/08/28,1283.0,1298.0,1283.0,1298.0,5100,105.37601842450188,100.49868429679098,1.0958112248192697
2017/08/29,1290.0,1309.0,1285.0,1309.0,6500,104.50216980641565,99.4037383621725,1.1060949786685792
2017/08/30,1315.0,1320.0,1306.0,1320.0,11100,106.50175317070587,101.73821467367287,1.103438851646369
2017/08/31,1320.0,1320.0,1297.0,1310.0,13200,104.60351898070937,100.38863550192785,1.0570358396378194
2017/09/01,1310.0,1310.0,1299.0,1309.0,3000,105.2518962540837,101.36963892587055,1.066122027048539
2017/09/04,1308.0,1308.0,1274.0,1279.0,12300,105.08195646150571,100.83366887667167,1.0113353435750103
2017/09/05,1280.0,1304.0,1278.0,1286.0,8700,102.64224734857403,99.04757459958381,1.0235583564550566
2017/09/06,1292.0,1300.0,1250.0,1281.0,12900,102.71771970389187,99.07818804331838,1.019214146792925
2017/09/07,1298.0,1298.0,1282.0,1290.0,4600,103.00211033477584,99.21161565393149,1.0236515512420141
2017/09/08,1284.0,1284.0,1248.0,1262.0,24100,101.44443410137856,97.19329234707482,0.9997490492769481
2017/09/11,1271.0,1287.0,1268.0,1287.0,7200,100.71889010002968,96.89684558128361,0.9980806093867747
2017/09/12,1300.0,1305.0,1285.0,1298.0,7800,100.27196460463261,96.36281540258716,0.9987218920087609
2017/09/13,1300.0,1303.0,1287.0,1299.0,5200,100.31241315436783,96.31287597419957,0.9943436953303519
2017/09/14,1296.0,1300.0,1292.0,1300.0,6300,99.78610203618751,96.04641846167593,1.006505271189331
2017/09/15,1300.0,1300.0,1286.0,1295.0,16300,102.4295592944151,98.78693712180159,0.9897238482125681
2017/09/19,1298.0,1300.0,1296.0,1300.0,12000,98.34076300314946,95.57628638529897,0.955774734767368
2017/09/20,1298.0,1320.0,1297.0,1319.0,18300,96.16906530846757,94.24657485764504,0.9713311088312726
2017/09/21,1312.0,1316.0,1256.0,1307.0,17700,94.56746008037354,92.8831310650952,0.9524528707009283
2017/09/22,1296.0,1301.0,1284.0,1295.0,9400,93.93478651268005,92.2586732132896,0.9536914693732582
2017/09/25,1300.0,1324.0,1296.0,1320.0,19000,94.33104513611788,92.87167987244821,0.962465413364094
2017/09/26,1320.0,1328.0,1295.0,1316.0,22300,93.91067681161333,92.30226896666764,0.9577822982974784
2017/09/27,1312.0,1326.0,1312.0,1326.0,10900,94.49752183963625,92.99854193801738,0.9670414660443885
2017/09/28,1346.0,1349.0,1326.0,1348.0,12900,94.13054056866113,92.01541329228269,0.9649203117913902
2017/09/29,1335.0,1345.0,1326.0,1338.0,13700,94.59608115827763,92.45864329654687,0.9633136205991638
2017/10/02,1338.0,1350.0,1335.0,1344.0,6500,94.51319138514495,92.36251217311175,0.9854230177331358
2017/10/03,1344.0,1350.0,1340.0,1349.0,6000,94.33189700846917,92.44679972326011,0.9795798925575699
2017/10/04,1345.0,1346.0,1329.0,1333.0,7200,92.98076093482331,91.23423364737336,0.9722627207077243
2017/10/05,1328.0,1328.0,1307.0,1317.0,5800,91.35462529515662,89.73866346605544,0.9522682105840283
2017/10/06,1327.0,1327.0,1313.0,1318.0,4800,91.40333427674501,89.79480965873388,0.9530903189795932
2017/10/10,1318.0,1322.0,1314.0,1322.0,4400,91.28655446318751,89.34000089763762,0.9720959444019298
2017/10/11,1326.0,1327.0,1315.0,1321.0,5600,93.36892345450852,91.59035141784139,0.9709201571357374
2017/10/12,1322.0,1333.0,1319.0,1333.0,6800,95.18872882476364,93.88478835587567,0.977119136909702
2017/10/13,1333.0,1370.0,1328.0,1333.0,36700,96.38198924405107,95.37442215973265,0.9797980309539679
2017/10/16,1346.0,1364.0,1342.0,1346.0,13100,97.46752917306327,96.44459845525948,0.9972629917109455
2017/10/17,1359.0,1366.0,1348.0,1362.0,11900,98.5331232816083,97.55355382876245,1.000355127993517
2017/10/18,1362.0,1364.0,1342.0,1349.0,7900,97.14210033709284,96.07160982957048,0.9894362053139738
2017/10/19,1343.0,1349.0,1336.0,1348.0,10600,96.03009292922418,94.68882857789852,0.9858399292150676
2017/10/20,1337.0,1350.0,1332.0,1341.0,14700,94.62156711306635,93.20754910052351,0.9674060305974981
2017/10/23,1361.0,1365.0,1346.0,1363.0,19000,96.23816256324244,94.93972172086094,0.9700915173269228
2017/10/24,1353.0,1392.0,1353.0,1388.0,10900,96.8780491639523,95.36448964159099,0.98228427946225
2017/10/25,1398.0,1412.0,1351.0,1355.0,27100,97.80242817710754,96.37213822650862,0.9556912627579456
2017/10/26,1359.0,1374.0,1359.0,1364.0,10000,97.72900586628927,96.56629376903422,0.9638486944673197
2017/10/27,1374.0,1405.0,1374.0,1396.0,18800,99.69630362490363,98.87778996070648,0.9612641076381957
2017/10/30,1397.0,1400.0,1368.0,1397.0,25600,99.7206617838991,99.09297985342698,0.9574721628795426
2017/10/31,1367.0,1397.0,1364.0,1371.0,18400,100.7797151042852,100.33401238116248,0.9407340583404902
2017/11/01,1371.0,1392.0,1365.0,1386.0,15200,103.24159602040923,103.46359431384542,0.9352913797547852
2017/11/02,1377.0,1377.0,1350.0,1365.0,11700,102.38117725980416,102.48760367430647,0.9250387679494205
2017/11/06,1384.0,1384.0,1350.0,1356.0,8100,103.29934012910039,103.08462285095862,0.9458789631915079
2017/11/07,1350.0,1358.0,1330.0,1358.0,14900,101.66161254882793,102.11380529314098,0.9355308411966342
2017/11/08,1341.0,1355.0,1338.0,1355.0,5500,101.05453365356634,101.997885380104,0.9322792184803192
2017/11/09,1356.0,1376.0,1347.0,1364.0,11800,104.0749234854419,104.1676147968882,0.9332968256646379
2017/11/10,1345.0,1363.0,1345.0,1362.0,4700,104.02207150701473,103.95250896130747,0.940013491773557
2017/11/13,1355.0,1355.0,1335.0,1348.0,5100,106.1232655376593,105.49850764501055,0.9128518319887003
2017/11/14,1348.0,1352.0,1332.0,1334.0,3800,104.37475397290021,104.27301531378824,0.8991215688980307
2017/11/15,1331.0,1335.0,1315.0,1316.0,11500,103.60303516793248,104.15074555052561,0.905139103989291
2017/11/16,1312.0,1328.0,1312.0,1323.0,8100,103.1530541515283,104.26315784372981,0.8806974974468424
2017/11/17,1329.0,1335.0,1317.0,1322.0,8100,104.17971941894034,105.1749397139863,0.9118048733918802
2017/11/20,1321.0,1342.0,1321.0,1328.0,7600,104.96540834430756,105.82826334539475,0.8992636623457677
2017/11/21,1328.0,1335.0,1325.0,1335.0,9000,104.10808282552067,105.01077198465241,0.9024856263009536
2017/11/22,1320.0,1326.0,1315.0,1316.0,13700,102.40904742542978,103.36135231357456,0.8875411505535494
2017/11/24,1311.0,1341.0,1311.0,1338.0,7300,105.37247488951924,106.33039402031442,0.9447559057007441
2017/11/27,1353.0,1356.0,1341.0,1341.0,6400,102.26781929521276,103.6613350021203,0.8505146489383775
2017/11/28,1350.0,1356.0,1337.0,1343.0,6900,103.54124512941158,105.3964233704767,0.8557265420044653
2017/11/29,1350.0,1356.0,1331.0,1349.0,11500,104.99264596518219,106.6085887723508,0.8734467685414335
2017/11/30,1349.0,1364.0,1343.0,1351.0,19000,104.91953316841563,106.59643507590559,0.963238236599387
2017/12/01,1365.0,1389.0,1351.0,1373.0,11600,105.68925147960499,107.67853357301182,0.9893414844027654
2017/12/04,1379.0,1393.0,1378.0,1390.0,13400,107.46286098667674,109.61989588618748,1.0933626104539893
2017/12/05,1400.0,1407.0,1392.0,1406.0,20900,110.36006276067067,112.15425884262737,1.1040977492115263
2017/12/06,1405.0,1410.0,1385.0,1386.0,13000,110.83306921915491,112.20128312908216,1.100309724100331
2017/12/07,1394.0,1408.0,1394.0,1401.0,8100,111.7175506445381,113.42639907836431,1.1204217868865236
2017/12/08,1341.0,1396.0,1341.0,1392.0,30200,109.67029717233687,111.3691930546465,1.0635038240028507
2017/12/11,1387.0,1399.0,1384.0,1399.0,6000,111.15486240014205,112.4172370833235,1.0326637816148199
2017/12/12,1400.0,1400.0,1373.0,1385.0,10800,110.00006592915072,110.87646066642503,1.0137155234025232
2017/12/13,1399.0,1404.0,1392.0,1404.0,15800,111.84571048751361,112.33462586330367,1.0246412731653531
2017/12/14,1408.0,1411.0,1394.0,1411.0,18200,113.37034992861945,113.89563556685367,1.04468227391037
2017/12/15,1404.0,1460.0,1404.0,1458.0,30700,118.6592103170844,119.26356995964002,1.0864317711582232
2017/12/18,1469.0,1484.0,1452.0,1480.0,16300,117.33702103220773,118.08336284633458,1.0552935289921777
2017/12/19,1480.0,1492.0,1452.0,1454.0,12900,117.7119680711012,118.08881953183494,1.024847809487908
2017/12/20,1450.0,1469.0,1450.0,1457.0,7300,117.08538706912186,116.9359583326067,1.025129584042737
2017/12/21,1449.0,1463.0,1445.0,1461.0,8900,117.77096252801564,117.41200899138029,1.030421078199723
2017/12/22,1465.0,1486.0,1465.0,1483.0,11200,116.94335601418054,116.11813047713018,1.058776374197314
2017/12/25,1490.0,1513.0,1489.0,1508.0,16200,118.72595628687166,117.89192298043523,1.0769401920181525
2017/12/26,1508.0,1524.0,1506.0,1515.0,12600,120.118064852872,119.16464350098295,1.0869441528828296
2017/12/27,1520.0,1553.0,1520.0,1552.0,14000,119.58762231669337,118.60694685047177,1.1398144115617204
2017/12/28,1579.0,1583.0,1550.0,1566.0,17900,119.73552452988194,118.94263036939279,1.1536079818992708
2017/12/29,1581.0,1605.0,1561.0,1580.0,36500,120.49339646679329,119.90223181305288,1.1689161331064024
2018/01/04,1578.0,1604.0,1578.0,1597.0,19200,121.44862818020852,122.06708637265238,1.1222879027692554
2018/01/05,1601.0,1610.0,1507.0,1563.0,29300,115.93260852248856,116.74234168069431,0.9866924275666076
2018/01/09,1570.0,1570.0,1538.0,1544.0,13900,110.774476468475,111.74066328117772,0.9896295728683049
2018/01/10,1545.0,1545.0,1510.0,1524.0,8500,111.4649490649865,112.1985337295329,0.9730104569040455
2018/01/11,1518.0,1530.0,1518.0,1521.0,6200,112.09786012963167,112.95794104312252,0.9815498338812714
2018/01/12,1518.0,1518.0,1477.0,1484.0,17800,110.50692123911861,111.59094444596931,0.9661901823807141
2018/01/15,1492.0,1501.0,1492.0,1499.0,6400,110.12737018332498,111.1235970728525,0.9351704535656751
2018/01/16,1509.0,1518.0,1505.0,1511.0,7300,109.18597902567795,110.7428365924622,0.9324409029529312
2018/01/17,1500.0,1521.0,1500.0,1515.0,12400,110.43150924581518,111.69103983123792,0.9354234322661932
2018/01/18,1527.0,1537.0,1513.0,1513.0,13000,111.40542270799605,113.01771883881395,0.9523142870568001
2018/01/19,1517.0,1520.0,1503.0,1507.0,5000,111.44336262717056,112.50040978072356,0.9447446404371934
2018/01/22,1510.0,1522.0,1510.0,1520.0,11100,112.46816283604588,113.51482628718612,0.9180847788812764
2018/01/23,1523.0,1528.0,1521.0,1521.0,4600,110.81021793471295,112.14890547874458,0.9105892617256612
2018/01/24,1521.0,1537.0,1521.0,1527.0,10000,113.2835754516907,113.89363335539005,0.9174060514692319
2018/01/25,1532.0,1532.0,1516.0,1516.0,9900,114.53435979697733,114.548864612923,0.9185172292807547
2018/01/26,1516.0,1528.0,1516.0,1521.0,9700,115.58716492594368,115.66568254687482,0.8957668351205187
2018/01/29,1524.0,1534.0,1500.0,1502.0,7800,114.6351743316606,114.8117820960183,0.8849737238236192
2018/01/30,1528.0,1528.0,1489.0,1501.0,22200,116.20051685844975,116.40219164216707,0.8824330860554577
2018/01/31,1490.0,1505.0,1455.0,1469.0,26200,98.68520321043357,99.02025110838937,0.8768456172054048
2018/02/01,1488.0,1522.0,1488.0,1510.0,22200,100.00667401755834,100.27540926902641,0.8659553291783552
2018/02/02,1501.0,1505.0,1479.0,1494.0,11800,98.17022595248913,98.1517755692347,0.8629726125904973
2018/02/05,1477.0,1485.0,1427.0,1428.0,18600,95.27275280560377,94.93608564932748,0.8925901756582398
2018/02/06,1390.0,1409.0,1322.0,1339.0,35500,92.92131401165427,92.34388206026134,0.7884267724038808
2018/02/07,1380.0,1403.0,1341.0,1343.0,24100,91.49247276141551,90.74758844186408,0.7793876348669865
2018/02/08,1340.0,1369.0,1331.0,1331.0,21400,90.30771259433654,89.62557745706941,0.7622590643821605
2018/02/09,1301.0,1345.0,1301.0,1313.0,32300,90.83690038455347,89.49934123905219,0.8157120597441581
2018/02/13,1326.0,1348.0,1317.0,1317.0,13300,91.18216091158943,90.26842549594903,0.8658220274770642
2018/02/14,1320.0,1330.0,1290.0,1292.0,14600,92.60397505027296,91.95929258895576,0.8545524886515161
2018/02/15,1314.0,1333.0,1300.0,1301.0,13500,92.3354810640728,92.41891987759476,0.8517089023098294
2018/02/16,1329.0,1347.0,1294.0,1298.0,25200,91.95671968784866,92.3148400168067,0.8366982769525044
2018/02/19,1326.0,1326.0,1297.0,1313.0,21800,92.40482023607372,92.65222064258448,0.8246939499514546
2018/02/20,1320.0,1325.0,1312.0,1316.0,6500,92.32722921826262,92.18631891842455,0.8371429181745835
2018/02/21,1322.0,1329.0,1308.0,1309.0,8000,94.02559077544895,94.2204617677711,0.8348000090614008
2018/02/22,1309.0,1318.0,1306.0,1315.0,10700,95.98072504463758,95.98490309131277,0.8559161852107496
2018/02/23,1319.0,1325.0,1310.0,1317.0,6200,96.18875804753682,96.15369105408176,0.836156298405655
2018/02/26,1338.0,1342.0,1322.0,1328.0,26200,96.82145811260102,97.02570855595674,0.8539974971815159
2018/02/27,1352.0,1366.0,1332.0,1357.0,12800,99.20888597056803,99.63235536037293,0.9054917688170024
2018/02/28,1360.0,1373.0,1349.0,1357.0,25000,99.37748313111182,99.32395724939298,0.9184528262212694
2018/03/01,1358.0,1358.0,1311.0,1314.0,14200,96.83901916189917,96.68370887256194,0.8594987110011448
2018/03/02,1299.0,1316.0,1282.0,1292.0,24800,96.23547819984893,95.48923956604597,0.8664609400163776
2018/03/05,1286.0,1290.0,1270.0,1274.0,21200,94.09111193561634,93.73235857751372,0.9368109537260824
2018/03/06,1279.0,1295.0,1271.0,1274.0,14300,92.57077567758054,92.86384502500225,0.9249354302852067
2018/03/07,1274.0,1284.0,1260.0,1263.0,13200,92.05329650226295,92.44311396006619,0.9231754849979587
2018/03/08,1264.0,1274.0,1245.0,1252.0,21900,90.8439876412978,91.35743270538553,0.9170887212694817
2018/03/09,1269.0,1276.0,1246.0,1248.0,21000,89.59212126261427,90.02213363683681,0.9277316017279699
2018/03/12,1256.0,1271.0,1251.0,1256.0,10800,87.45717251379963,88.06338241650327,0.9392299084348231
2018/03/13,1257.0,1294.0,1253.0,1293.0,10300,89.47111260587872,90.15051473358743,0.9799950785404583
2018/03/14,1278.0,1290.0,1276.0,1283.0,6600,90.39131783643708,90.63337401603653,0.9752222687606716
2018/03/15,1286.0,1286.0,1272.0,1281.0,6700,89.3584504084169,89.70766068703405,0.9746478999019422
2018/03/16,1281.0,1310.0,1281.0,1306.0,14600,89.17111728861741,89.27733935136176,1.0113878932627245
2018/03/19,1306.0,1306.0,1270.0,1276.0,23200,88.22217983886877,88.5389098078977,1.0255867225675976
2018/03/20,1276.0,1276.0,1262.0,1269.0,11400,88.1482716240204,88.24199490477382,1.024704228418343
2018/03/22,1269.0,1281.0,1269.0,1277.0,8000,86.69348491950046,86.8955040443575,1.0133085843475498
2018/03/23,1251.0,1257.0,1226.0,1237.0,28100,89.24207773575246,88.57805443195898,1.0311229752473485
2018/03/26,1255.0,1269.0,1225.0,1260.0,34100,90.63462692560637,90.41936973339405,1.041285455248607
2018/03/27,1266.0,1312.0,1261.0,1311.0,31400,91.47659416681148,91.35955347249273,1.0597750733736433
2018/03/28,1272.0,1272.0,1240.0,1267.0,16300,91.23156096062135,90.59048398583343,1.0364193210192514
2018/03/29,1284.0,1297.0,1264.0,1294.0,13300,95.09184755612843,94.61958140906349,1.0098371305000622
2018/03/30,1305.0,1305.0,1289.0,1295.0,13200,94.95667193936363,94.95026787783931,0.9932920444738637
2018/04/02,1286.0,1292.0,1273.0,1286.0,7500,91.38326850493398,91.40849261063606,1.0382793830921686
2018/04/03,1275.0,1292.0,1257.0,1283.0,10800,89.3176379270321,89.27917302731514,1.038048353355499
2018/04/04,1288.0,1326.0,1281.0,1324.0,22200,91.08354286041352,90.79737077242426,1.1120667131363209
2018/04/05,1329.0,1352.0,1319.0,1343.0,17800,89.58564497665942,89.49191087256708,1.1315812311898652
2018/04/06,1344.0,1344.0,1325.0,1326.0,5200,87.66435729378144,87.77512140625022,1.120093214281287
2018/04/09,1326.0,1331.0,1309.0,1318.0,5700,84.9723399761053,85.14760596673784,1.1283906219774658
2018/04/10,1309.0,1325.0,1304.0,1314.0,7000,84.41573348415984,84.71341452797436,1.123591967822884
2018/04/11,1314.0,1314.0,1289.0,1298.0,8300,84.18475069968613,84.39019406454533,1.112402142642268
2018/04/12,1295.0,1301.0,1284.0,1290.0,7400,83.45469148094445,83.81603712594145,1.0738580630472132
2018/04/13,1299.0,1315.0,1288.0,1305.0,7600,84.51430915583778,84.69502056785781,1.0951850476706617
2018/04/16,1308.0,1326.0,1308.0,1322.0,7200,83.36775538679134,83.7218229117531,1.098640804969064
2018/04/17,1322.0,1336.0,1318.0,1329.0,5600,81.48452274889956,82.2148598670083,1.1091769356285122
2018/04/18,1338.0,1346.0,1288.0,1343.0,12300,82.99915079117083,83.90956355335992,1.1030885628517406
2018/04/19,1349.0,1350.0,1331.0,1349.0,7800,83.61104219394517,84.71711523744337,1.1087272021316392
2018/04/20,1349.0,1357.0,1338.0,1353.0,10900,84.7720204967851,85.7675116295312,1.1187744462003217
2018/04/23,1353.0,1353.0,1345.0,1352.0,2600,84.45796672626543,84.85362781426439,1.0635207559188804
2018/04/24,1352.0,1389.0,1340.0,1388.0,10800,84.00741226402475,84.20520077050652,1.0963343735255224
2018/04/25,1390.0,1390.0,1366.0,1386.0,5400,84.81011574288003,84.94828277337415,1.0964094028588764
2018/04/26,1416.0,1458.0,1381.0,1456.0,26000,88.37992236489683,88.84895661031226,1.3316665517063968
2018/04/27,1460.0,1460.0,1388.0,1416.0,21100,86.66493498656853,87.42512554589194,1.1700688782352175
2018/05/01,1388.0,1396.0,1340.0,1364.0,19900,88.337404895952,89.34630746829959,1.05125886588862
2018/05/02,1369.0,1369.0,1335.0,1348.0,7900,86.79398276492691,87.76189240672605,1.0408867061320275
2018/05/07,1349.0,1356.0,1324.0,1338.0,7100,86.17166032555934,87.02928913538986,1.0091759739568398
2018/05/08,1338.0,1357.0,1319.0,1346.0,11500,88.55179601181294,89.27040668375491,1.0096743579206031
2018/05/09,1362.0,1368.0,1349.0,1356.0,10700,90.81363406177813,91.43464852413959,1.0165343487119134
2018/05/10,1357.0,1358.0,1345.0,1350.0,5300,91.29901902989708,91.85432680473569,1.0156130906220644
2018/05/11,1350.0,1361.0,1342.0,1361.0,5700,91.60976100835381,92.33808395745713,0.9983945493585957
2018/05/14,1363.0,1375.0,1362.0,1366.0,7200,92.01699311421223,92.64448432476678,0.9925367979537912
2018/05/15,1367.0,1373.0,1358.0,1368.0,10900,92.64897805726088,93.14040401646282,0.9935170632003686
2018/05/16,1361.0,1370.0,1356.0,1366.0,6100,93.1571570539097,93.48239275774532,0.9959256895448765
2018/05/17,1366.0,1366.0,1330.0,1366.0,8600,93.19108547749461,93.59504686562951,0.9874351788390145
2018/05/18,1366.0,1369.0,1358.0,1365.0,8500,92.85032391568129,93.38045636008432,0.9890394893047788
2018/05/21,1365.0,1369.0,1349.0,1359.0,8800,92.71211127728736,93.66850777718065,0.9844581021068283
2018/05/22,1362.0,1366.0,1350.0,1353.0,5000,92.01954270978328,93.17687870317482,0.9852833136488182
2018/05/23,1352.0,1360.0,1349.0,1360.0,9100,94.82165021474857,95.50194599935607,0.994765118933663
2018/05/24,1359.0,1360.0,1346.0,1352.0,5600,95.20664531283617,95.83946144393238,0.9983151077836337
2018/05/25,1345.0,1351.0,1331.0,1334.0,7100,94.56501897602357,95.52897711979266,0.9932740212982131
2018/05/28,1338.0,1340.0,1308.0,1317.0,4700,92.6893496594842,93.89594267075115,0.9562509887299124
2018/05/29,1320.0,1320.0,1301.0,1313.0,8500,92.29894535465789,93.61147078826629,0.9586872321839427
2018/05/30,1310.0,1310.0,1286.0,1288.0,9900,92.85007239771176,93.98564000166488,0.9561640658459716
2018/05/31,1310.0,1310.0,1283.0,1288.0,12400,91.22289178445281,92.56552569180816,0.9502475408748681
2018/06/01,1281.0,1309.0,1276.0,1302.0,13600,89.76510349043825,90.91257308011544,0.9590986608403951
2018/06/04,1319.0,1330.0,1311.0,1330.0,9700,92.52681660008749,93.53135197626607,0.9680806893974109
2018/06/05,1313.0,1329.0,1306.0,1329.0,10200,93.57234483106818,94.94307233915704,0.967268006566608
2018/06/06,1327.0,1327.0,1311.0,1323.0,9500,92.81697464718043,94.41302355710619,0.9617363960569709
2018/06/07,1323.0,1336.0,1307.0,1336.0,19600,92.42060604028816,94.18629234823158,0.9736450439442622
2018/06/08,1310.0,1335.0,1310.0,1323.0,23500,92.88967072046542,94.11293279236475,0.9520099473376723
2018/06/11,1323.0,1344.0,1323.0,1342.0,8000,94.1047737549838,96.01029085561655,0.9781634629760102
2018/06/12,1344.0,1344.0,1330.0,1335.0,4200,93.3387502009173,95.38475975497961,0.9723045831566828
2018/06/13,1343.0,1348.0,1338.0,1348.0,9800,94.57480545839016,96.58135192073661,0.9754356793542115
2018/06/14,1340.0,1344.0,1327.0,1337.0,6300,94.49632231033218,96.45467624960659,0.975918693561899
2018/06/15,1338.0,1347.0,1326.0,1342.0,11200,93.02581267402383,95.09342864186486,0.9764371374961462
2018/06/18,1338.0,1338.0,1306.0,1320.0,8700,92.91545678378755,95.2092464918887,0.9804068722724364
2018/06/19,1327.0,1327.0,1304.0,1313.0,7400,91.36362911240084,93.30497822407035,0.9832175303035673
2018/06/20,1319.0,1330.0,1301.0,1328.0,7400,93.6583778620929,96.44747736743166,0.9802383724361518
2018/06/21,1328.0,1334.0,1307.0,1316.0,8300,92.04700882026702,95.54616849378569,0.9738731607309982
2018/06/22,1304.0,1325.0,1304.0,1325.0,6000,92.62739701091876,95.67079926871814,0.9780179292908159
2018/06/25,1321.0,1328.0,1285.0,1287.0,10500,91.35515120143697,94.45892866939495,0.9909421422501304
2018/06/26,1317.0,1339.0,1300.0,1322.0,12100,92.41236869182437,95.4771112285249,1.0255311435463572
2018/06/27,1352.0,1352.0,1333.0,1338.0,13700,94.0400891528562,97.00816030505436,1.038321711448878
2018/06/28,1349.0,1368.0,1328.0,1364.0,71300,93.53758598917487,96.88103989069974,1.07955025172618
2018/06/29,1390.0,1390.0,1313.0,1323.0,37200,90.5708899627987,93.90627974555315,0.9939139529792947
2018/07/02,1323.0,1323.0,1251.0,1251.0,16200,89.6554197483964,92.85397325229724,0.9649441965642775
2018/07/03,1257.0,1280.0,1257.0,1264.0,11900,91.44608003570481,94.56726242974327,0.969422021018039
2018/07/04,1258.0,1300.0,1258.0,1300.0,13400,95.02790537450731,98.2379583197411,1.0081856019231237
2018/07/05,1328.0,1328.0,1271.0,1272.0,14100,93.97489580342253,97.60828063476895,0.9940041673814938
2018/07/06,1276.0,1291.0,1268.0,1288.0,9000,95.47024005903535,99.16319767613125,0.9994192958730179
2018/07/09,1290.0,1301.0,1265.0,1272.0,9300,93.33589680370764,96.73116772990818,0.9662568418351156
2018/07/10,1274.0,1292.0,1198.0,1198.0,35800,87.19846803763951,90.87021239649667,0.8693639035328967
2018/07/11,1220.0,1261.0,1219.0,1242.0,13900,91.12505743455543,94.61680233321022,0.901596620111701
2018/07/12,1234.0,1252.0,1227.0,1236.0,9200,89.64593685804975,93.71682269309915,0.8952352216068348
2018/07/13,1248.0,1263.0,1243.0,1259.0,5100,89.52972644570112,94.47988503152217,0.889952496389418
2018/07/17,1256.0,1284.0,1250.0,1275.0,9100,89.87788976339098,94.71875304432537,0.8871857599317015
2018/07/18,1289.0,1295.0,1281.0,1291.0,6600,89.21528279804441,94.0715941798781,0.8892902248489043
2018/07/19,1293.0,1296.0,1284.0,1296.0,3700,89.59667948330467,94.50343366160062,0.8794852180885452
2018/07/20,1288.0,1299.0,1283.0,1291.0,6600,89.73506347340685,94.65668712688301,0.8864051809472407
2018/07/23,1281.0,1299.0,1281.0,1291.0,3000,90.1668803050364,94.28582205654229,0.9013455868783038
2018/07/24,1287.0,1310.0,1287.0,1302.0,9900,91.74907030337268,95.80784305109815,0.8989323187308682
2018/07/25,1312.0,1312.0,1301.0,1310.0,4900,91.59835952519963,95.49971794709249,0.8949998754398096
2018/07/26,1323.0,1336.0,1320.0,1336.0,17100,94.33668217372644,97.76625433779448,0.8872894321671273
2018/07/27,1343.0,1348.0,1327.0,1339.0,13800,92.14611186195584,95.7298467002021,0.8790352131628782
2018/07/30,1339.0,1348.0,1305.0,1313.0,16100,92.83458685889988,96.15631841189943,0.8838089952505297
2018/07/31,1297.0,1310.0,1276.0,1299.0,18200,90.21143931482032,94.5567384816769,0.8850214802673639
2018/08/01,1321.0,1333.0,1312.0,1326.0,19000,91.16427322784321,95.37118185727928,0.8853912406184122
2018/08/02,1328.0,1337.0,1315.0,1318.0,11300,91.39645551208616,95.79361242716163,0.8994203585206115
2018/08/03,1305.0,1315.0,1278.0,1278.0,9500,88.09536822609856,93.11266763852527,0.8695704772488151
2018/08/06,1257.0,1273.0,1256.0,1263.0,6000,86.04264650079911,91.34243732069221,0.8937769192945844
2018/08/07,1252.0,1271.0,1252.0,1271.0,4700,86.33111070335573,91.63944950947106,0.8896976325725972
2018/08/08,1241.0,1268.0,1241.0,1259.0,19300,86.89245232371333,92.43805615266626,0.8853842100692741
2018/08/09,1252.0,1255.0,1245.0,1246.0,4500,85.79118202249664,91.32438726400189,0.9884161125581359
2018/08/10,1243.0,1248.0,1233.0,1233.0,8200,86.91296743418961,92.2120894963614,0.9433494112612136
2018/08/13,1225.0,1237.0,1210.0,1210.0,10200,87.01121737186637,92.46255299352639,0.9461168667592741
2018/08/14,1209.0,1228.0,1209.0,1228.0,6400,87.08122882625389,93.09809532471829,0.9388722129113691
2018/08/15,1228.0,1237.0,1211.0,1211.0,5500,85.80692156515049,91.9057332232103,0.9315348229112528
2018/08/16,1211.0,1211.0,1193.0,1196.0,13400,84.07266307293328,90.63548279061268,0.9253247020596197
2018/08/17,1196.0,1209.0,1196.0,1200.0,5200,83.39654797046386,89.7606423143353,0.9116440859950833
2018/08/20,1200.0,1200.0,1196.0,1197.0,5600,83.19043021676022,89.7702496372234,0.9120930349887099
2018/08/21,1196.0,1197.0,1176.0,1176.0,11800,80.90756059680135,87.8305221321616,0.8971532638830403
2018/08/22,1176.0,1188.0,1170.0,1179.0,8400,80.48974975649593,87.25426122614573,0.8919261184142039
2018/08/23,1179.0,1187.0,1178.0,1178.0,4200,80.1031136485556,86.96514748142503,0.8797825417870697
2018/08/24,1178.0,1204.0,1178.0,1200.0,9500,80.43621957835346,87.32237413360599,0.9143774820337992
2018/08/27,1209.0,1235.0,1200.0,1227.0,11300,80.64162180064591,87.48628795828989,0.9903563680677818
2018/08/28,1245.0,1245.0,1222.0,1226.0,7600,79.49174451093253,86.41860803975332,0.9875875298870889
2018/08/29,1240.0,1247.0,1228.0,1234.0,9500,79.81216639036376,86.39395071663967,0.9894135335999579
2018/08/30,1257.0,1257.0,1229.0,1250.0,9800,81.97123773471404,88.7409957031494,1.0110691905314104
2018/08/31,1240.0,1248.0,1236.0,1236.0,10300,81.3172920120778,88.12453343182018,0.9965798322172944
2018/09/03,1231.0,1232.0,1201.0,1203.0,8100,80.80651323499029,87.67401091487392,1.0115478456127942
2018/09/04,1203.0,1207.0,1196.0,1196.0,7500,79.43421696375566,86.09885923271786,1.0083873178772238
2018/09/05,1183.0,1204.0,1183.0,1185.0,13000,79.30291145457853,86.37699467617477,1.0056686292879002
2018/09/06,1184.0,1187.0,1182.0,1185.0,4700,79.23239517880292,86.74911502971612,1.015938105944091
2018/09/07,1183.0,1183.0,1170.0,1172.0,10000,80.24468053289173,87.8636415758565,1.025155482350629
2018/09/10,1170.0,1172.0,1152.0,1156.0,13200,78.47044248024156,85.81086431537645,0.9965501430443522
2018/09/11,1153.0,1155.0,1143.0,1146.0,14500,77.03927918650179,84.57601279544237,0.9837520627973205
2018/09/12,1146.0,1149.0,1123.0,1128.0,17700,76.3149152351622,84.06406431447095,0.9736776384113434
2018/09/13,1129.0,1168.0,1129.0,1155.0,11300,77.11275515782874,84.79928484867018,0.9988034288890901
2018/09/14,1125.0,1148.0,1125.0,1125.0,42900,74.89129605834437,82.36615403645544,0.9528376350595282
2018/09/18,1126.0,1161.0,1126.0,1159.0,18600,77.27267610133929,84.49321369813683,0.9480878776569442
2018/09/19,1180.0,1189.0,1174.0,1179.0,19400,76.69097815430756,83.49211365684369,0.9461949503705638
2018/09/20,1189.0,1215.0,1187.0,1194.0,19900,78.51464400704118,85.27997599034276,0.9757762430759261
2018/09/21,1224.0,1226.0,1199.0,1224.0,21700,80.36752374318488,87.21331625778339,1.0080924198883174
2018/09/25,1228.0,1257.0,1212.0,1255.0,32500,80.98422142739054,87.53123171853714,0.9818884310083376
2018/09/26,1242.0,1269.0,1242.0,1264.0,15900,80.38440966306773,87.09623438112709,0.9904639703342071
2018/09/27,1276.0,1278.0,1226.0,1230.0,16300,78.08036969251069,84.9638606819724,0.9728499418319323
2018/09/28,1241.0,1241.0,1211.0,1212.0,18000,76.44813564513551,83.47987985097964,0.9487836887516347
2018/10/01,1218.0,1224.0,1213.0,1213.0,6800,75.94033396384125,83.08718894359882,0.9564354060302169
2018/10/02,1240.0,1252.0,1217.0,1220.0,15300,76.81229776731551,83.51733092317303,0.9593362262216907
2018/10/03,1232.0,1239.0,1217.0,1217.0,11200,78.10428053449337,85.3131989625686,0.9695310862547927
2018/10/04,1234.0,1234.0,1207.0,1227.0,11300,80.16002679745716,87.02654702805236,0.9784108798300999
2018/10/05,1225.0,1225.0,1207.0,1208.0,7500,79.73465773646208,86.26056312305772,0.9706675645303536
2018/10/09,1207.0,1207.0,1176.0,1177.0,11500,78.99455221707036,85.69621302054098,0.9768628609609035
2018/10/10,1185.0,1210.0,1184.0,1186.0,16500,79.75525528947736,86.36762451849613,0.9819905257644926
2018/10/11,1162.0,1167.0,1126.0,1137.0,22600,79.1187492705917,85.20961739500599,0.9980306030830983
2018/10/12,1138.0,1151.0,1123.0,1130.0,19600,79.02078473352823,85.0784195946193,1.002078458036718
2018/10/15,1131.0,1131.0,1092.0,1094.0,28600,77.57097416181037,83.39974688248493,0.9990737276975362
2018/10/16,1094.0,1112.0,1094.0,1096.0,11400,76.14072063004836,82.16042724717113,0.9945020390210328
2018/10/17,1126.0,1148.0,1120.0,1146.0,20700,79.45450556800284,85.48565540116051,1.0516558352437213
2018/10/18,1146.0,1146.0,1114.0,1118.0,11200,78.50993219843282,84.17349901041598,1.0194584768908403
2018/10/19,1117.0,1139.0,1116.0,1118.0,9400,79.39509924583366,85.23172635744804,1.0341818213539082
2018/10/22,1118.0,1133.0,1105.0,1128.0,6300,79.39859028664425,85.19650256213934,0.9723604287510943
2018/10/23,1122.0,1122.0,1102.0,1106.0,13400,78.93865180020396,84.80944757247127,0.9777527038090789
2018/10/24,1106.0,1124.0,1091.0,1113.0,30400,80.71405479087704,87.08035856257878,0.9822866758837727
2018/10/25,1087.0,1088.0,1062.0,1065.0,22800,79.8084404453982,85.54023426998687,0.9772748647578671
2018/10/26,1077.0,1085.0,1028.0,1030.0,29700,76.65155957345571,81.87419077614197,0.9478043603587587
2018/10/29,1030.0,1047.0,1025.0,1033.0,17200,76.95744555321309,82.37706474978287,0.9969167872409711
2018/10/30,1045.0,1079.0,1045.0,1072.0,29300,80.21106249557992,85.68773497533611,0.9970181965988226
2018/10/31,1099.0,1100.0,1077.0,1097.0,20100,80.9526167517742,85.90846790400883,0.9878990933458456
2018/11/01,1037.0,1047.0,1035.0,1038.0,22300,79.02948685309158,83.5936035411541,0.9647360046019414
2018/11/02,1048.0,1048.0,1018.0,1039.0,22400,77.67198018363713,82.80760654207275,0.9365169381480347
2018/11/05,1037.0,1062.0,1037.0,1048.0,14000,79.57786353425936,84.46025884807842,0.9717400018738612
2018/11/06,1052.0,1080.0,1052.0,1073.0,8900,81.83108591119606,86.34341445248025,0.9907978454436124
2018/11/07,1079.0,1083.0,1059.0,1062.0,7300,81.31479728221287,86.21055967826238,0.9855397113633556
2018/11/08,1068.0,1100.0,1068.0,1099.0,10500,81.93982167452842,86.89107654067975,1.048259254073391
2018/11/09,1101.0,1120.0,1101.0,1105.0,10200,82.70285765074394,87.3118266771989,1.0516759836694474
2018/11/12,1096.0,1113.0,1095.0,1100.0,4700,82.00950853559095,87.04627399393188,1.1118487449803969
2018/11/13,1052.0,1076.0,1052.0,1066.0,11800,81.99655971967442,86.75857164341015,1.1053503087387346
2018/11/14,1066.0,1066.0,1041.0,1042.0,10600,79.83838345657578,84.13630113004959,1.061298130164984
2018/11/15,1042.0,1054.0,1041.0,1045.0,3000,80.97055798073202,84.90237939613384,1.072353628055563
2018/11/16,1046.0,1047.0,1032.0,1043.0,8600,81.50283891760634,85.40657084017305,1.0058058039981128
2018/11/19,1034.0,1050.0,1034.0,1048.0,7400,80.50908119314776,84.79671337078567,1.0304655771935949
2018/11/20,1048.0,1072.0,1045.0,1052.0,7400,81.8441544476227,85.85241615966167,1.0451866430706964
2018/11/21,1040.0,1075.0,1037.0,1074.0,12500,85.46470186367078,89.75188487600015,1.0867981619993154
2018/11/22,1069.0,1126.0,1062.0,1121.0,15100,87.2818065137046,91.57895675713519,1.1663069101299066
2018/11/26,1125.0,1127.0,1105.0,1122.0,9200,86.2926289779121,91.07771808242791,1.1979185195699364
2018/11/27,1129.0,1138.0,1111.0,1137.0,14900,86.7200033951478,91.24755727403914,1.2206667131487967
2018/11/28,1141.0,1154.0,1133.0,1142.0,8700,86.25923366553856,91.43781943822577,1.2225630624254806
2018/11/29,1172.0,1174.0,1144.0,1168.0,11100,88.25000485590674,93.36314680513642,1.2477475374875844
2018/11/30,1160.0,1160.0,1136.0,1147.0,15100,85.2887865662906,90.00663686610628,1.1927961539871796
2018/12/03,1147.0,1159.0,1141.0,1152.0,8100,83.36377198799646,87.67749441546793,1.1418099931474304
2018/12/04,1160.0,1160.0,1127.0,1145.0,13000,83.60354828238374,88.43723401906315,1.2222493916914874
2018/12/05,1150.0,1150.0,1105.0,1113.0,22500,81.24716928626543,86.41843336903968,1.1790503973411601
2018/12/06,1106.0,1113.0,1095.0,1096.0,13100,81.85509712446125,86.76148283503295,1.1942373320104842
2018/12/07,1085.0,1102.0,1080.0,1085.0,9400,82.01693126478479,86.76136905705577,1.177773940727422
2018/12/10,1067.0,1093.0,1056.0,1061.0,8500,81.98452648540116,86.50310302049255,1.083786410649495
2018/12/11,1063.0,1076.0,1043.0,1050.0,9600,81.97156773024675,87.351278770711,1.0826087650940974
2018/12/12,1060.0,1106.0,1060.0,1075.0,10800,80.6617696102252,86.3000345917793,1.0930882613520212
2018/12/13,1075.0,1090.0,1067.0,1075.0,16500,79.25418517873663,85.21136017615075,1.0848882711466121
2018/12/14,1066.0,1066.0,1041.0,1042.0,27400,75.40776725528646,80.50402648560942,1.1134248991435578
2018/12/17,1042.0,1051.0,1033.0,1044.0,10700,75.11564834765137,80.43887131391847,1.10934484078272
2018/12/18,1026.0,1026.0,1000.0,1008.0,20100,75.07994880949293,80.5365493253691,1.095050095854362
2018/12/19,1008.0,1020.0,988.0,995.0,15200,74.4856400620011,79.92086483256561,1.0828971639937008
2018/12/20,1000.0,1009.0,969.0,972.0,77500,74.59950963401799,79.9242213228509,1.0802832462632646
2018/12/21,964.0,964.0,914.0,941.0,34600,72.06301690586233,77.9871036504236,1.024725985727193
2018/12/25,911.0,925.0,901.0,910.0,26900,71.78383443536325,77.52548106352444,0.8550666447076565
2018/12/26,919.0,955.0,919.0,944.0,17700,72.10452305208197,77.74979926553775,0.8769990844892315
2018/12/27,988.0,1049.0,977.0,1049.0,36000,76.01531349552693,81.14479285851228,0.9895754871583794
2018/12/28,1072.0,1072.0,1009.0,1037.0,29600,74.65133448315508,79.84241540361,0.9623425865431899
2019/01/04,1014.0,1034.0,1006.0,1014.0,18300,78.64681368413521,82.91926686236447,0.9933976077285775
2019/01/07,1039.0,1041.0,1012.0,1019.0,14700,78.54882523708248,82.43687428766452,1.0076427744246694
2019/01/08,1023.0,1025.0,1004.0,1011.0,12000,77.29543421459857,81.47187471965775,0.9948317242941441
2019/01/09,1016.0,1016.0,1000.0,1000.0,11600,76.41361565546012,80.87641893744795,0.9657993856285201
2019/01/10,1000.0,1001.0,985.0,996.0,17100,77.00114327953851,81.23352713264936,0.9779243101554731
2019/01/11,1000.0,1000.0,975.0,985.0,15700,77.11382451038556,81.40965911871116,0.9242393868687279
2019/01/15,986.0,1010.0,983.0,1010.0,10800,77.88819491963243,82.0742826477093,0.9512641039567133
2019/01/16,1009.0,1009.0,985.0,986.0,11500,75.98837900886622,80.02452138539905,0.9186851252789417
2019/01/17,988.0,1010.0,988.0,1006.0,6300,77.44414548772998,80.86651303015145,0.971730918059688
2019/01/18,1006.0,1016.0,991.0,996.0,15800,76.13988181620611,80.18534307503204,0.9661066481879786
2019/01/21,1000.0,1021.0,1000.0,1019.0,8500,77.06012830962553,80.97277211171806,0.9908607352578146
2019/01/22,1019.0,1021.0,1002.0,1010.0,5100,77.6773200296733,81.53407744335499,0.9882857650159915
2019/01/23,990.0,1015.0,990.0,997.0,8700,75.90311746171136,80.24020769695801,0.972530508787574
2019/01/24,992.0,1002.0,983.0,1001.0,8200,75.96118701927189,80.14662951957004,0.9733074745021257
2019/01/25,1007.0,1029.0,994.0,1002.0,16200,74.94209877384222,79.05619897515493,0.9411757930627107
2019/01/28,1004.0,1004.0,994.0,999.0,9500,76.11112172969816,80.40527440441713,0.9064314029826693
2019/01/29,1004.0,1004.0,987.0,996.0,13000,74.79232336212843,79.18465443719705,0.9038999137257574
2019/01/30,1011.0,1041.0,997.0,1005.0,29000,76.87304390262449,81.02896024402162,0.9444229901110267
2019/01/31,1023.0,1030.0,988.0,990.0,21800,74.12417499163699,78.23430879223592,0.9064645726165843
2019/02/01,1111.0,1117.0,1091.0,1109.0,96100,83.10765200161448,88.44266066778896,1.0407557956520193
2019/02/04,1142.0,1160.0,1139.0,1155.0,65100,87.84716552614789,93.2812141380619,1.0756405848963384
2019/02/05,1160.0,1192.0,1160.0,1162.0,34700,89.96937443590116,95.58221532760511,1.0893335375303284
2019/02/06,1181.0,1186.0,1181.0,1184.0,24000,91.4184337133896,97.51001810480481,1.0804362013834414
2019/02/07,1184.0,1184.0,1156.0,1162.0,40800,92.09711071463315,98.2451867583247,1.069531422471921
2019/02/08,1162.0,1166.0,1152.0,1162.0,37100,93.06732434450545,99.57040759592083,1.1105478185351836
2019/02/12,1167.0,1179.0,1167.0,1170.0,32800,90.4582820176334,96.9831890486774,1.1230480203089197
2019/02/13,1180.0,1183.0,1173.0,1180.0,29600,91.37312424530718,97.84725572874623,1.1080683653605639
2019/02/14,1180.0,1221.0,1180.0,1211.0,47100,94.5144713427226,100.66203532285823,1.163510968927648
2019/02/15,1211.0,1211.0,1192.0,1196.0,20700,95.75510344297489,101.49327236889238,1.1557698269043113
2019/02/18,1202.0,1240.0,1202.0,1230.0,35700,97.4965500434177,103.80631498691324,1.1960548646962923
2019/02/19,1230.0,1234.0,1189.0,1199.0,38000,93.77158236595666,99.95256932483423,1.1258544084027138
2019/02/20,1200.0,1221.0,1200.0,1209.0,30500,94.68481975642634,100.84062448232636,1.1282285543925543
2019/02/21,1209.0,1233.0,1202.0,1232.0,25000,94.8763696163994,101.39172405829626,1.1422522242287654
2019/02/22,1232.0,1235.0,1211.0,1231.0,20600,95.508499579809,102.23964440810285,1.1501362049581423
2019/02/25,1240.0,1257.0,1240.0,1246.0,32600,96.55094764084728,102.73623599136582,1.1686050558477619
2019/02/26,1246.0,1254.0,1225.0,1231.0,23700,94.69229393098186,100.42688391610383,1.157922776238764
2019/02/27,1242.0,1242.0,1214.0,1214.0,40500,91.58578824709284,97.62306863736305,1.120313900923785
2019/02/28,1214.0,1231.0,1214.0,1220.0,31700,94.31942652742651,100.50077794416154,1.138289750770638
2019/03/01,1221.0,1222.0,1208.0,1210.0,24600,91.82789007871037,99.02185677422105,1.094999464103598
2019/03/04,1210.0,1224.0,1206.0,1220.0,29700,92.33873677874843,99.71518116426475,1.010142273432764
2019/03/05,1220.0,1224.0,1196.0,1200.0,29300,92.8539735551335,99.83813943544342,0.987379542329531
2019/03/06,1201.0,1201.0,1162.0,1163.0,36500,90.61524669769551,97.1395327320523,0.864782159057024
2019/03/07,1164.0,1186.0,1164.0,1176.0,35700,93.54473040078354,100.28040396906108,0.8766460321805469
2019/03/08,1158.0,1161.0,1131.0,1133.0,41400,92.70082827392386,99.0437101998595,0.8516990582722966
2019/03/11,1136.0,1172.0,1136.0,1172.0,28400,96.39940523164499,102.7445638515055,0.9042904130895667
2019/03/12,1174.0,1206.0,1174.0,1191.0,39500,94.10067589986025,100.46202400629349,0.9072790276939173
2019/03/13,1193.0,1204.0,1186.0,1188.0,27500,94.71375646264534,101.38584707298878,0.9114644810174946
2019/03/14,1198.0,1211.0,1181.0,1192.0,30800,95.31196755407005,102.15136739270486,0.9146270463155649
2019/03/15,1194.0,1219.0,1192.0,1197.0,47500,92.61809156436158,99.31732285882062,0.9400757593142528
2019/03/18,1199.0,1241.0,1192.0,1238.0,56000,96.55626341641465,103.41259251425416,0.9116926293651603
2019/03/19,1237.0,1246.0,1213.0,1237.0,30600,96.63818482562915,103.89887280344703,0.9129186909171325
2019/03/20,1238.0,1268.0,1238.0,1246.0,39100,97.49599005107056,104.40206466700137,0.9230551969150225
2019/03/22,1255.0,1262.0,1249.0,1260.0,45700,97.10493995758522,104.8720771753929,0.9958925831111788
2019/03/25,1249.0,1249.0,1200.0,1201.0,25300,94.35865630196051,100.99211858538891,0.9385289901761845
2019/03/26,1220.0,1258.0,1220.0,1254.0,53500,95.15637899067542,101.51625980648495,0.930438484229635
2019/03/27,1253.0,1282.0,1251.0,1271.0,38500,98.6855027881128,105.92955654112772,0.9540557451139888
2019/03/28,1272.0,1272.0,1224.0,1237.0,28200,96.16461332723804,102.91181866840759,0.9483079459582577
2019/03/29,1242.0,1242.0,1222.0,1225.0,15500,95.70305547445764,102.00340699071555,0.9895668943443757
2019/04/01,1245.0,1277.0,1239.0,1275.0,35300,98.58942719048076,104.84918931356975,1.0380683931874426
2019/04/02,1284.0,1298.0,1279.0,1285.0,30600,99.16379448032143,105.87991255065705,1.0448322273919532
2019/04/03,1285.0,1302.0,1272.0,1294.0,36700,95.96222127164829,102.8179991772447,1.0465291398309933
2019/04/04,1294.0,1319.0,1294.0,1309.0,27800,97.11154540537167,103.7590807284819,1.0948244364484232
2019/04/05,1310.0,1315.0,1295.0,1314.0,21800,98.00453432777458,104.79721506885444,1.2692197220558479
2019/04/08,1314.0,1322.0,1313.0,1313.0,19400,99.23889398965542,106.12247432559502,1.1555785317916638
2019/04/09,1312.0,1317.0,1297.0,1312.0,22900,99.8099194592288,106.82892251215989,1.1553829921285101
2019/04/10,1311.0,1311.0,1290.0,1304.0,20700,100.46007245721648,107.81354220444666,1.1566379512836673
2019/04/11,1303.0,1318.0,1303.0,1310.0,25900,101.31137815548186,108.6300650430892,1.161256497057493
2019/04/12,1310.0,1310.0,1296.0,1297.0,21900,98.96971308809013,107.06107882066607,1.142240505940082
2019/04/15,1325.0,1347.0,1325.0,1340.0,39300,99.83637936967736,108.10415123675105,1.081479514731842
2019/04/16,1343.0,1369.0,1332.0,1347.0,28100,99.64824479133824,107.80534906245332,1.0910570282850844
2019/04/17,1360.0,1361.0,1347.0,1354.0,26800,100.27704208326227,108.17578425135103,1.0896324304889387
2019/04/18,1354.0,1356.0,1319.0,1324.0,24200,98.59578667208683,106.36390976341976,1.093436518521844
2019/04/19,1327.0,1353.0,1327.0,1351.0,13500,99.67982723039562,108.13959080402884,1.112562666349738
2019/04/22,1353.0,1385.0,1349.0,1380.0,28500,101.47441754344302,110.40571378687038,1.1680428449546592
2019/04/23,1380.0,1390.0,1360.0,1367.0,27000,98.56835302940748,107.39411347812036,1.149864980972729
2019/04/24,1371.0,1386.0,1357.0,1358.0,27400,98.0474128674126,107.44197033766214,1.1600090300363781
2019/04/25,1384.0,1393.0,1361.0,1380.0,38600,94.83133272227604,103.66286745446513,1.1796773017877547
2019/04/26,1366.0,1367.0,1251.0,1323.0,54900,94.31007966655191,102.63145799293456,0.99608615804359
2019/05/07,1322.0,1345.0,1304.0,1318.0,36100,100.5324631746464,108.93561310068598,0.991798830085006
2019/05/08,1292.0,1293.0,1258.0,1262.0,36100,96.54148907560028,104.94038524304912,0.9876524928021782
2019/05/09,1267.0,1267.0,1233.0,1233.0,30200,96.00644608737534,104.69782228785533,0.9877181165756422
2019/05/10,1233.0,1273.0,1228.0,1257.0,33500,98.47497380703668,106.9948242868836,0.9851874424403962
2019/05/13,1255.0,1294.0,1250.0,1262.0,32500,99.6871100377411,108.25926410581839,0.9851409121809339
2019/05/14,1258.0,1272.0,1242.0,1268.0,26100,100.39305633380067,109.00432517969453,0.9786274048846164
2019/05/15,1270.0,1290.0,1268.0,1286.0,27500,100.93556113605662,109.76344432055436,0.9795506088467528
2019/05/16,1290.0,1336.0,1278.0,1329.0,36300,105.49201086143131,114.42800536477445,1.0155423305333988
2019/05/17,1349.0,1355.0,1347.0,1352.0,19200,106.8794326002741,115.6803541748048,1.0112804338981072
2019/05/20,1351.0,1351.0,1316.0,1331.0,10600,105.75874972885582,114.24257265603335,0.9776774591520331
2019/05/21,1328.0,1333.0,1315.0,1319.0,5600,105.22230283326056,113.79066607950705,0.9772100021892011
2019/05/22,1323.0,1323.0,1278.0,1282.0,9400,100.49356223413201,109.57301953124853,0.9570727155842379
2019/05/23,1273.0,1290.0,1271.0,1285.0,6800,100.82254078483975,109.54676228141548,0.9705118633673947
2019/05/24,1275.0,1289.0,1266.0,1283.0,12500,102.2505634703825,110.56029624964042,0.9711882651057596
2019/05/27,1291.0,1309.0,1286.0,1305.0,10200,105.16306753550188,113.39939304966771,1.0106144461558804
2019/05/28,1301.0,1301.0,1251.0,1253.0,8400,100.36020254748863,108.4042422316047,0.9254233880145982
2019/05/29,1245.0,1256.0,1237.0,1251.0,10100,101.82175719290147,109.75304120062728,0.9363666893900988
2019/05/30,1258.0,1259.0,1216.0,1242.0,14700,102.22689358517249,109.99106198700845,0.9299688805207303
2019/05/31,1226.0,1227.0,1202.0,1204.0,15200,99.52113790357454,106.9585025928235,0.9187140565495207
2019/06/03,1197.0,1206.0,1185.0,1194.0,9400,98.85731722971974,106.28822249090202,0.9214391768423632
2019/06/04,1203.0,1205.0,1160.0,1175.0,10400,97.64409782855459,104.68241879632217,0.9074238767888375
2019/06/05,1200.0,1205.0,1185.0,1199.0,15400,98.69562740311197,105.28749641653161,0.9019137396725609
2019/06/06,1205.0,1210.0,1170.0,1174.0,10000,96.54245824218839,103.09324135238063,0.8617404460944232
2019/06/07,1186.0,1186.0,1160.0,1174.0,7400,96.4273923589271,103.15971725422702,0.8776077614619939
2019/06/10,1193.0,1207.0,1193.0,1199.0,9300,96.4024624828852,102.80107514736186,0.8776603691473351
2019/06/11,1196.0,1197.0,1184.0,1190.0,12300,96.17603418047823,102.35532960634195,0.8745828827566404
2019/06/12,1201.0,1205.0,1187.0,1187.0,9100,95.71051014473576,102.00233206370997,0.8768226608241434
2019/06/13,1181.0,1185.0,1161.0,1169.0,16300,94.52930040287646,101.18302190869377,0.8670807365389728
2019/06/14,1174.0,1174.0,1159.0,1160.0,15500,93.53948617615796,99.98080537101967,0.9070637955940776
2019/06/17,1153.0,1158.0,1146.0,1149.0,8400,93.45860793840693,100.14348496853687,0.8914016555382425
2019/06/18,1149.0,1153.0,1122.0,1126.0,9900,91.0971246951631,97.8332498174731,0.8694625258011646
2019/06/19,1148.0,1148.0,1138.0,1142.0,11100,90.91792084210043,96.91303842102029,0.8630891987969267
2019/06/20,1154.0,1154.0,1140.0,1142.0,3100,91.75194946994964,97.38853281647906,0.8551674360404818
2019/06/21,1149.0,1155.0,1127.0,1152.0,40300,92.08913046426431,98.13147424654628,0.880658670608865
2019/06/24,1159.0,1159.0,1132.0,1133.0,3900,92.38569112528452,98.30258709721666,0.8558106325064728
2019/06/25,1152.0,1154.0,1122.0,1125.0,8300,89.70859980660238,95.44031788227254,0.8524661519425334
2019/06/26,1120.0,1126.0,1110.0,1110.0,9200,87.62242018872432,93.61710628154,0.8467342619499922
2019/06/27,1125.0,1147.0,1124.0,1144.0,21200,87.53511483366758,93.25176002261216,0.8996370511381716
2019/06/28,1130.0,1135.0,1111.0,1114.0,31100,88.2733655106903,93.96017525393339,0.8629463940217524
2019/07/01,1115.0,1170.0,1108.0,1170.0,19300,93.87793339148591,100.04246594836962,0.9221074109859303
2019/07/02,1159.0,1169.0,1151.0,1151.0,10600,91.19101813406223,96.95729273290452,0.90633222574323
2019/07/03,1156.0,1182.0,1156.0,1178.0,10600,90.9457149918334,97.13872393228411,0.9290584497527457
2019/07/04,1188.0,1197.0,1181.0,1196.0,6900,93.35163184992972,99.1363387094184,0.9514304783375455
2019/07/05,1226.0,1250.0,1182.0,1182.0,31500,91.94641442400355,97.47261738423741,0.9250966425361827
2019/07/08,1184.0,1189.0,1164.0,1164.0,6400,93.70993363783728,99.24286236838846,0.9613986680403268
2019/07/09,1164.0,1165.0,1147.0,1151.0,5100,98.89131504167392,104.69319737634191,0.9595512044753752
2019/07/10,1133.0,1144.0,1120.0,1120.0,16100,91.84692081949477,97.66989551806287,0.942610241338361
2019/07/11,1147.0,1147.0,1132.0,1142.0,6700,94.71895827005714,100.0649799433849,0.9540074120170157
2019/07/12,1149.0,1152.0,1135.0,1140.0,5900,94.35375374359273,99.38049736601188,0.9511082504916798
2019/07/16,1145.0,1145.0,1122.0,1122.0,3900,92.74875750223457,97.89028137231163,0.9487944255055365
2019/07/17,1122.0,1123.0,1105.0,1110.0,9900,91.28626608370726,96.06216091156247,0.9446255046414104
2019/07/18,1114.0,1114.0,1050.0,1051.0,18200,87.71719709072809,92.47667558070614,0.9225655358956891
2019/07/19,1056.0,1081.0,1056.0,1081.0,13200,88.5347149476368,93.4252490089063,0.9114954520264554
2019/07/22,1083.0,1083.0,1056.0,1056.0,8700,85.54073030901567,91.37964765148196,0.888268518058211
2019/07/23,1070.0,1086.0,1068.0,1072.0,6300,85.72257149771993,91.6787713156135,0.8839559397275532
2019/07/24,1075.0,1077.0,1064.0,1068.0,6100,84.92409442098952,90.76019065722598,0.8767041622459772
2019/07/25,1088.0,1088.0,1066.0,1069.0,8500,83.068672505356,89.54516198138938,0.8778887272052577
2019/07/26,1068.0,1081.0,1066.0,1068.0,5700,83.64481772274685,90.12702428849651,0.887180939458436
2019/07/29,1077.0,1094.0,1075.0,1078.0,6400,85.62681452830687,92.54846831956387,0.8658558834334578
2019/07/30,1104.0,1109.0,1090.0,1109.0,12000,88.694064894808,95.00264384475199,0.8853378928271768
2019/07/31,1113.0,1113.0,1087.0,1087.0,9300,86.64256026547189,92.69305676152186,0.8662183249901636
2019/08/01,1102.0,1102.0,1090.0,1090.0,7400,86.43103887787021,92.44884939363708,0.8660163904973375
2019/08/02,1076.0,1077.0,1035.0,1035.0,24800,86.5086775053473,92.03007357199945,0.8108087782581133
2019/08/05,1024.0,1031.0,1007.0,1009.0,38300,86.7792259104892,91.93289830914797,0.7939761002482482
2019/08/06,996.0,1005.0,989.0,999.0,19900,86.53164152580757,91.53946075219224,0.7394691207256074
2019/08/07,1000.0,1010.0,990.0,990.0,20600,86.78886555224011,91.46642887814494,0.7288130131451636
2019/08/08,992.0,998.0,989.0,989.0,15400,87.10212448741956,92.16463657775041,0.7435072772860757
2019/08/09,993.0,1003.0,993.0,1003.0,10500,87.69070864166972,93.04757706187253,0.7956320718198764
2019/08/13,990.0,1009.0,990.0,1000.0,14400,88.99968357055207,93.72459816609059,0.80886901636971
2019/08/14,1013.0,1013.0,997.0,1008.0,8700,89.47958845051589,94.25736131697082,0.8112596036436571
2019/08/15,986.0,1001.0,986.0,991.0,13300,90.11337759288514,94.21198842881702,0.8100150585325718
2019/08/16,999.0,1011.0,994.0,999.0,8000,90.79907864366234,95.14597990964731,0.8308632822090235
2019/08/19,1018.0,1024.0,1016.0,1019.0,11200,91.90170952452799,96.39896620419822,0.9430919068766903
2019/08/20,1023.0,1044.0,1023.0,1035.0,10500,94.57572013736724,98.44512311982928,0.9739012065527003
2019/08/21,1030.0,1035.0,1027.0,1032.0,7600,94.93550726532521,99.27238843282204,0.9786260132992083
2019/08/22,1033.0,1033.0,1016.0,1027.0,5700,94.71648382717363,98.83025056492406,0.9568763451368755
2019/08/23,1031.0,1038.0,1022.0,1030.0,5700,93.66972568242205,97.65773561879408,0.9759255372727393
2019/08/26,1003.0,1021.0,1000.0,1000.0,14700,91.71105575987957,95.33549417562396,0.9188920162624985
2019/08/27,1015.0,1019.0,993.0,993.0,13400,90.3291061482244,94.14949114575946,0.8854552466829904
2019/08/28,995.0,1001.0,995.0,998.0,10300,90.22982200637702,94.4009812668957,0.8975148518631152
2019/08/29,1013.0,1013.0,1000.0,1011.0,10000,90.40083515265427,94.3930177093888,0.8616622299734344
2019/08/30,1021.0,1032.0,1015.0,1030.0,27400,92.03028957976814,95.65204450147495,0.9316447672068527
2019/09/02,1028.0,1028.0,1015.0,1015.0,1900,92.9126356820065,96.42952641029916,0.9850242030572203
2019/09/03,1020.0,1020.0,1011.0,1017.0,8000,93.57481802058646,96.70957990239235,0.9844893218990998
2019/09/04,1016.0,1023.0,1015.0,1015.0,8700,93.66678725484562,96.9177654965442,0.9855550580942962
2019/09/05,1019.0,1040.0,1015.0,1029.0,20400,92.60911455270123,95.77386973391187,0.9884441373387528
2019/09/06,1044.0,1049.0,1035.0,1040.0,8100,93.3729351626152,97.23567473254779,1.0153968966336722
2019/09/09,1048.0,1050.0,1040.0,1050.0,8000,95.3240356799294,98.8236652671478,0.9938882859391867
2019/09/10,1055.0,1069.0,1049.0,1062.0,12700,98.18299195492493,101.05216114641462,1.0183700787854773
2019/09/11,1056.0,1098.0,1050.0,1098.0,26200,101.87826683799501,103.95779934495926,1.0296244914249668
2019/09/12,1092.0,1159.0,1084.0,1140.0,20400,103.51720100120897,105.8122969125411,1.0685832331536564
2019/09/13,1167.0,1167.0,1102.0,1144.0,39400,106.80554656844859,109.18920796227178,1.0518761480714929
2019/09/17,1144.0,1168.0,1135.0,1168.0,16500,107.27723549701749,109.8456578449583,1.0479216196369363
2019/09/18,1164.0,1168.0,1135.0,1140.0,10400,104.22914168979356,107.46737662995669,1.0319361994565743
2019/09/19,1150.0,1167.0,1150.0,1167.0,14400,104.96776858259776,108.14013371762042,1.0333460328205162
2019/09/20,1170.0,1170.0,1101.0,1102.0,32500,97.33525082201704,100.49358996056286,0.927995697717341
2019/09/24,1124.0,1153.0,1124.0,1153.0,10700,99.52792885503506,103.16594393618543,0.9525963323725267
2019/09/25,1175.0,1175.0,1147.0,1157.0,8700,99.9052415297874,102.92468122764984,0.9567941474071597
2019/09/26,1187.0,1249.0,1170.0,1187.0,28200,104.15716377885246,107.01727532716379,0.9913585652981166
2019/09/27,1180.0,1181.0,1123.0,1154.0,24100,104.96771163114238,107.85637469777838,0.9863927160397225
2019/09/30,1143.0,1143.0,1079.0,1112.0,24800,102.16542173676511,104.96210023523327,0.9637237222961897
2019/10/01,1122.0,1137.0,1112.0,1120.0,9600,101.80936977630921,104.46159352852753,0.957746002501208
2019/10/02,1120.0,1148.0,1119.0,1120.0,10700,101.88536113104773,103.9312947159168,0.962151290504515
2019/10/03,1110.0,1126.0,1089.0,1116.0,10400,102.1785308105996,104.42204652834155,0.978926817323326
2019/10/04,1103.0,1156.0,1103.0,1151.0,10800,105.84429353193723,108.59323784598331,1.0063212796438514
2019/10/07,1145.0,1149.0,1102.0,1114.0,8500,103.92004521463289,105.98343306313309,0.9887956675342715
2019/10/08,1120.0,1144.0,1119.0,1144.0,7400,105.66797382420108,107.89428324855459,0.9966407589353309
2019/10/09,1139.0,1160.0,1139.0,1159.0,6900,107.05865074857608,108.97797756613599,1.0041439185222878
2019/10/10,1150.0,1150.0,1136.0,1136.0,3100,104.72815569495194,107.52129108062445,0.9989365109720226
2019/10/11,1144.0,1144.0,1121.0,1129.0,6400,104.01720928694216,106.62417064695286,0.9862332600888732
2019/10/15,1153.0,1153.0,1121.0,1137.0,10400,105.33866743094329,108.07632505944554,0.9358597750873764
2019/10/16,1155.0,1169.0,1141.0,1169.0,13900,103.67827987436755,107.1563791754151,0.9351985187980754
2019/10/17,1166.0,1166.0,1145.0,1149.0,8200,103.71714150222854,107.86538298525889,0.9252210610314408
2019/10/18,1166.0,1166.0,1150.0,1163.0,6200,104.20726341618172,108.56959473169077,0.9427384627190928
2019/10/21,1163.0,1163.0,1147.0,1161.0,5500,103.22642690594984,107.14152247982214,0.9845617625377053
2019/10/23,1166.0,1170.0,1163.0,1163.0,7200,102.02523004171485,105.38091867191277,0.9790719132657383
2019/10/24,1167.0,1173.0,1162.0,1167.0,7100,102.4400900493197,106.72293363279908,0.977144619629675
2019/10/25,1181.0,1181.0,1162.0,1169.0,6800,105.45479379590978,109.88533848889908,0.9712435056170347
2019/10/28,1169.0,1175.0,1158.0,1170.0,6600,104.75565712260986,109.21743079670306,0.9886368070135336
2019/10/29,1179.0,1218.0,1174.0,1194.0,11700,104.0268236717728,107.94944118271188,1.0128235570768467
2019/10/30,1224.0,1255.0,1208.0,1255.0,22300,109.78205109463627,113.04455838199696,1.1027292058229234
2019/10/31,1264.0,1300.0,1257.0,1276.0,21600,116.28342851740447,120.35068752715526,1.15628885735612
2019/11/01,1253.0,1256.0,1223.0,1243.0,5500,116.45576435407885,119.07862663070917,1.128259560043218
2019/11/05,1261.0,1262.0,1240.0,1251.0,18600,111.05217603623943,114.19344205351076,1.1488627787945753
2019/11/06,1258.0,1260.0,1244.0,1255.0,7000,111.99670018132548,115.24272579489714,1.1462456585681944
2019/11/07,1260.0,1260.0,1248.0,1250.0,6100,109.62802742840705,112.60915080238085,1.1359793119678097
2019/11/08,1265.0,1265.0,1234.0,1254.0,15500,107.94566639927083,111.49875487683536,1.1230627776983695
2019/11/11,1264.0,1264.0,1237.0,1238.0,6600,107.4228936625966,110.42667836086937,1.1250736947584226
2019/11/12,1239.0,1247.0,1238.0,1244.0,7900,108.21605397573339,111.8366313870452,1.1148757091017976
2019/11/13,1244.0,1244.0,1235.0,1235.0,4800,111.03364195294769,114.40457877472181,1.112623935534638
2019/11/14,1235.0,1235.0,1194.0,1194.0,7000,107.65251900569186,111.17670739314549,1.1013906789966723
2019/11/15,1210.0,1240.0,1210.0,1232.0,8700,109.89417909021151,113.43055997213322,1.113156674955986
2019/11/18,1236.0,1247.0,1233.0,1244.0,4100,110.61400740845994,114.29750767434244,1.122132765524935
2019/11/19,1237.0,1242.0,1228.0,1228.0,2500,108.16280750584157,111.84131883832276,1.1150792226930217
2019/11/20,1219.0,1226.0,1218.0,1226.0,3400,106.06027782118406,109.07522674687664,1.1144267612484267
2019/11/21,1225.0,1233.0,1220.0,1227.0,3100,102.84233569229156,105.5411985514924,1.1490211174565157
2019/11/22,1214.0,1232.0,1211.0,1214.0,9500,102.10975974806745,104.41629602002962,1.1373490244380726
2019/11/25,1235.0,1235.0,1217.0,1235.0,7500,103.0736619075326,105.49770863473785,1.1458938736990292
2019/11/26,1211.0,1221.0,1202.0,1202.0,9800,99.29002167549643,101.90204171536669,1.1287824056710178
2019/11/27,1219.0,1219.0,1196.0,1215.0,6300,100.66930585877331,102.82801742916088,1.153274573109915
2019/11/28,1212.0,1222.0,1205.0,1222.0,7900,99.49901637179266,101.64701895236743,1.1091240882878972
2019/11/29,1222.0,1222.0,1199.0,1207.0,10300,100.9716802709875,103.25504511180843,0.9798700487824631
2019/12/02,1207.0,1220.0,1160.0,1206.0,16600,100.43966881999171,103.1341226108053,0.9807439375159179
2019/12/03,1193.0,1212.0,1185.0,1186.0,11200,97.6274563357299,100.08931249489399,0.9727995896425086
2019/12/04,1175.0,1217.0,1175.0,1217.0,12200,103.59740276372492,105.3138534840155,1.0096620277809287
2019/12/05,1230.0,1230.0,1217.0,1222.0,11500,102.89025308203972,104.9286973301605,1.0075840698190879
2019/12/06,1220.0,1221.0,1212.0,1212.0,4400,103.69003048360315,105.64766264105188,1.000956519946896
2019/12/09,1223.0,1223.0,1217.0,1217.0,3100,103.8783582413184,105.89357676728453,1.0143588334018707
2019/12/10,1217.0,1229.0,1213.0,1222.0,8500,105.13484549127645,106.54304648223638,1.0211500057969656
2019/12/11,1222.0,1222.0,1212.0,1212.0,4200,104.12102607985312,105.62170135816547,1.0211327695453025
2019/12/12,1210.0,1221.0,1210.0,1218.0,6200,105.52166964537082,106.94009601137454,1.0261529307740027
2019/12/13,1239.0,1239.0,1212.0,1212.0,24000,103.49241494217264,106.43325725786012,1.002943247370107
2019/12/16,1213.0,1230.0,1213.0,1230.0,7100,105.78738836582345,108.13844086955457,1.0188471883039691
2019/12/17,1237.0,1237.0,1230.0,1233.0,6600,107.32398944776193,109.39128626210099,1.0128661728537498
2019/12/18,1230.0,1232.0,1212.0,1232.0,8900,108.57602501299411,110.83817615458801,1.0174060134501655
2019/12/19,1232.0,1233.0,1215.0,1220.0,5400,107.2524030231937,109.68511908736514,1.0156616340574027
2019/12/20,1221.0,1265.0,1212.0,1265.0,35200,113.82677908735634,115.43650767298278,1.0651602217439031
2019/12/23,1282.0,1282.0,1224.0,1228.0,7400,108.5160341736041,110.45406698631461,1.0003305512431264
2019/12/24,1237.0,1246.0,1225.0,1245.0,3500,109.97457196446038,112.06091041268257,1.0110300879225746
2019/12/25,1245.0,1256.0,1245.0,1245.0,11800,107.17633209554099,109.67124242028001,1.0149552381506235
2019/12/26,1245.0,1265.0,1245.0,1265.0,14100,101.19912869721685,104.59977011377796,1.0230564314117483
2019/12/27,1265.0,1352.0,1262.0,1352.0,18500,109.46715340128372,112.39086801644179,1.1451091787506653
2019/12/30,1346.0,1346.0,1285.0,1285.0,27100,104.7912076658751,108.30621381983272,1.0923326248413152
2020/01/06,1267.0,1270.0,1247.0,1249.0,14200,105.84849731197006,109.21568831833687,1.0959581338561826
2020/01/07,1269.0,1278.0,1250.0,1268.0,13100,107.48338930056802,110.39799502937338,1.1241690533050173
2020/01/08,1250.0,1250.0,1231.0,1236.0,15400,108.80459940115699,111.51968731632758,1.1694861492086557
2020/01/09,1241.0,1254.0,1241.0,1247.0,3100,106.34110278713744,110.20900176281285,1.1505014839451306
2020/01/10,1248.0,1260.0,1247.0,1250.0,2300,108.3294141025422,111.87911926786714,1.1406472632897773
2020/01/14,1256.0,1256.0,1247.0,1247.0,3600,105.63363351727733,109.43359747085088,1.1438413414787139
2020/01/15,1247.0,1248.0,1232.0,1248.0,11500,108.18770571980183,112.43898935729307,1.1493660714372607
2020/01/16,1239.0,1239.0,1213.0,1213.0,9700,102.78785683941247,107.6367009659384,1.1293915662732288
2020/01/17,1226.0,1226.0,1200.0,1200.0,7800,103.5672819064899,108.13479335680407,1.1110052202797847
2020/01/20,1201.0,1208.0,1201.0,1206.0,5100,101.8190519178466,106.28724696773605,1.1123680099766298
2020/01/21,1211.0,1262.0,1211.0,1249.0,10300,106.8655141455539,110.93758005459813,1.154848284551566
2020/01/22,1250.0,1258.0,1243.0,1245.0,8900,107.01159273687699,110.76283841692103,1.1470183235580462
2020/01/23,1258.0,1284.0,1256.0,1256.0,7900,108.4910359322597,112.57541072045537,1.159607963250457
2020/01/24,1260.0,1261.0,1246.0,1252.0,8400,108.93686937394926,113.08358064850847,1.150503127861141
2020/01/27,1241.0,1241.0,1223.0,1226.0,12000,108.55700370259207,112.12251033579952,0.9912442770108868
2020/01/28,1222.0,1224.0,1188.0,1201.0,35300,107.33207925593517,110.94945231086231,0.9740139588953383
2020/01/29,1204.0,1206.0,1189.0,1193.0,8200,104.37369011806399,108.28862130712355,0.9660755990734309
2020/01/30,1206.0,1206.0,1171.0,1187.0,12900,108.3970566168037,112.21867341591214,0.9594193331731128
2020/01/31,1205.0,1218.0,1200.0,1201.0,14100,97.01689599977065,100.59295553194588,0.960767873430065
2020/02/03,1124.0,1159.0,1124.0,1124.0,16900,88.46990384546177,92.00240195995431,0.9039151895969824
2020/02/04,1109.0,1165.0,1107.0,1165.0,13900,90.5290727510743,94.22449349821382,0.9707548437928932
2020/02/05,1170.0,1180.0,1143.0,1180.0,8200,89.21068633810876,92.65231933954733,0.9817469952878816
2020/02/06,1180.0,1208.0,1180.0,1208.0,18800,90.36244336392208,93.90684197188796,0.9818574216689763
2020/02/07,1208.0,1209.0,1193.0,1205.0,6800,88.49093494518095,92.16147359388496,0.9794333122544016
2020/02/10,1186.0,1205.0,1183.0,1187.0,6900,89.36664300161613,92.77812469992215,0.989094700766143
2020/02/12,1186.0,1196.0,1182.0,1186.0,5300,89.0650319287441,92.93110435523734,0.9895047362534799
2020/02/13,1183.0,1195.0,1182.0,1195.0,4800,87.54676787575923,91.5780394638639,0.9983905311579314
2020/02/14,1185.0,1193.0,1184.0,1189.0,7900,87.71809161672108,92.08326939609104,0.995098676791974
2020/02/17,1198.0,1198.0,1175.0,1175.0,10200,86.42611545422992,90.67157505326088,1.0710486777362558
2020/02/18,1175.0,1175.0,1135.0,1135.0,13400,86.94375692028532,91.29845368606053,1.0523899643180235
2020/02/19,1160.0,1165.0,1138.0,1141.0,7200,86.43365146729862,91.0794356843628,1.0547621489317403
2020/02/20,1142.0,1149.0,1132.0,1132.0,5600,83.99794515117026,88.53698407321009,0.9821241893089747
2020/02/21,1124.0,1138.0,1123.0,1129.0,6200,84.02284255383967,88.18136414237154,0.9832542066569582
2020/02/25,1090.0,1097.0,1067.0,1073.0,29500,82.70737294958741,87.10781142783124,0.9487057092844955
2020/02/26,1073.0,1092.0,1073.0,1085.0,15800,85.90807825593495,90.16689953616766,0.9604268228259816
2020/02/27,1138.0,1138.0,1072.0,1077.0,25000,86.01394639515459,90.50809050255882,1.0171494324799022
2020/02/28,1067.0,1067.0,996.0,996.0,28000,84.10387646137382,88.02640610929265,0.9878173227158719
2020/03/02,996.0,1078.0,996.0,1050.0,28100,87.99284829529401,91.80301546862746,1.0677587331483709
2020/03/03,1071.0,1084.0,1037.0,1037.0,23500,89.05453405069765,92.96830762109781,1.0699456829127507
2020/03/04,1018.0,1032.0,1015.0,1022.0,8400,89.94501496117854,94.47055137396389,1.0658288507129998
2020/03/05,1031.0,1043.0,1022.0,1022.0,12900,87.42177082205865,91.83279186149124,0.9918458758821089
2020/03/06,1018.0,1018.0,985.0,985.0,25500,88.09292367297124,92.90347157050847,0.9688992406552847
2020/03/09,979.0,985.0,933.0,933.0,25800,85.3716570191835,90.63874546859574,0.9732597861720327
2020/03/10,918.0,931.0,890.0,931.0,31500,84.60888953089287,89.21697758926302,0.882442245503604
2020/03/11,961.0,1021.0,950.0,994.0,35900,91.74647676424026,96.17112633205095,1.0369758620786849
2020/03/12,950.0,984.0,920.0,944.0,26400,90.83250535033113,94.72545732178838,1.024319126754211
2020/03/13,929.0,960.0,853.0,924.0,45300,94.99456932997697,98.05166796677833,1.0432319306409252
2020/03/16,922.0,953.0,891.0,899.0,15600,92.18919150209423,94.78040125888289,1.0245471147756537
2020/03/17,910.0,970.0,868.0,970.0,35200,99.41350297105845,99.54356074344517,1.0969568793267659
2020/03/18,1047.0,1047.0,961.0,964.0,20200,99.95066320610508,98.28258585858194,1.0909292683936276
2020/03/19,980.0,1004.0,899.0,899.0,52000,93.22233989260091,89.91405610835625,0.9944999215226002
2020/03/23,978.0,1035.0,963.0,965.0,50900,99.80617199363124,98.09864769248072,1.1118555776015204
2020/03/24,980.0,1028.0,973.0,1006.0,41800,95.01561977768763,97.36438565744194,1.147407065123987
2020/03/25,1064.0,1064.0,991.0,1035.0,38900,89.0645359476857,91.99919873728717,1.0974125227878382
2020/03/26,1035.0,1081.0,990.0,1040.0,32400,94.74621443897983,95.10127924243427,1.131088287758361
2020/03/27,1030.0,1155.0,1027.0,1155.0,85300,103.11829398064522,102.82284516215547,1.3543430568756694
2020/03/30,1051.0,1091.0,1040.0,1087.0,41500,96.08347531704605,95.96090888254936,1.322206282017168
2020/03/31,1099.0,1099.0,1028.0,1042.0,23500,92.18447892809839,93.14853949156773,1.2822831676716502
2020/04/01,1033.0,1041.0,990.0,990.0,19000,91.9553768353405,91.83518718255688,1.2859270498693136
2020/04/02,1005.0,1005.0,963.0,972.0,16200,90.53341455239719,90.457763888913,1.2671779896624338
2020/04/03,960.0,983.0,930.0,932.0,9400,86.79887535052794,87.01934772408704,1.215759372327662
2020/04/06,961.0,999.0,959.0,995.0,14800,88.7750569614046,89.20676478470611,1.2187984431077052
2020/04/07,996.0,1027.0,981.0,1006.0,9900,88.21834257176366,88.4553161296894,1.206549668988597
2020/04/08,990.0,1036.0,990.0,1019.0,13800,87.56968835978601,88.13181561341436,1.2021080518879301
2020/04/09,1013.0,1019.0,992.0,1014.0,11400,86.86964920161442,87.75847655356478,1.2161452316709014
2020/04/10,1020.0,1027.0,993.0,1025.0,8400,88.6426212055257,88.71947486865525,1.074407674395534
2020/04/13,1012.0,1022.0,1000.0,1009.0,3800,87.65771315921093,87.18957774945146,1.0293777258445997
2020/04/14,1010.0,1019.0,997.0,1011.0,8000,84.92682531128595,85.15815036771993,1.006168171680793
2020/04/15,1019.0,1019.0,993.0,993.0,13600,83.57135387408773,83.3928810666533,0.9891674166052609
2020/04/16,993.0,1035.0,993.0,1035.0,11100,89.51868818319875,88.76544508403227,1.0317333766072374
2020/04/17,1035.0,1035.0,1001.0,1001.0,8900,82.67027513080822,83.05046775940926,0.9812934453018147
2020/04/20,997.0,1018.0,995.0,1003.0,8700,82.09938888389817,82.12954270137013,1.0489241092482735
2020/04/21,995.0,1009.0,995.0,1009.0,8400,85.21541037771375,84.60648047627348,1.0622945623312403
2020/04/22,998.0,998.0,987.0,993.0,7500,84.82171270238807,83.78470730884415,1.0596794879716802
2020/04/23,994.0,1022.0,994.0,1022.0,5200,85.02839572542888,84.14890059843924,1.070119146029183
2020/04/24,1029.0,1040.0,1016.0,1040.0,12700,90.83903209064516,89.48505772015199,1.1554893627714033
2020/04/27,1048.0,1070.0,1038.0,1070.0,9600,89.96749608152994,89.743160528143,1.00117512171407
2020/04/28,1080.0,1095.0,1052.0,1095.0,11900,92.12556111624475,91.71955073658626,1.0870834042545068
2020/04/30,1100.0,1100.0,1061.0,1075.0,24000,88.55062194186469,89.12912211462113,1.0776582041352754
2020/05/01,1031.0,1094.0,1031.0,1094.0,13300,92.75376424252862,92.78118792874896,1.1591978670896066
2020/05/07,1082.0,1087.0,1057.0,1057.0,12500,93.25223389408838,93.17527965891911,1.0821044674903697
2020/05/08,1093.0,1099.0,1063.0,1099.0,7600,92.48160725846428,92.89463929443875,1.1137868226064842
2020/05/11,1102.0,1114.0,1092.0,1114.0,12000,91.73852278157575,91.88070462022793,1.0624565402915422
2020/05/12,1117.0,1117.0,1095.0,1098.0,5000,89.57246957228921,90.00935528871807,1.0508609873533183
2020/05/13,1092.0,1092.0,1060.0,1090.0,9100,88.61279455034656,88.75120940355895,1.0456159286606608
2020/05/14,1081.0,1081.0,1049.0,1049.0,6700,83.482377628532,83.89697559895694,1.0546631408222185
2020/05/15,1048.0,1062.0,1033.0,1038.0,7200,81.42139717511418,82.08160415240312,1.0509284254419127
2020/05/18,1048.0,1060.0,1019.0,1030.0,18700,81.87471563800365,82.45663593421581,1.0013730074015044
2020/05/19,1069.0,1069.0,1000.0,1033.0,20900,81.53260868534804,81.70297132041657,0.9870017300188804
2020/05/20,1033.0,1039.0,1020.0,1025.0,14000,82.62496259750164,82.70907979405709,0.9773198979504638
2020/05/21,1026.0,1030.0,1019.0,1030.0,5800,82.49112660453657,82.80938230586365,0.9665959636955651
2020/05/22,1029.0,1030.0,1010.0,1012.0,10400,81.69821491859337,82.26214168709643,0.966847151799947
2020/05/25,1025.0,1043.0,1001.0,1019.0,19600,79.74422212444937,80.41299325484823,0.941775673929201
2020/05/26,1032.0,1077.0,1032.0,1074.0,10500,85.66983923713232,86.62240263759739,0.9565482981707065
2020/05/27,1074.0,1086.0,1052.0,1086.0,13600,85.1251018030325,86.07885245947564,0.9543087431094571
2020/05/28,1100.0,1110.0,1083.0,1110.0,26700,85.40102720181585,86.80188605913878,0.9186468990901083
2020/05/29,1110.0,1110.0,1095.0,1095.0,22000,85.63957539474289,87.95787667682814,0.9475073020726932
2020/06/01,1111.0,1259.0,1091.0,1164.0,40700,90.18988341288271,93.1504502592644,1.0433633324821372
2020/06/02,1177.0,1186.0,1125.0,1182.0,20900,91.95772384937897,94.98266331604414,1.037555866158316
2020/06/03,1176.0,1176.0,1146.0,1167.0,12600,89.42169984333478,93.13129027506096,1.0302639635857003
2020/06/04,1184.0,1188.0,1168.0,1188.0,9300,92.62430443666845,96.21370332674873,1.0337938540973672
2020/06/05,1178.0,1208.0,1161.0,1208.0,18400,93.98968706937457,97.78535345937146,1.0363059377532047
2020/06/08,1191.0,1191.0,1168.0,1180.0,16000,89.7377808958812,93.7212566267285,1.037473023371108
2020/06/09,1178.0,1210.0,1176.0,1191.0,8500,91.90624551043892,95.95942310160365,1.0428467265363417
2020/06/10,1176.0,1196.0,1176.0,1196.0,8000,92.06475469999542,96.38669752725788,1.0478666387327003
2020/06/11,1179.0,1190.0,1152.0,1161.0,11300,92.947768822816,96.3516610440044,1.077049250916852
2020/06/12,1141.0,1156.0,1125.0,1128.0,12500,92.05968714167255,95.75738775123102,1.1044887351751955
2020/06/15,1128.0,1135.0,1084.0,1091.0,8400,93.1574706397868,95.5079084980097,1.1911400610186618
2020/06/16,1120.0,1160.0,1109.0,1160.0,10600,95.6770350978343,98.83138940178466,1.214035624463434
2020/06/17,1160.0,1160.0,1134.0,1154.0,4700,96.00228968124007,99.02479329741584,1.21761433676613
2020/06/18,1169.0,1169.0,1130.0,1164.0,5700,97.85676589798751,100.43336847303179,1.2388952389493388
2020/06/19,1164.0,1164.0,1136.0,1148.0,8700,94.2436193308351,97.32956101002452,1.244519163989724
2020/06/22,1136.0,1153.0,1130.0,1147.0,4000,96.04114913154592,99.22580512242378,1.2568033801593403
2020/06/23,1153.0,1177.0,1153.0,1177.0,4900,98.33423135589128,101.74487050781774,1.2601002669633157
2020/06/24,1173.0,1180.0,1166.0,1177.0,3000,99.22369155657346,102.93915313605308,1.2715231265264748
2020/06/25,1198.0,1205.0,1169.0,1169.0,12700,97.95454567445361,101.62396116224927,1.2654619561133542
2020/06/26,1199.0,1234.0,1178.0,1234.0,13100,104.68939597987523,108.9299713705433,1.353344193751846
2020/06/29,1226.0,1300.0,1216.0,1282.0,23300,108.25215085010946,112.09267481391534,1.1635460349365407
2020/06/30,1300.0,1300.0,1216.0,1223.0,23700,103.71028333944096,108.37335394438506,1.083835682274675
2020/07/01,1223.0,1227.0,1207.0,1207.0,5100,100.22203575129885,105.18748158120235,1.0960324206448944
2020/07/02,1224.0,1262.0,1204.0,1238.0,10600,101.43871013299297,106.66651939697891,1.188376162686798
2020/07/03,1286.0,1291.0,1247.0,1291.0,24400,106.47917930516778,112.05364093098504,1.2938915604435826
2020/07/06,1250.0,1270.0,1215.0,1218.0,15300,99.20282532659154,104.72210901106685,1.1970544507635519
2020/07/07,1218.0,1230.0,1212.0,1214.0,10200,100.5785123134132,105.68690309753083,1.1954324785930701
2020/07/08,1214.0,1240.0,1200.0,1200.0,12500,102.82073883360061,108.11229830257201,1.1938188970992756
2020/07/09,1230.0,1230.0,1180.0,1184.0,9100,99.60157077761338,105.10185945307782,1.1553724446407354
2020/07/10,1184.0,1190.0,1151.0,1151.0,12100,98.22500802923128,103.66857795544082,1.1299082885717375
2020/07/13,1211.0,1211.0,1158.0,1182.0,10700,99.570447795581,105.06095533255741,1.1403975680954692
2020/07/14,1207.0,1207.0,1161.0,1185.0,16400,100.69703129990116,105.85722336841863,1.1565191410582216
2020/07/15,1156.0,1181.0,1156.0,1178.0,13600,99.29794096901387,104.6505849924515,1.1304790018279784
2020/07/16,1180.0,1194.0,1175.0,1175.0,3300,103.33317466478118,108.62713153737332,1.1156720618416753
2020/07/17,1199.0,1199.0,1172.0,1189.0,3600,104.0327203783092,109.29957256722152,1.0954187450756099
2020/07/20,1189.0,1193.0,1170.0,1188.0,4100,106.05880911967355,111.02618529767996,1.0907978945313455
2020/07/21,1199.0,1224.0,1191.0,1222.0,8800,107.6994964280739,112.98998722977866,1.136824748930561
2020/07/22,1212.0,1212.0,1169.0,1169.0,8200,104.44372326240784,109.60514828409119,1.0800619202510928
2020/07/27,1199.0,1199.0,1179.0,1196.0,11000,105.57834040858323,110.37482047563756,0.919491653032288
2020/07/28,1200.0,1200.0,1189.0,1196.0,5800,103.33226884639257,108.28889818768242,0.9278834204983232
2020/07/29,1196.0,1196.0,1183.0,1190.0,4200,105.1958427263856,110.61345957048465,0.941091783380709
2020/07/30,1207.0,1210.0,1194.0,1210.0,10500,107.04252177722647,113.01956475787023,1.019073296310793
2020/07/31,1200.0,1200.0,1111.0,1111.0,12800,104.26342303130636,110.02646242261731,0.9625661118279046
2020/08/03,1105.0,1116.0,1101.0,1113.0,8800,102.97629037829394,109.09306130810236,0.9440780987113951
2020/08/04,1150.0,1150.0,1120.0,1142.0,4800,104.24519540019641,110.19601188833346,0.9393017986096931
2020/08/05,1134.0,1134.0,1099.0,1133.0,24000,104.28700662501036,110.41200967097136,0.9333402578369996
2020/08/06,1130.0,1130.0,1111.0,1119.0,2400,103.93480963770325,109.4054197692155,0.9282924842220547
2020/08/07,1119.0,1119.0,1104.0,1106.0,3000,102.1452989488362,107.21079323803704,0.9242499886892784
2020/08/11,1134.0,1134.0,1103.0,1122.0,12900,100.88246840472912,105.16857550001282,0.9187359302595177
2020/08/12,1118.0,1129.0,1118.0,1128.0,12100,101.18243092536972,104.51451575254967,0.9094251384355253
2020/08/13,1128.0,1134.0,1126.0,1131.0,10800,100.1667796603267,104.26842537179981,0.8898748918393989
2020/08/14,1147.0,1147.0,1119.0,1119.0,7000,98.20587560117538,102.48390476741207,0.8916916459957833
2020/08/17,1121.0,1121.0,1110.0,1110.0,5100,96.98124966135096,101.1155600217116,0.8858227232070334
2020/08/18,1115.0,1120.0,1103.0,1104.0,6900,95.68185669970062,99.77473590547466,0.8822522490363985
2020/08/19,1104.0,1110.0,1104.0,1107.0,2300,95.70068720474823,99.5420961749891,0.8831604272377656
2020/08/20,1102.0,1104.0,1072.0,1072.0,12500,94.10525732744101,97.78016564270459,0.8262640897254117
2020/08/21,1072.0,1091.0,1072.0,1084.0,7500,95.09790316457084,98.56294264953189,0.8916958006274944
2020/08/24,1090.0,1092.0,1086.0,1092.0,3300,96.25653587847322,100.4280151574549,0.885936176485638
2020/08/25,1105.0,1105.0,1089.0,1101.0,9600,97.35645951422556,101.62934874772012,0.878844631732877
2020/08/26,1101.0,1104.0,1095.0,1101.0,4800,97.00383530256055,101.21169096293674,0.8768933444298422
2020/08/27,1100.0,1106.0,1100.0,1106.0,6000,96.44407057264986,100.88532421635921,0.8824516840765507
2020/08/28,1118.0,1130.0,1105.0,1120.0,14100,98.38672404086881,102.4359774838251,0.8502838522655316
2020/08/31,1113.0,1120.0,1100.0,1110.0,15300,97.45199830148425,101.72488376682037,0.8828194986242051
2020/09/01,1104.0,1105.0,1098.0,1101.0,7200,96.50205500436344,101.22322641580797,0.8818753470836468
2020/09/02,1103.0,1105.0,1100.0,1102.0,6700,96.43791297304958,100.77400165437611,0.8789926691342267
2020/09/03,1106.0,1110.0,1101.0,1101.0,3600,96.14673544370281,100.64904389034449,0.8633078852819958
2020/09/04,1090.0,1094.0,1081.0,1081.0,12400,94.9576124159137,98.8307071346324,0.8589521047088188
2020/09/07,1083.0,1096.0,1081.0,1093.0,8200,96.10874019711129,100.30387811814643,0.8911303068323291
2020/09/08,1093.0,1115.0,1091.0,1115.0,18100,96.50066695496751,100.91633587783086,0.9250455466198721
2020/09/09,1085.0,1106.0,1081.0,1081.0,26400,92.31881699426316,97.11851712673763,0.8852435048209506
2020/09/10,1094.0,1099.0,1078.0,1086.0,15600,89.2122760227313,93.5183727569728,0.8828603612155643
2020/09/11,1116.0,1116.0,1096.0,1100.0,20200,90.32788144852827,94.58108827090439,0.8967822308642326
2020/09/14,1110.0,1111.0,1101.0,1111.0,10300,88.82957237781054,93.01594599034436,0.9312979026340732
2020/09/15,1116.0,1118.0,1109.0,1117.0,6400,89.70686251207134,94.10304231911955,0.9424066325352601
2020/09/16,1147.0,1147.0,1126.0,1146.0,14300,94.03959222309607,98.21971567712731,0.9900097484447717
2020/09/17,1150.0,1154.0,1144.0,1151.0,11900,93.23670608539764,97.26005286157098,1.004900109418452
2020/09/18,1151.0,1164.0,1144.0,1156.0,19100,99.1468666110616,102.97665257144534,1.0097288149073167
2020/09/23,1135.0,1151.0,1135.0,1142.0,14500,93.09608582045963,97.2526300697714,1.0587420450418958
2020/09/24,1142.0,1164.0,1140.0,1153.0,14900,92.76188987716154,96.9463146151799,1.0889520959564916
2020/09/25,1161.0,1249.0,1147.0,1240.0,22400,101.31340202083481,105.48112318617406,1.4567491647984956
2020/09/28,1220.0,1270.0,1178.0,1270.0,44200,105.67986162592979,109.11438365388419,1.1412202540071887
2020/09/29,1247.0,1257.0,1198.0,1257.0,36200,104.34669898776336,108.50257825221658,1.1551189940743463
2020/09/30,1256.0,1271.0,1223.0,1243.0,29400,104.249484421474,108.98848028682362,1.237965804749112
2020/10/02,1243.0,1243.0,1201.0,1201.0,15300,-1.0,-1.0,-1.0
2020/10/05,1211.0,1234.0,1201.0,1234.0,15600,-1.0,-1.0,-1.0
2020/10/06,1232.0,1232.0,1215.0,1225.0,6000,-1.0,-1.0,-1.0
2020/10/07,1215.0,1222.0,1201.0,1207.0,9300,-1.0,-1.0,-1.0
2020/10/08,1196.0,1196.0,1173.0,1189.0,16200,-1.0,-1.0,-1.0
2020/10/09,1188.0,1188.0,1140.0,1154.0,8200,-1.0,-1.0,-1.0
2020/10/12,1143.0,1143.0,1112.0,1119.0,8200,-1.0,-1.0,-1.0
2020/10/13,1119.0,1119.0,1094.0,1099.0,9900,-1.0,-1.0,-1.0
2020/10/14,1092.0,1100.0,1091.0,1097.0,4000,-1.0,-1.0,-1.0
2020/10/15,1100.0,1105.0,1092.0,1092.0,7400,-1.0,-1.0,-1.0
2020/10/16,1100.0,1100.0,1090.0,1090.0,4100,-1.0,-1.0,-1.0
2020/10/19,1103.0,1121.0,1101.0,1121.0,6000,-1.0,-1.0,-1.0
2020/10/20,1121.0,1121.0,1104.0,1104.0,2600,-1.0,-1.0,-1.0
2020/10/21,1105.0,1121.0,1105.0,1116.0,4600,-1.0,-1.0,-1.0
2020/10/22,1117.0,1125.0,1097.0,1112.0,12900,-1.0,-1.0,-1.0
2020/10/23,1106.0,1123.0,1101.0,1115.0,4300,-1.0,-1.0,-1.0
2020/10/26,1115.0,1115.0,1106.0,1106.0,3900,-1.0,-1.0,-1.0
2020/10/27,1090.0,1113.0,1090.0,1112.0,7700,-1.0,-1.0,-1.0
2020/10/28,1118.0,1120.0,1110.0,1120.0,10000,-1.0,-1.0,-1.0
2020/10/29,1130.0,1130.0,1093.0,1093.0,10400,-1.0,-1.0,-1.0
2020/10/30,1094.0,1120.0,1080.0,1080.0,10400,-1.0,-1.0,-1.0
2020/11/02,1100.0,1112.0,1089.0,1111.0,12400,-1.0,-1.0,0.8742896059494207
2020/11/04,1126.0,1126.0,1090.0,1111.0,8000,-1.0,-1.0,0.8683626990545376
2020/11/05,1117.0,1136.0,1111.0,1136.0,9500,-1.0,-1.0,0.8665832794510944
2020/11/06,1135.0,1144.0,1133.0,1144.0,12800,-1.0,-1.0,0.8784711245530045
2020/11/09,1149.0,1149.0,1130.0,1141.0,13400,-1.0,-1.0,0.9626626407037634
2020/11/10,1135.0,1148.0,1135.0,1148.0,20500,-1.0,-1.0,0.9537245813809242
2020/11/11,1161.0,1164.0,1148.0,1164.0,17900,-1.0,-1.0,0.9472130351966477
2020/11/12,1164.0,1164.0,1150.0,1153.0,5600,-1.0,-1.0,0.9719960349276415
2020/11/13,1146.0,1146.0,1108.0,1108.0,9500,-1.0,-1.0,0.9497217839296649
2020/11/16,1138.0,1155.0,1126.0,1146.0,17300,-1.0,-1.0,0.941127051413009
2020/11/17,1149.0,1150.0,1080.0,1123.0,25100,-1.0,-1.0,0.9119003939664433
2020/11/18,1133.0,1133.0,1104.0,1107.0,7900,-1.0,-1.0,0.9065482832137183
2020/11/19,1091.0,1101.0,1086.0,1093.0,13000,-1.0,-1.0,0.8993195632814369
2020/11/20,1112.0,1112.0,1098.0,1107.0,5800,-1.0,-1.0,0.9054326422532019
2020/11/24,1131.0,1134.0,1110.0,1121.0,12200,-1.0,-1.0,0.8893428195515805
2020/11/25,1127.0,1134.0,1090.0,1095.0,15100,-1.0,-1.0,0.8737375227574247
2020/11/26,1115.0,1125.0,1082.0,1097.0,10000,-1.0,-1.0,0.8685281774766525
2020/11/27,1100.0,1120.0,1099.0,1100.0,26300,-1.0,-1.0,0.8614919528524883
2020/11/30,1099.0,1099.0,1075.0,1075.0,16800,-1.0,-1.0,0.8729552312554613
2020/12/01,1076.0,1088.0,1065.0,1069.0,19500,-1.0,-1.0,0.8597671806240289
2020/12/02,1080.0,1081.0,1051.0,1053.0,24400,-1.0,-1.0,0.8362618296666866
2020/12/03,1055.0,1059.0,1045.0,1050.0,19700,-1.0,-1.0,0.8480577563345311
2020/12/04,1050.0,1053.0,1044.0,1050.0,21100,-1.0,-1.0,0.8465213460311374
2020/12/07,1053.0,1055.0,1033.0,1035.0,15500,-1.0,-1.0,0.8635901110364137
2020/12/08,1035.0,1042.0,1027.0,1030.0,14000,-1.0,-1.0,0.8600302632824605
2020/12/09,1033.0,1039.0,1028.0,1030.0,23100,-1.0,-1.0,0.851760619503339
2020/12/10,1031.0,1032.0,1026.0,1030.0,16300,-1.0,-1.0,0.8607521365372903
2020/12/11,1030.0,1034.0,1022.0,1025.0,20200,-1.0,-1.0,0.8649590994937151
2020/12/14,1048.0,1053.0,1035.0,1035.0,23300,-1.0,-1.0,0.873131004831091
2020/12/15,1044.0,1050.0,1039.0,1045.0,13700,-1.0,-1.0,0.8816924794808778
2020/12/16,1055.0,1057.0,1042.0,1049.0,18700,-1.0,-1.0,0.8810793322787039
2020/12/17,1050.0,1050.0,1038.0,1043.0,14400,-1.0,-1.0,0.913406470221547
2020/12/18,1043.0,1052.0,1043.0,1051.0,32100,-1.0,-1.0,0.90687739194836
2020/12/21,1051.0,1053.0,1040.0,1048.0,14200,-1.0,-1.0,0.912168578392076
2020/12/22,1042.0,1042.0,1018.0,1018.0,17000,-1.0,-1.0,0.9043939761579056
2020/12/23,1028.0,1030.0,1018.0,1019.0,10000,-1.0,-1.0,0.9029284931246178
2020/12/24,1022.0,1022.0,1006.0,1009.0,35000,-1.0,-1.0,0.8888379057351793
2020/12/25,1015.0,1019.0,1010.0,1015.0,20900,-1.0,-1.0,0.9206618607808128
2020/12/28,1016.0,1022.0,1007.0,1013.0,37200,-1.0,-1.0,0.872618554430785
2020/12/29,1018.0,1026.0,1002.0,1026.0,42800,-1.0,-1.0,0.8710088306609787
2020/12/30,1047.0,1061.0,1024.0,1050.0,53800,-1.0,-1.0,0.9495001495078396
2021/01/04,1053.0,1053.0,1015.0,1018.0,24600,-1.0,-1.0,0.9909358233499246
2021/01/05,1018.0,1028.0,1018.0,1027.0,6200,-1.0,-1.0,0.9992139727947433
2021/01/06,1021.0,1036.0,1021.0,1027.0,11800,-1.0,-1.0,0.9964933439666074
2021/01/07,1045.0,1045.0,1031.0,1042.0,16600,-1.0,-1.0,0.9923370989947755
2021/01/08,1044.0,1077.0,1039.0,1077.0,21800,-1.0,-1.0,1.023763782647919
2021/01/12,1066.0,1068.0,1051.0,1068.0,8400,-1.0,-1.0,1.0202743983243319
2021/01/13,1062.0,1079.0,1062.0,1078.0,12800,-1.0,-1.0,1.0254152014137037
2021/01/14,1078.0,1079.0,1062.0,1070.0,9400,-1.0,-1.0,1.0065779221543165
2021/01/15,1071.0,1071.0,1049.0,1051.0,6100,-1.0,-1.0,0.9994766606263675
2021/01/18,1058.0,1058.0,1050.0,1050.0,7100,-1.0,-1.0,1.0049222569289904
2021/01/19,1050.0,1054.0,1046.0,1046.0,6800,-1.0,-1.0,0.996681692856834
2021/01/20,1046.0,1051.0,1025.0,1025.0,20300,-1.0,-1.0,0.9792761066585416
2021/01/21,1040.0,1068.0,1039.0,1062.0,19900,-1.0,-1.0,1.0388027139392828
2021/01/22,1050.0,1057.0,1041.0,1041.0,8100,-1.0,-1.0,1.0202341434599518
2021/01/25,1067.0,1073.0,1052.0,1071.0,8800,-1.0,-1.0,1.0853817827078713
2021/01/26,1076.0,1077.0,1066.0,1076.0,8800,-1.0,-1.0,1.0973000973996256
2021/01/27,1077.0,1078.0,1072.0,1074.0,7400,-1.0,-1.0,1.0851576950292563
2021/01/28,1074.0,1094.0,1055.0,1088.0,32400,-1.0,-1.0,1.1127578442342823
2021/01/29,1095.0,1095.0,1053.0,1053.0,21000,-1.0,-1.0,1.0582531501024004
2021/02/01,1143.0,1170.0,1110.0,1134.0,55500,-1.0,-1.0,1.160774807130805
2021/02/02,1150.0,1195.0,1146.0,1187.0,32400,-1.0,-1.0,1.2213745845684074
2021/02/03,1187.0,1187.0,1167.0,1178.0,30400,-1.0,-1.0,1.200203066783636
2021/02/04,1175.0,1184.0,1172.0,1172.0,21200,-1.0,-1.0,1.1689002962425836
2021/02/05,1170.0,1177.0,1152.0,1165.0,26100,-1.0,-1.0,1.152676577863434
2021/02/08,1165.0,1179.0,1152.0,1168.0,40200,-1.0,-1.0,1.1477629587884803
2021/02/09,1168.0,1168.0,1154.0,1162.0,26500,-1.0,-1.0,1.1423376539305763
2021/02/10,1169.0,1187.0,1169.0,1182.0,32900,-1.0,-1.0,1.1506406434007004
2021/02/12,1175.0,1184.0,1143.0,1177.0,25900,-1.0,-1.0,1.1364106300194363
2021/02/15,1177.0,1185.0,1160.0,1183.0,33000,-1.0,-1.0,1.1259857090301637
2021/02/16,1183.0,1219.0,1179.0,1210.0,38000,-1.0,-1.0,1.1422661176439346
2021/02/17,1209.0,1221.0,1209.0,1211.0,17200,-1.0,-1.0,1.141729810396654
2021/02/18,1211.0,1230.0,1192.0,1204.0,61500,-1.0,-1.0,1.172809669008165
2021/02/19,1204.0,1218.0,1191.0,1197.0,26100,-1.0,-1.0,1.196281634669559
2021/02/22,1210.0,1232.0,1202.0,1208.0,28100,-1.0,-1.0,1.1319093356734822
2021/02/24,1208.0,1223.0,1173.0,1181.0,28500,-1.0,-1.0,1.1351013173875089
2021/02/25,1194.0,1215.0,1194.0,1214.0,30500,-1.0,-1.0,1.1495282963342246
2021/02/26,1213.0,1226.0,1194.0,1198.0,38700,-1.0,-1.0,1.2219271381334436
2021/03/01,1199.0,1240.0,1199.0,1239.0,30500,-1.0,-1.0,1.1173020627101087
2021/03/02,1227.0,1227.0,1183.0,1186.0,39600,-1.0,-1.0,1.0904721364652832
2021/03/03,1186.0,1212.0,1186.0,1212.0,27300,-1.0,-1.0,1.1111064662720558
2021/03/04,1212.0,1219.0,1186.0,1204.0,34500,-1.0,-1.0,1.054868858997817
2021/03/05,1205.0,1235.0,1195.0,1231.0,55500,-1.0,-1.0,1.1071879101937203
2021/03/08,1235.0,1254.0,1218.0,1240.0,33200,-1.0,-1.0,1.1763170566772185
2021/03/09,1253.0,1279.0,1236.0,1279.0,38200,-1.0,-1.0,1.214776560527641
2021/03/10,1285.0,1285.0,1262.0,1279.0,32300,-1.0,-1.0,1.2164377387164536
2021/03/11,1280.0,1297.0,1280.0,1294.0,33700,-1.0,-1.0,1.2313930112336164
2021/03/12,1294.0,1294.0,1275.0,1292.0,41900,-1.0,-1.0,1.2005660393614066
2021/03/15,1292.0,1308.0,1281.0,1300.0,37800,-1.0,-1.0,1.2320476606096344
2021/03/16,1300.0,1310.0,1290.0,1310.0,35000,-1.0,-1.0,1.231762447459059
2021/03/17,1310.0,1330.0,1306.0,1330.0,28500,-1.0,-1.0,1.263657080169242
2021/03/18,1325.0,1326.0,1303.0,1320.0,48500,-1.0,-1.0,1.183912634525018
2021/03/19,1330.0,1394.0,1327.0,1389.0,101000,-1.0,-1.0,1.304751530672422
2021/03/22,1389.0,1389.0,1350.0,1355.0,52600,-1.0,-1.0,1.2666669274972011
2021/03/23,1359.0,1361.0,1311.0,1322.0,30600,-1.0,-1.0,1.2387933800172914
2021/03/24,1322.0,1331.0,1280.0,1283.0,37000,-1.0,-1.0,1.2324014316103575
2021/03/25,1291.0,1307.0,1276.0,1297.0,49800,-1.0,-1.0,1.2405984725029782
2021/03/26,1305.0,1316.0,1290.0,1310.0,77700,-1.0,-1.0,1.2435572770162546
2021/03/29,1310.0,1313.0,1286.0,1309.0,84800,-1.0,-1.0,1.0961975462163795
2021/03/30,1291.0,1299.0,1251.0,1258.0,141400,-1.0,-1.0,1.0088766265785731
2021/03/31,1245.0,1255.0,1207.0,1213.0,57900,-1.0,-1.0,0.9650664346258128
2021/04/01,1217.0,1252.0,1213.0,1214.0,36400,-1.0,-1.0,1.0025005282959665
2021/04/02,1225.0,1250.0,1225.0,1240.0,24700,-1.0,-1.0,0.9966720266846727
2021/04/05,1240.0,1257.0,1222.0,1232.0,25200,-1.0,-1.0,0.9570490652810382
2021/04/06,1232.0,1245.0,1210.0,1215.0,38100,-1.0,-1.0,0.9613593207327312
2021/04/07,1215.0,1243.0,1215.0,1233.0,27400,-1.0,-1.0,0.9693319321414108
2021/04/08,1233.0,1233.0,1197.0,1199.0,36800,-1.0,-1.0,0.918391600129753
2021/04/09,1200.0,1208.0,1183.0,1185.0,53100,-1.0,-1.0,0.9070227684848731
2021/04/12,1187.0,1234.0,1187.0,1222.0,38000,-1.0,-1.0,0.9835311571794929
2021/04/13,1227.0,1232.0,1200.0,1208.0,55800,-1.0,-1.0,0.9663639042113531
2021/04/14,1208.0,1221.0,1202.0,1213.0,24300,-1.0,-1.0,0.9745993161109047
2021/04/15,1213.0,1240.0,1213.0,1225.0,28200,-1.0,-1.0,0.982420576721595
2021/04/16,1225.0,1231.0,1222.0,1227.0,19800,-1.0,-1.0,0.9691331445062095
2021/04/19,1227.0,1237.0,1211.0,1219.0,25600,-1.0,-1.0,0.8752381469412506
2021/04/20,1219.0,1250.0,1214.0,1214.0,30600,-1.0,-1.0,0.8838786009673748
2021/04/21,1214.0,1227.0,1195.0,1196.0,32500,-1.0,-1.0,0.8856104733522985
2021/04/22,1209.0,1222.0,1192.0,1201.0,23400,-1.0,-1.0,0.8910024016360025
2021/04/23,1201.0,1210.0,1185.0,1185.0,26300,-1.0,-1.0,0.8820779754233427
2021/04/26,1189.0,1194.0,1167.0,1171.0,32400,-1.0,-1.0,0.8935053022754424
2021/04/27,1182.0,1189.0,1167.0,1170.0,30100,-1.0,-1.0,0.9016147746934553
2021/04/28,1178.0,1190.0,1124.0,1124.0,59300,-1.0,-1.0,0.8479067513915819
2021/04/30,1136.0,1163.0,1136.0,1137.0,44400,-1.0,-1.0,0.9386013932199558
2021/05/06,1151.0,1163.0,1147.0,1150.0,29200,-1.0,-1.0,0.9258274588148019
2021/05/07,1156.0,1165.0,1156.0,1156.0,18900,-1.0,-1.0,0.9632209095109292
2021/05/10,1156.0,1188.0,1156.0,1169.0,24100,-1.0,-1.0,0.945266987620215
2021/05/11,1161.0,1174.0,1119.0,1119.0,58300,-1.0,-1.0,0.9013690878726104
2021/05/12,1128.0,1143.0,1110.0,1110.0,34100,-1.0,-1.0,0.8548176056209649
2021/05/13,1110.0,1141.0,1089.0,1089.0,30100,-1.0,-1.0,0.8665033729803465
2021/05/14,1107.0,1148.0,1093.0,1093.0,16500,-1.0,-1.0,0.8628308911133911
2021/05/17,1097.0,1102.0,1064.0,1068.0,34400,-1.0,-1.0,0.8398491583866824
2021/05/18,1079.0,1086.0,1067.0,1077.0,30700,-1.0,-1.0,0.8332997957695946
2021/05/19,1064.0,1079.0,1060.0,1069.0,42300,-1.0,-1.0,0.837880966654311
2021/05/20,1070.0,1082.0,1067.0,1074.0,27100,-1.0,-1.0,0.839173850693926
2021/05/21,1074.0,1079.0,1065.0,1066.0,21800,-1.0,-1.0,0.8261110351236384
2021/05/24,1071.0,1089.0,1068.0,1076.0,28700,-1.0,-1.0,0.8656773712491345
2021/05/25,1078.0,1082.0,1051.0,1054.0,39000,-1.0,-1.0,0.8093239721663674
2021/05/26,1054.0,1066.0,1048.0,1049.0,29200,-1.0,-1.0,0.8068166693745699
2021/05/27,1049.0,1054.0,1037.0,1037.0,34100,-1.0,-1.0,0.7952667019067384
2021/05/28,1048.0,1062.0,1041.0,1052.0,68300,-1.0,-1.0,0.8860431939304285
2021/05/31,1052.0,1057.0,1030.0,1030.0,45400,-1.0,-1.0,0.8607430931962908
2021/06/01,1040.0,1041.0,1031.0,1041.0,18700,-1.0,-1.0,0.8677232341617922
2021/06/02,1041.0,1045.0,1030.0,1031.0,24700,-1.0,-1.0,0.8570274981656327
2021/06/03,1040.0,1043.0,1016.0,1025.0,47000,-1.0,-1.0,0.8456393484073284
2021/06/04,1024.0,1030.0,1021.0,1027.0,17300,-1.0,-1.0,0.8481883922775848
2021/06/07,1031.0,1046.0,1028.0,1037.0,32400,-1.0,-1.0,0.848722452765908
2021/06/08,1039.0,1052.0,1036.0,1037.0,22700,-1.0,-1.0,0.8462643557136836
2021/06/09,1037.0,1047.0,1036.0,1041.0,34800,-1.0,-1.0,0.8498405578885457
2021/06/10,1042.0,1052.0,1036.0,1043.0,28600,-1.0,-1.0,0.8663820259887045
2021/06/11,1041.0,1056.0,1040.0,1043.0,28200,-1.0,-1.0,0.8574537053044584
2021/06/14,1051.0,1057.0,1041.0,1042.0,27900,-1.0,-1.0,0.8825012748109381
2021/06/15,1043.0,1044.0,1035.0,1038.0,19700,-1.0,-1.0,0.8768666614642555
2021/06/16,1038.0,1042.0,1033.0,1036.0,14200,-1.0,-1.0,0.8771160851912303
2021/06/17,1037.0,1042.0,1032.0,1038.0,21400,-1.0,-1.0,0.8854736499205806
2021/06/18,1039.0,1047.0,1020.0,1020.0,51500,-1.0,-1.0,0.8839567545390572
2021/06/21,1016.0,1020.0,1007.0,1009.0,48100,-1.0,-1.0,0.8942528363274022
2021/06/22,1025.0,1036.0,1019.0,1031.0,26500,-1.0,-1.0,0.8680032828308379
2021/06/23,1026.0,1030.0,1021.0,1029.0,9600,-1.0,-1.0,0.8741126992317417
2021/06/24,1027.0,1027.0,1016.0,1020.0,23000,-1.0,-1.0,0.9419153612058656
2021/06/25,1024.0,1025.0,1012.0,1021.0,25200,-1.0,-1.0,0.9373321104374628
2021/06/28,1025.0,1028.0,1019.0,1026.0,27100,-1.0,-1.0,0.9637600124394343
2021/06/29,1021.0,1025.0,1016.0,1022.0,35200,-1.0,-1.0,0.9682478508068076
2021/06/30,1026.0,1030.0,1022.0,1023.0,48400,-1.0,-1.0,0.9721939022503241
2021/07/01,1030.0,1049.0,1029.0,1036.0,40200,-1.0,-1.0,0.9890059732799166
2021/07/02,1050.0,1053.0,1043.0,1053.0,31100,-1.0,-1.0,1.0072174951615656
2021/07/05,1057.0,1057.0,1043.0,1045.0,43900,-1.0,-1.0,0.9971499598664396
2021/07/06,1046.0,1047.0,1038.0,1044.0,36700,-1.0,-1.0,0.9936006513360323
2021/07/07,1035.0,1050.0,1035.0,1041.0,16400,-1.0,-1.0,0.9993092515522533
2021/07/08,1040.0,1051.0,1030.0,1030.0,31900,-1.0,-1.0,0.9947890077466733
2021/07/09,1022.0,1031.0,1018.0,1020.0,48200,-1.0,-1.0,0.9743071678084281
2021/07/12,1035.0,1044.0,1032.0,1044.0,20500,-1.0,-1.0,0.9849777360626912
2021/07/13,1049.0,1050.0,1042.0,1047.0,17700,-1.0,-1.0,0.981174135102585
2021/07/14,1038.0,1048.0,1036.0,1037.0,13600,-1.0,-1.0,0.9724292940611856
2021/07/15,1042.0,1045.0,1028.0,1028.0,18200,-1.0,-1.0,0.9856374687330247
2021/07/16,1029.0,1040.0,1029.0,1029.0,18800,-1.0,-1.0,0.9923141576678889
2021/07/19,1031.0,1031.0,1025.0,1025.0,20900,-1.0,-1.0,1.0140936452438358
2021/07/20,1022.0,1022.0,1012.0,1018.0,24900,-1.0,-1.0,1.0154037012245898
2021/07/21,1021.0,1027.0,1017.0,1017.0,20000,-1.0,-1.0,1.006561374675904
2021/07/26,1032.0,1032.0,1017.0,1017.0,12300,-1.0,-1.0,1.0156045391107271
2021/07/27,1018.0,1024.0,1018.0,1024.0,10400,-1.0,-1.0,1.0167176974541918
2021/07/28,1018.0,1022.0,1009.0,1011.0,38200,-1.0,-1.0,1.0119727192463766
2021/07/29,1017.0,1017.0,1008.0,1017.0,24700,-1.0,-1.0,1.0133770776346227
2021/07/30,1009.0,1011.0,1003.0,1004.0,31900,-1.0,-1.0,1.0165391086068902
2021/08/02,1021.0,1064.0,1017.0,1062.0,67500,-1.0,-1.0,1.0753465509276643
2021/08/03,1062.0,1062.0,1032.0,1035.0,19500,-1.0,-1.0,1.0343777800844627
2021/08/04,1035.0,1041.0,1031.0,1038.0,10400,-1.0,-1.0,1.0415976378134622
2021/08/05,1034.0,1035.0,1021.0,1023.0,16800,-1.0,-1.0,1.027376949860778
2021/08/06,1024.0,1034.0,1020.0,1034.0,32200,-1.0,-1.0,1.032792281080409
2021/08/10,1035.0,1041.0,1027.0,1031.0,10400,-1.0,-1.0,1.0269569658241955
2021/08/11,1031.0,1032.0,1026.0,1032.0,12600,-1.0,-1.0,1.018192383344445
2021/08/12,1035.0,1035.0,1027.0,1033.0,10500,-1.0,-1.0,1.0247210197870866
2021/08/13,1032.0,1032.0,1022.0,1030.0,18500,-1.0,-1.0,1.0237448982147705
2021/08/16,1032.0,1032.0,1022.0,1025.0,13500,-1.0,-1.0,1.0152137100428047
2021/08/17,1027.0,1034.0,1026.0,1034.0,14000,-1.0,-1.0,1.0225132687780452
2021/08/18,1031.0,1034.0,1028.0,1031.0,9600,-1.0,-1.0,1.0175725702485272
2021/08/19,1028.0,1031.0,1021.0,1021.0,7000,-1.0,-1.0,1.0218618053395856
2021/08/20,1021.0,1025.0,1013.0,1013.0,19900,-1.0,-1.0,1.0387714569165258
2021/08/23,1013.0,1022.0,1013.0,1020.0,20300,-1.0,-1.0,1.0327047936829405
2021/08/24,1016.0,1023.0,1016.0,1023.0,15200,-1.0,-1.0,1.023610199656777
2021/08/25,1020.0,1025.0,1017.0,1023.0,14500,-1.0,-1.0,1.0228819320561586
2021/08/26,1023.0,1025.0,1007.0,1015.0,33600,-1.0,-1.0,1.0167258114078195
2021/08/27,1018.0,1022.0,1012.0,1022.0,11300,-1.0,-1.0,1.0209968944149843
2021/08/30,1026.0,1031.0,1024.0,1031.0,16400,-1.0,-1.0,0.9550788516485579
2021/08/31,1027.0,1035.0,1027.0,1029.0,18500,-1.0,-1.0,0.9443720855214863
2021/09/01,1027.0,1034.0,1027.0,1034.0,9000,-1.0,-1.0,0.9365141528630725
2021/09/02,1031.0,1035.0,1028.0,1033.0,7500,-1.0,-1.0,0.9615908405833908
2021/09/03,1031.0,1046.0,1031.0,1046.0,20000,-1.0,-1.0,0.9398201077708442
2021/09/06,1058.0,1075.0,1050.0,1075.0,27900,-1.0,-1.0,1.0539098734656052
2021/09/07,1082.0,1095.0,1075.0,1089.0,39100,-1.0,-1.0,1.0575786301163812
2021/09/08,1083.0,1096.0,1078.0,1096.0,26400,-1.0,-1.0,1.0529898142342309
2021/09/09,1092.0,1092.0,1070.0,1080.0,25000,-1.0,-1.0,1.0218207571000288
2021/09/10,1075.0,1097.0,1072.0,1097.0,26600,-1.0,-1.0,1.0292842122135797
2021/09/13,1097.0,1132.0,1088.0,1132.0,38600,-1.0,-1.0,1.041010008941754
2021/09/14,1129.0,1143.0,1118.0,1143.0,25600,-1.0,-1.0,1.0385439018368356
2021/09/15,1139.0,1139.0,1116.0,1131.0,26100,-1.0,-1.0,1.0369621280754295
2021/09/16,1131.0,1134.0,1112.0,1132.0,26900,-1.0,-1.0,1.0275852369888787
2021/09/17,1130.0,1132.0,1115.0,1129.0,27700,-1.0,-1.0,1.0273262306509976
2021/09/21,1093.0,1100.0,1087.0,1092.0,22900,-1.0,-1.0,1.027388887579154
2021/09/22,1090.0,1098.0,1077.0,1089.0,18400,-1.0,-1.0,1.035056458348314
2021/09/24,1092.0,1113.0,1090.0,1113.0,28600,-1.0,-1.0,1.0460978473718259
2021/09/27,1111.0,1117.0,1103.0,1109.0,18100,-1.0,-1.0,1.049572710339809
2021/09/28,1106.0,1107.0,1084.0,1107.0,28400,-1.0,-1.0,1.0509935993985628
2021/09/29,1077.0,1096.0,1063.0,1070.0,66400,-1.0,-1.0,1.0366026596573268
2021/09/30,1075.0,1098.0,1075.0,1091.0,29400,-1.0,-1.0,1.0654989074175567
2021/10/01,1082.0,1082.0,1051.0,1054.0,35500,70.24794789157592,71.09940984842241,1.0940167515032713
2021/10/04,1071.0,1072.0,1056.0,1056.0,10300,70.1336824183738,70.97970829733167,1.0802530442716358
2021/10/05,1050.0,1053.0,1036.0,1037.0,20500,71.30071254125004,71.52754486469209,1.0838763673106306
2021/10/06,1048.0,1061.0,1036.0,1036.0,15200,73.03033307045561,72.77416130636111,1.095075765372084
2021/10/07,1040.0,1048.0,1034.0,1037.0,9000,74.51371882225173,74.43917703908255,1.0837066070748076
2021/10/08,1052.0,1058.0,1046.0,1049.0,8400,76.54686685973084,76.33042309788857,1.0837536747601206
2021/10/11,1052.0,1067.0,1051.0,1067.0,6700,78.82573707099424,78.48337771082737,0.9880487785555597
2021/10/12,1062.0,1062.0,1047.0,1048.0,6600,79.7238173868838,79.31547988106573,0.9718143106288362
2021/10/13,1046.0,1054.0,1040.0,1040.0,12500,79.59795600367224,78.95731323492795,0.9680735904767036
2021/10/14,1045.0,1059.0,1041.0,1056.0,11200,79.62005571666651,79.4171389238251,0.9448351737971425
2021/10/15,1056.0,1085.0,1054.0,1079.0,13400,79.72297261955545,79.12154511635259,1.002602294688051
2021/10/18,1092.0,1108.0,1076.0,1107.0,20700,80.53448533132025,80.10595695978172,1.1171441760559313
2021/10/19,1110.0,1119.0,1107.0,1112.0,16000,81.2507039141318,80.80257403581828,1.1204816392775714
2021/10/20,1119.0,1119.0,1091.0,1093.0,14500,79.13803304999242,79.09818556330518,1.0689286730684722
2021/10/21,1093.0,1112.0,1088.0,1095.0,9600,80.51739502402602,79.71906494776104,1.0859163904448108
2021/10/22,1093.0,1095.0,1088.0,1088.0,9500,79.66411896987556,79.20980483442577,1.0738125102674405
2021/10/25,1088.0,1105.0,1088.0,1096.0,7400,81.40412595268822,80.40121099741566,1.0702785093360103
2021/10/26,1105.0,1107.0,1096.0,1107.0,6100,80.32773431086935,79.77888096775872,1.0684605138663879
2021/10/27,1109.0,1109.0,1087.0,1088.0,8500,78.18139418152346,77.78673970519284,1.0351446740378547
2021/10/28,1096.0,1096.0,1018.0,1018.0,33800,75.40204667201722,75.03227698754543,0.8355857191623175
2021/10/29,1093.0,1097.0,1060.0,1060.0,25200,78.05305630106628,77.4584569178258,0.8866886678326777
2021/11/01,1060.0,1099.0,1058.0,1095.0,25300,77.44436058847593,77.50661236357209,0.8878498315226956
2021/11/02,1095.0,1095.0,1055.0,1055.0,12200,76.22013885788452,76.05705640383427,0.8305181810194567
2021/11/04,1064.0,1160.0,1050.0,1160.0,77900,82.61475734802673,81.96296324719019,1.2060969637958368
2021/11/05,1120.0,1120.0,1080.0,1080.0,31100,77.55204459617644,76.69697282564806,1.1420103116618259
2021/11/08,1084.0,1084.0,1062.0,1062.0,14600,78.35412657609669,76.91794647872374,1.1079109712339952
2021/11/09,1062.0,1064.0,1053.0,1053.0,12300,78.00658532666246,77.27746872604098,1.1234206716361808
2021/11/10,1053.0,1055.0,1048.0,1049.0,9200,78.48731192396431,77.60327085485001,1.1275874111648876
2021/11/11,1047.0,1047.0,1037.0,1037.0,9700,78.39814102025133,77.07684978681719,1.0927121474163348
2021/11/12,1041.0,1070.0,1041.0,1070.0,13400,82.7938544662967,80.60405359646818,1.0869245390713
2021/11/15,1075.0,1079.0,1051.0,1052.0,19400,79.86730864601832,77.60525974926824,1.0753965516750352
2021/11/16,1055.0,1064.0,1054.0,1061.0,10500,82.45529089721258,79.91353273907839,1.0745693254706654
2021/11/17,1058.0,1059.0,1049.0,1050.0,7300,82.19857709695452,80.06774363101634,1.0788222162518524
2021/11/18,1048.0,1056.0,1034.0,1045.0,15400,82.80302802140488,81.08951400078803,1.0815179518117457
2021/11/19,1042.0,1049.0,1035.0,1049.0,13300,81.32185281416521,80.06169510288836,1.084167825373693
2021/11/22,1044.0,1051.0,1037.0,1047.0,3700,82.07914285898457,80.57780860046874,1.0596172197090101
2021/11/24,1047.0,1049.0,1037.0,1039.0,8000,85.15267130501013,83.06928819843034,1.0852504615718108
2021/11/25,1039.0,1041.0,1032.0,1032.0,7000,84.62887181583413,82.58342736141316,1.0953992475614234
2021/11/26,1035.0,1035.0,1020.0,1020.0,18500,85.93224628417781,83.45632060410058,1.141129884027751
2021/11/29,1021.0,1029.0,1012.0,1015.0,20300,88.24185319004837,85.0391575353192,1.2722552279721469
2021/11/30,1030.0,1038.0,1015.0,1015.0,30900,91.41902174125305,87.07190962828933,1.3406430394259692
2021/12/01,1016.0,1033.0,1015.0,1021.0,17000,93.02286926388365,88.81213691238106,1.3426021248583067
2021/12/02,1020.0,1040.0,1020.0,1029.0,20400,94.66663904239373,90.31208957780673,1.4273947826535123
2021/12/03,1044.0,1053.0,1041.0,1053.0,32100,95.71203594734303,90.96738859191723,0.9605492182780768
2021/12/06,1049.0,1057.0,1041.0,1043.0,18200,95.7936160972722,91.10773908806732,1.011808800734792
2021/12/07,1044.0,1089.0,1044.0,1089.0,19600,98.33971329478447,93.45213804719174,1.059653994093111
2021/12/08,1083.0,1091.0,1071.0,1091.0,18600,98.42542167160246,94.13472541821122,1.0571371229894784
2021/12/09,1083.0,1092.0,1077.0,1090.0,9100,98.57055749594396,94.41872541500211,1.0577197485829133
2021/12/10,1096.0,1096.0,1074.0,1084.0,18700,99.1170019789122,95.3988010076709,1.0547328269412697
2021/12/13,1095.0,1095.0,1075.0,1080.0,10800,97.39609901925547,94.45125930308798,1.079009143783679
2021/12/14,1084.0,1089.0,1072.0,1083.0,10100,97.27660501835527,93.56786206280317,1.0854263634721686
2021/12/15,1083.0,1096.0,1080.0,1092.0,8100,97.87244509862091,93.74903985252865,1.0915250843071853
2021/12/16,1092.0,1100.0,1088.0,1100.0,12600,97.26603092711844,93.9130378789637,1.0784585848853407
2021/12/17,1100.0,1100.0,1082.0,1087.0,11400,96.96780342155112,93.45890919104848,1.086494722208662
2021/12/20,1086.0,1088.0,1057.0,1057.0,13400,96.44219689735031,92.94730823752963,1.070474043786323
2021/12/21,1061.0,1073.0,1054.0,1068.0,12400,97.25519388550182,93.7977661416562,1.0699598362854357
2021/12/22,1068.0,1070.0,1059.0,1064.0,6100,96.96781066803737,93.48993089583689,1.064333588559247
2021/12/23,1070.0,1080.0,1063.0,1080.0,6500,99.11989385515842,95.46048487664629,1.0818337863668959
2021/12/24,1080.0,1088.0,1078.0,1088.0,7600,99.27454376553302,95.9499969676408,1.0939039429023423
2021/12/27,1088.0,1103.0,1085.0,1103.0,10000,101.96473585997374,98.43260226889149,1.1135215301825765
2021/12/28,1110.0,1138.0,1107.0,1138.0,21000,105.18893113511727,100.63565207664014,1.198650039169068
2021/12/29,1144.0,1148.0,1115.0,1148.0,33000,103.80098394107782,98.70568637161735,1.2188959430520485
2021/12/30,1134.0,1134.0,1105.0,1116.0,28100,103.78844348627614,98.74619854765818,1.1420690814221908
2022/01/04,1120.0,1123.0,1108.0,1116.0,7500,100.71808458060931,95.87372004724301,1.0694209126631506
2022/01/05,1117.0,1120.0,1105.0,1114.0,7500,100.05374044297011,95.54101994103321,1.0653119892995782
2022/01/06,1108.0,1108.0,1083.0,1083.0,9200,100.29460041722031,95.05010854951756,1.0473045307551234
2022/01/07,1084.0,1105.0,1084.0,1088.0,10800,99.81694848195481,93.89709441846567,1.064829102421802
2022/01/11,1088.0,1088.0,1077.0,1088.0,6100,101.66279539352429,95.26443683348938,1.0683953144476626
2022/01/12,1099.0,1128.0,1098.0,1128.0,15400,103.51394316169376,96.60857665883294,1.1032275614275566
2022/01/13,1118.0,1118.0,1107.0,1107.0,7200,104.21739708554702,96.6332418533599,1.0796112797316373
2022/01/14,1107.0,1111.0,1091.0,1101.0,9900,106.22829823289008,98.34531113104262,1.0921063226459
2022/01/17,1101.0,1103.0,1084.0,1092.0,8000,103.66484079634289,96.60743641497737,1.0892974988875368
2022/01/18,1098.0,1111.0,1082.0,1082.0,17800,104.81887944052386,97.0345495997199,1.0875132899131263
2022/01/19,1080.0,1091.0,1056.0,1067.0,21000,108.09979007978477,100.29419229328627,1.1138782025327767
2022/01/20,1060.0,1081.0,1056.0,1066.0,12500,103.93275787032732,96.34352113527541,1.1109756156037165
2022/01/21,1066.0,1084.0,1066.0,1084.0,10300,108.32727094512859,100.31918043754087,1.1406698464377394
2022/01/24,1079.0,1098.0,1075.0,1098.0,6800,107.10637255097421,98.91553195140551,1.0809513601447955
2022/01/25,1108.0,1108.0,1079.0,1088.0,9900,106.38818018114245,98.52314461660777,1.0903999146016106
2022/01/26,1088.0,1093.0,1076.0,1076.0,4800,106.20926260723861,98.5032543544496,1.0780859536620506
2022/01/27,1082.0,1082.0,1042.0,1042.0,22200,103.19044745042147,95.58544667269874,0.9652627043093206
2022/01/28,1070.0,1089.0,1050.0,1089.0,20900,107.08082063213243,99.66586387474153,1.0244153123152344
2022/01/31,1091.0,1097.0,1038.0,1094.0,33100,100.36369199147894,93.1097339663759,1.1020900431820457
2022/02/01,1065.0,1088.0,1065.0,1075.0,8900,94.85777176135493,88.22207477269328,1.0828850479657548
2022/02/02,1075.0,1100.0,1073.0,1093.0,14600,96.53469762125012,89.64758445181688,1.0795209455889199
2022/02/03,1081.0,1098.0,1076.0,1076.0,8400,95.51825916346978,89.18838626239682,1.0511832275637214
2022/02/04,1070.0,1086.0,1062.0,1081.0,11800,97.31827139847428,90.8858996371174,1.0598494718392786
2022/02/07,1071.0,1094.0,1071.0,1082.0,8700,99.9110081231922,92.53886561951018,1.0611785490486696
2022/02/08,1086.0,1094.0,1079.0,1090.0,6900,101.44096214311568,93.39055830810686,1.070022960400783
2022/02/09,1098.0,1098.0,1079.0,1079.0,7200,97.84963915388906,90.28529037556648,1.0444833983557944
2022/02/10,1095.0,1095.0,1076.0,1091.0,13100,98.79782087905951,91.33638157192395,1.0531315062834388
2022/02/14,1091.0,1093.0,1077.0,1079.0,16600,101.32867432793324,92.30906974050481,1.0440807092224862
2022/02/15,1085.0,1094.0,1075.0,1075.0,12300,100.7566132177453,91.18063076148137,1.049172818514526
2022/02/16,1086.0,1098.0,1084.0,1090.0,7100,99.29015025086325,90.69535416333862,1.0591540108681194
2022/02/17,1092.0,1092.0,1076.0,1076.0,8300,99.22429020567021,89.86252854878293,1.0616447668824276
2022/02/18,1085.0,1090.0,1076.0,1087.0,14900,100.5062703023694,91.02932606463199,1.0554783283248967
2022/02/21,1081.0,1090.0,1079.0,1081.0,9200,100.27789021254625,90.78268024476436,1.0386218387130222
2022/02/22,1081.0,1090.0,1075.0,1075.0,6300,102.11316167936697,92.0886409733059,1.05014571147471
2022/02/24,1077.0,1093.0,1075.0,1093.0,12700,104.58423385134176,93.36026831458962,1.0639845173870062
2022/02/25,1099.0,1100.0,1090.0,1100.0,13600,100.45324472229404,91.24467633095931,1.0647840541530837
2022/02/28,1101.0,1104.0,1088.0,1097.0,24400,99.00850957731942,89.2687866395946,1.002791044733114
2022/03/01,1105.0,1110.0,1089.0,1089.0,13500,100.58942196537204,91.70896206892216,0.989612397755213
2022/03/02,1089.0,1094.0,1077.0,1077.0,12600,99.5210704875455,90.99221714487325,1.0015987825021504
2022/03/03,1089.0,1090.0,1071.0,1073.0,11800,97.00920634818127,89.25883590638645,0.9856137956221661
2022/03/04,1071.0,1082.0,1067.0,1067.0,16700,96.28023038183812,89.08481473603833,0.9913478306503657
2022/03/07,1068.0,1068.0,1050.0,1057.0,26000,97.14485677433484,89.97197605031606,1.036544246514106
2022/03/08,1050.0,1062.0,1033.0,1037.0,14100,94.93607210420835,88.34993422561251,1.0314778157518025
2022/03/09,1037.0,1048.0,1031.0,1038.0,16700,95.3381900344465,88.57895313009526,1.032492237230254
2022/03/10,1064.0,1083.0,1059.0,1083.0,24800,95.16543866469215,88.033639299551,1.0191614653569567
2022/03/11,1030.0,1058.0,1030.0,1034.0,54200,94.5184298657123,86.76951017169134,0.9738377299987714
2022/03/14,1040.0,1044.0,1030.0,1043.0,20100,94.36704029655739,87.15690859452864,0.9659704291049925
2022/03/15,1041.0,1059.0,1041.0,1059.0,14200,95.42988925441767,87.69365167649292,0.9806468534399482
2022/03/16,1060.0,1075.0,1055.0,1075.0,22500,93.85477201460495,86.53086581285274,0.9968426266188022
2022/03/17,1080.0,1094.0,1067.0,1094.0,26300,93.9608280241416,87.65771335718311,1.0093524501167215
2022/03/18,1092.0,1108.0,1078.0,1108.0,57800,88.58472320170583,84.07046876664278,1.0310477848718271
2022/03/22,1110.0,1113.0,1094.0,1103.0,44900,88.86428671093981,85.06254104691143,0.9976465111166519
2022/03/23,1109.0,1132.0,1106.0,1128.0,29400,89.064513473033,85.69197416239773,1.0144587608701243
2022/03/24,1119.0,1119.0,1099.0,1117.0,31100,88.01975148761892,84.99138269182652,0.9945009141751847
2022/03/25,1126.0,1126.0,1100.0,1111.0,48300,87.90285939390475,84.9242953521631,0.9557003432910158
2022/03/28,1116.0,1116.0,1101.0,1107.0,41500,88.92824306196472,85.42418312047982,0.9669807505071981
2022/03/29,1106.0,1114.0,1094.0,1111.0,73700,92.004245422722,87.70286163253076,0.9687941242130653
2022/03/30,1105.0,1105.0,1061.0,1084.0,39400,93.03694069317797,88.74752021495136,0.9294281868271118
2022/03/31,1072.0,1080.0,1057.0,1060.0,27100,92.23390956716081,87.81888381270441,0.9266978439138317
2022/04/01,1060.0,1079.0,1047.0,1076.0,19300,93.63690620008944,87.99484407200192,0.9500243009118544
2022/04/04,1083.0,1100.0,1082.0,1096.0,13800,96.50726792408851,90.3230290386509,0.9641142012917593
2022/04/05,1111.0,1111.0,1093.0,1095.0,12600,96.31369212937697,90.36481927393399,0.9647896977238004
2022/04/06,1098.0,1098.0,1077.0,1077.0,15100,94.95044001216502,89.37024697247372,0.950476693824737
2022/04/07,1063.0,1063.0,1044.0,1049.0,15400,96.66657703822827,90.21469764258002,0.9317100405604788
2022/04/08,1057.0,1057.0,1034.0,1044.0,23200,97.18458474785278,91.01259883369912,0.9235646844000716
2022/04/11,1046.0,1046.0,1030.0,1035.0,17700,93.27764588587274,87.60839879406562,0.9660347090255845
2022/04/12,1030.0,1037.0,1026.0,1037.0,17600,96.98159036193175,90.21666991284151,0.9799656236767257
2022/04/13,1027.0,1043.0,1027.0,1042.0,20000,94.79108810819126,88.72605788155107,0.9686384684413124
2022/04/14,1040.0,1060.0,1038.0,1060.0,12200,94.39864987066515,88.84710482814756,0.9772155369761735
2022/04/15,1059.0,1060.0,1042.0,1042.0,10700,93.04139625377704,87.81377011108309,0.9742001846257812
2022/04/18,1035.0,1042.0,1025.0,1037.0,14700,94.22961627807392,88.53029101549083,0.9911876965789989
2022/04/19,1035.0,1036.0,1028.0,1033.0,10400,91.76063791107026,86.46188039019034,0.9838133458314238
2022/04/20,1034.0,1044.0,1030.0,1044.0,12400,91.4304024723889,86.06169936827418,0.9797712233099382
2022/04/21,1045.0,1048.0,1035.0,1045.0,12500,92.1743984838741,86.76260878728318,0.973760392010595
2022/04/22,1030.0,1033.0,1027.0,1027.0,7000,92.79089249343741,87.11384055498694,0.9919075636147505
2022/04/25,1026.0,1029.0,1021.0,1021.0,10000,95.50410626942575,89.12472763554203,1.0155760080840663
2022/04/26,1022.0,1028.0,1018.0,1018.0,14300,94.4768476209134,88.16834600727161,1.0124098733898328
2022/04/27,1018.0,1063.0,1017.0,1063.0,52100,104.13303103413205,97.0277967392346,1.086040904439691
2022/04/28,1055.0,1058.0,1034.0,1058.0,42800,99.86143067001474,92.98429236372662,1.0753112379044072
2022/05/02,1042.0,1065.0,1042.0,1063.0,14900,101.09572782569438,93.84929017304503,1.0667107109070924
2022/05/06,1063.0,1077.0,1051.0,1077.0,14600,101.28861895646205,93.99956689385853,1.0623987733709366
2022/05/09,1059.0,1070.0,1046.0,1046.0,11000,100.35386644282384,92.99750271640038,1.0722210282623963
2022/05/10,1035.0,1051.0,1033.0,1046.0,11000,102.1980143161101,95.66167177035364,1.0835869977783539
2022/05/11,1038.0,1053.0,1038.0,1044.0,12000,100.99274374054986,95.41572039586805,1.0902550133202733
2022/05/12,1041.0,1046.0,1033.0,1033.0,11200,101.1178112328737,95.8875680202377,1.0811725895138613
2022/05/13,1029.0,1064.0,1029.0,1064.0,10800,103.4496800807456,98.35040218974511,1.0981748307819097
2022/05/16,1065.0,1065.0,1036.0,1047.0,13200,102.75233050821,98.8544874894275,1.0715024094401222
2022/05/17,1047.0,1059.0,1043.0,1059.0,8700,104.77245237433326,100.48994037727937,1.0843414724408598
2022/05/18,1058.0,1060.0,1052.0,1059.0,11700,103.23622564664814,99.61908363657076,1.0727066992589807
2022/05/19,1050.0,1050.0,1040.0,1047.0,7000,103.74592056539302,99.3643932897463,1.0924428352459474
2022/05/20,1040.0,1064.0,1040.0,1064.0,12900,105.7057823826796,101.26487974110059,1.103497898443189
2022/05/23,1068.0,1072.0,1060.0,1072.0,9200,104.65768354211123,100.59952005666433,1.0910757205813064
2022/05/24,1060.0,1066.0,1045.0,1051.0,12300,106.44742704406454,101.90583149235115,1.0832021931042348
2022/05/25,1051.0,1052.0,1042.0,1042.0,7400,106.64695004135129,101.66650646271825,1.0788596774920332
2022/05/26,1049.0,1062.0,1049.0,1055.0,10100,109.17019964452,103.54770671942435,1.0929247659975496
2022/05/27,1068.0,1073.0,1060.0,1073.0,9300,111.0135355863205,105.24637062744202,1.0066395739399399
2022/05/30,1083.0,1119.0,1073.0,1119.0,50200,114.55779337736007,108.67129313617015,1.0569136091638127
2022/05/31,1106.0,1106.0,1081.0,1100.0,28700,111.61162983164354,106.41400258121003,1.0447083233135852
2022/06/01,1094.0,1119.0,1093.0,1115.0,18100,114.00914783165013,108.35327708610349,1.0407840747886499
2022/06/02,1110.0,1110.0,1079.0,1088.0,17400,112.51278791405883,107.92666024241721,1.0152658416324627
2022/06/03,1088.0,1088.0,1066.0,1084.0,14600,110.03634387739605,106.97248551702711,1.0086583528578466
2022/06/06,1071.0,1089.0,1071.0,1080.0,13900,108.2628747775952,105.31419818913332,1.0004994460478949
2022/06/07,1086.0,1101.0,1085.0,1097.0,15500,109.64580411459876,106.63458585893288,1.010252859972052
2022/06/08,1103.0,1110.0,1097.0,1110.0,11900,108.99428917377011,105.93325703536325,1.0043783042238676
2022/06/09,1100.0,1110.0,1095.0,1106.0,14200,108.71329952776716,105.37679312188297,0.9936891777982376
2022/06/10,1115.0,1115.0,1084.0,1084.0,18300,108.13104455519296,104.51558640916312,0.9744394528615818
2022/06/13,1060.0,1080.0,1060.0,1072.0,16000,111.16797729175268,106.05518735451234,0.9899760075968234
2022/06/14,1056.0,1069.0,1053.0,1053.0,16900,112.15512327942672,106.68516057621606,0.9931114489880504
2022/06/15,1052.0,1056.0,1031.0,1031.0,25800,110.72501314898062,105.94817671674039,0.9937452512297654
2022/06/16,1039.0,1055.0,1039.0,1053.0,12400,111.37470122015554,106.64603407291638,0.9866101383829743
2022/06/17,1041.0,1054.0,1041.0,1042.0,10300,113.96524073096501,108.31443038569554,1.0100377415970945
2022/06/20,1049.0,1058.0,1036.0,1048.0,13900,112.89186980989882,108.46249958167834,0.9986771144048805
2022/06/21,1048.0,1062.0,1048.0,1062.0,12900,113.35923028856377,108.74091923144103,0.9808336872967884
2022/06/22,1052.0,1062.0,1046.0,1048.0,8500,112.46102221341474,107.15083536605047,0.9733883443773047
2022/06/23,1043.0,1058.0,1042.0,1049.0,8700,113.46875835723822,108.13930279035941,0.9851431036195831
2022/06/24,1049.0,1064.0,1049.0,1064.0,8800,114.3377363959029,109.5669478703293,0.9893281630709155
2022/06/27,1067.0,1067.0,1052.0,1064.0,10300,112.10438729763253,108.00312556784344,0.9110295901550421
2022/06/28,1064.0,1074.0,1056.0,1073.0,21400,111.83369308984965,107.30757628434253,0.9068885602245127
2022/06/29,1072.0,1112.0,1071.0,1112.0,50900,116.75744075937335,111.5701394787138,1.0439015578696815
2022/06/30,1109.0,1109.0,1071.0,1071.0,42400,112.44203938777973,107.1574951813298,1.0245777658488868
2022/07/01,1078.0,1084.0,1053.0,1057.0,16200,111.40130135941051,106.43353949063679,1.0218574905266364
2022/07/04,1070.0,1095.0,1070.0,1095.0,13600,114.5780459893255,109.22780057056151,1.150153836744588
2022/07/05,1105.0,1105.0,1082.0,1090.0,25800,113.17691107789356,108.59433224551667,1.1362972023118172
2022/07/06,1089.0,1090.0,1077.0,1079.0,16000,112.62001386180451,108.21359368816607,1.138815943084879
2022/07/07,1079.0,1097.0,1079.0,1091.0,11500,112.42988552285694,108.06010047762031,1.111570894806549
2022/07/08,1091.0,1109.0,1089.0,1097.0,27900,113.32138806681182,108.97071367820132,1.1141453257776965
2022/07/11,1112.0,1113.0,1084.0,1108.0,25200,113.08383670141235,108.27375971797038,1.147913139458986
2022/07/12,1094.0,1095.0,1072.0,1072.0,12200,111.64652935712607,106.97301587760447,1.13645694539448
2022/07/13,1080.0,1105.0,1080.0,1099.0,9000,114.50278882452636,110.14813853689289,1.2354259088826112
2022/07/14,1100.0,1103.0,1091.0,1099.0,8600,113.46986179793228,109.53137877750538,1.2366798162811725
2022/07/15,1103.0,1106.0,1093.0,1100.0,16300,111.74682729593167,109.14183525835335,1.2480081404273573
2022/07/19,1105.0,1105.0,1092.0,1094.0,14300,109.16551060062628,106.68057579103869,1.1997449058699028
2022/07/20,1109.0,1120.0,1100.0,1120.0,16800,109.60162139365181,107.7498072925897,1.203969293370481
2022/07/21,1121.0,1137.0,1120.0,1137.0,14200,111.92120998381276,110.36823727231418,1.2120664080634982
2022/07/22,1132.0,1136.0,1127.0,1136.0,13800,111.37547789716157,109.96786084389242,1.2014615047225958
2022/07/25,1136.0,1136.0,1129.0,1136.0,13700,112.24161657217363,110.68995979581635,1.2116789169535993
2022/07/26,1136.0,1144.0,1131.0,1135.0,5500,112.10237833858898,110.54722478282919,1.2171810799675102
2022/07/27,1138.0,1138.0,1127.0,1128.0,13100,111.03290673593466,110.07608075273264,1.206043173030947
2022/07/28,1138.0,1176.0,1126.0,1176.0,37800,115.49678160790549,114.3632713430651,1.2827295064730968
2022/07/29,1168.0,1168.0,1133.0,1133.0,26400,110.74580804058311,110.566985219699,1.0713110063907996
2022/08/01,1147.0,1160.0,1139.0,1160.0,17900,108.39937681325212,108.11002084407801,1.046323041920553
2022/08/02,1155.0,1155.0,1135.0,1138.0,19900,110.13936160613716,110.27432404871517,1.058613040886483
2022/08/03,1140.0,1145.0,1108.0,1124.0,16800,107.66914380139406,107.76133989810663,1.025635950490536
2022/08/04,1124.0,1129.0,1111.0,1114.0,8000,108.09978719382434,108.79670364501746,1.028068785661899
2022/08/05,1108.0,1143.0,1108.0,1140.0,10900,108.85909708880995,109.24189148822646,1.032188766105414
2022/08/08,1110.0,1120.0,1085.0,1085.0,36000,103.8924553349635,104.42168725858141,0.9633098587040986
2022/08/09,1084.0,1091.0,1073.0,1073.0,14000,103.65812560139638,104.03395554528079,0.9644230721518003
2022/08/10,1080.0,1097.0,1080.0,1097.0,20400,107.25821552242468,107.4215470320918,0.9814080763952104
2022/08/12,1111.0,1119.0,1087.0,1103.0,26100,104.94979347516997,106.17616066401916,0.9356580662232914
2022/08/15,1088.0,1092.0,1085.0,1089.0,22900,101.28128965968597,103.03350562080492,0.9385205074650927
2022/08/16,1086.0,1098.0,1086.0,1089.0,14200,100.04956336853508,101.79444654614427,0.9377663802869287
2022/08/17,1089.0,1098.0,1088.0,1094.0,17000,100.16698267861848,101.72126304115132,0.927502346824651
2022/08/18,1085.0,1089.0,1082.0,1084.0,13500,100.07737190550034,101.19339930290812,0.9320447976567677
2022/08/19,1086.0,1092.0,1083.0,1090.0,17600,100.47094865151152,101.45969749809429,0.9438681947203372
2022/08/22,1087.0,1100.0,1082.0,1100.0,7800,102.9733142801308,103.65138130892633,0.9407857065113034
2022/08/23,1099.0,1104.0,1085.0,1085.0,15000,103.3743076972647,104.05714819747247,0.941777907590053
2022/08/24,1093.0,1100.0,1090.0,1092.0,14800,104.52551797084789,105.03450180512097,0.9465103575336087
2022/08/25,1092.0,1106.0,1092.0,1099.0,3400,105.47488713678037,106.01623477444716,0.9443586605718594
2022/08/26,1102.0,1118.0,1096.0,1099.0,16200,103.77883902184767,104.77362927026472,0.9465220159882256
2022/08/29,990.0,1029.0,989.0,1008.0,978800,97.45469104872116,98.07290889977187,0.8133048644477529
2022/08/30,1003.0,1016.0,1000.0,1000.0,335900,96.81624167559436,96.80255727403994,0.7998949635895997
2022/08/31,990.0,998.0,988.0,993.0,304700,97.26378298926008,96.89724916718377,0.8024762383220573
2022/09/01,990.0,997.0,967.0,969.0,355800,96.795591255969,96.13467335669033,0.8078373808489608
2022/09/02,965.0,977.0,965.0,974.0,201000,98.0914714078109,97.23077325112234,0.8497053386060925
2022/09/05,972.0,996.0,967.0,986.0,623300,98.49641980445605,97.06738276810985,0.9147385196231383
2022/09/06,994.0,995.0,966.0,968.0,763300,96.25582255755243,95.20059149142818,0.9064347803201362
2022/09/07,967.0,974.0,957.0,959.0,238500,96.27513643671412,94.98910291545948,0.9075047557978086
2022/09/08,965.0,969.0,962.0,966.0,120200,95.63652610390238,94.34748146558907,0.8638185922876571
2022/09/09,961.0,967.0,959.0,963.0,228300,94.52735922057872,93.41766280773463,0.8503196706806083
2022/09/12,978.0,980.0,961.0,971.0,909000,91.50324848334273,90.8667110835705,0.8746036641531358
2022/09/13,980.0,986.0,973.0,979.0,285700,91.80440469144344,91.35596316667996,0.8741455089369057
2022/09/14,965.0,974.0,962.0,970.0,182300,94.06760680283789,92.32358550727986,0.8880719882866196
2022/09/15,974.0,978.0,971.0,975.0,52400,93.69278978223035,92.30120117211085,0.8821291794570977
2022/09/16,977.0,977.0,965.0,968.0,119300,94.859803430947,92.88735974449527,0.9009546490232342
2022/09/20,970.0,973.0,967.0,971.0,102100,95.82813048650924,94.27484427291851,0.8931626682260346
2022/09/21,974.0,984.0,970.0,982.0,155000,97.85466715748295,95.93713152883579,0.9099489786015831
2022/09/22,980.0,982.0,975.0,979.0,112200,97.98615738619446,95.97694654323453,0.9130065210156526
2022/09/26,977.0,978.0,964.0,968.0,112800,99.86282047597854,97.74827068763675,1.0148822663574126
2022/09/27,968.0,979.0,965.0,977.0,78400,100.25384558036434,98.09335587905645,1.0156730835205932
2022/09/28,975.0,980.0,967.0,973.0,83000,102.6438312393188,99.91162112240701,1.0187919714098959
2022/09/29,972.0,975.0,963.0,967.0,105700,98.80063534898824,96.28733457428783,1.019594914190905
2022/09/30,961.0,965.0,947.0,955.0,108000,100.50681624703446,98.02826265504288,1.0280675186719448
2022/10/03,945.0,959.0,933.0,957.0,83300,98.33074480112943,96.8220591259918,1.0155262441274349
2022/10/04,966.0,975.0,966.0,971.0,106900,96.51442972111884,95.64186700258699,0.9873299123433237
2022/10/05,972.0,977.0,965.0,974.0,79300,95.43098664714276,95.44023319743164,0.9872040609384326
2022/10/06,973.0,982.0,971.0,971.0,78700,94.89342038391227,94.47079187680554,1.0200882536656461
2022/10/07,964.0,973.0,962.0,969.0,48300,95.55146614799159,95.04055077178009,1.0431397891594918
2022/10/11,957.0,961.0,953.0,955.0,56300,97.44013157918508,96.55287770153973,1.0607408445681938
2022/10/12,955.0,959.0,953.0,955.0,40900,97.89188046152086,96.97738661151607,1.0619807047766154
2022/10/13,951.0,951.0,932.0,934.0,118800,96.2458671824555,94.75926225933631,0.9942289093284035
2022/10/14,951.0,968.0,944.0,965.0,93300,95.96419926295313,95.35899720401422,1.0168585809076178
2022/10/17,955.0,968.0,952.0,964.0,43400,94.39874727967566,93.55327794625215,1.0294457790501106
2022/10/18,974.0,974.0,964.0,973.0,51400,94.13554356399703,93.25820167872769,1.0260521831866516
2022/10/19,972.0,976.0,969.0,972.0,67500,95.44875354931878,94.65307343627633,1.0229986808366394
2022/10/20,969.0,971.0,961.0,971.0,38500,94.2629704396985,93.60688482743898,1.026961994903093
2022/10/21,968.0,973.0,963.0,973.0,38900,95.79644513087308,95.14432849742731,1.0059076391108719
2022/10/24,973.0,973.0,956.0,956.0,47400,92.48254101481147,92.22868836426669,0.9582674481425614
2022/10/25,958.0,968.0,957.0,964.0,40900,93.01245730203074,92.16246361945556,0.9562197601114842
2022/10/26,964.0,971.0,961.0,963.0,38500,93.88780251235744,92.9222536321393,0.9484593584506712
2022/10/27,961.0,961.0,951.0,953.0,31100,98.66399942421184,98.23780589371175,0.9320919324818607
2022/10/28,951.0,954.0,942.0,944.0,118900,94.92956500166082,93.84602529666026,0.9194390077741897
2022/10/31,956.0,960.0,952.0,959.0,50000,94.1184349303672,92.81310587457435,0.9315019165340565
2022/11/01,962.0,965.0,950.0,950.0,49200,96.03987781267219,94.37533540248897,0.9063795753502273
2022/11/02,948.0,954.0,941.0,941.0,112800,87.36961891660349,85.9324308811242,0.8917714484011093
2022/11/04,938.0,940.0,921.0,924.0,128300,93.14185805534255,91.1845161440024,0.9289964904890908
2022/11/07,933.0,944.0,933.0,939.0,64300,94.77589363966388,93.04129742558665,0.9230691615406158
2022/11/08,939.0,946.0,939.0,946.0,31500,94.39412563280834,92.64767502199149,0.915824841414683
2022/11/09,945.0,952.0,943.0,948.0,40700,94.90513734292362,93.08225468721625,0.9212797255020644
2022/11/10,946.0,946.0,941.0,943.0,28800,97.00444265518024,94.5809575166447,0.9251528874566612
2022/11/11,951.0,956.0,950.0,953.0,31900,93.30825620546571,91.89532460776904,0.9104322235607303
2022/11/14,953.0,953.0,945.0,945.0,26000,95.65397678707832,94.03459184202858,0.92255865191016
2022/11/15,948.0,948.0,939.0,939.0,31400,94.24954409157611,92.40378083038448,0.9118644291631922
2022/11/16,939.0,945.0,938.0,942.0,27400,95.02778691536756,93.14376232897689,0.9130737254910413
2022/11/17,941.0,951.0,941.0,950.0,25200,96.33843035524436,94.11033663937638,0.9227996745876941
2022/11/18,956.0,958.0,951.0,954.0,34700,96.96141373351954,94.52689454096918,0.9284877622001658
2022/11/21,957.0,961.0,953.0,959.0,42000,97.59102146640174,94.85704750103258,0.9372819544051725
2022/11/22,963.0,975.0,963.0,970.0,112400,97.30019578845312,94.49957244600579,0.9356530036061571
2022/11/24,975.0,983.0,971.0,980.0,91300,98.69567468003864,95.2853352901331,0.9416687553745373
2022/11/25,980.0,983.0,974.0,981.0,64100,97.76991133178173,94.60276045006734,0.9501354261754502
2022/11/28,980.0,982.0,977.0,980.0,51800,96.96686168894618,93.86227851394028,0.9700607076942342
2022/11/29,975.0,979.0,971.0,978.0,57800,95.64621377725413,93.23047853105135,0.9737024071174276
2022/11/30,977.0,977.0,964.0,966.0,63200,94.50024079925127,92.28635733161474,0.9598982749852633
2022/12/01,972.0,973.0,963.0,966.0,26100,92.30535760414706,91.03777471440839,0.9833025594333618
2022/12/02,962.0,962.0,950.0,956.0,40500,91.61077270747185,90.96850145786168,1.0097353317814857
2022/12/05,963.0,963.0,952.0,956.0,33700,92.011106357829,91.64173704877828,1.0192809905413736
2022/12/06,951.0,953.0,946.0,947.0,36100,88.7371851340994,88.72762008748529,1.0060468297602565
2022/12/07,945.0,954.0,945.0,951.0,18500,90.86464493726878,89.58057381663363,1.0119094821961916
2022/12/08,951.0,954.0,945.0,952.0,27400,90.98526198418901,89.55678740782567,1.0230201408836377
2022/12/09,947.0,957.0,947.0,953.0,19900,89.60644157056406,88.5390094291245,1.0066896275771784
2022/12/12,954.0,955.0,951.0,952.0,18200,90.67510354038446,89.08487393351967,1.0179103994708791
2022/12/13,954.0,959.0,954.0,954.0,30600,89.59420869079756,88.45297493351563,1.0142919709349474
2022/12/14,957.0,959.0,954.0,958.0,16400,88.67461223165346,88.02529829170612,1.0106396741232806
2022/12/15,956.0,962.0,955.0,959.0,31800,90.33515350066291,88.9122926923627,1.027500130628715
2022/12/16,954.0,960.0,950.0,950.0,34000,90.63035436668947,88.93182814690579,1.021816226347426
2022/12/19,950.0,955.0,949.0,951.0,25000,92.28442563684368,90.24682147806348,1.0089419018758334
2022/12/20,951.0,955.0,934.0,936.0,92500,94.07149888397377,90.59308712728138,1.0023258014155707
2022/12/21,934.0,938.0,927.0,928.0,75300,94.40528095268368,90.81996076748823,0.9974847181300435
2022/12/22,930.0,940.0,930.0,939.0,36400,94.45716613803955,90.64700006346969,1.0022924897043934
2022/12/23,932.0,938.0,931.0,937.0,37300,94.48336666905833,90.15254600343768,0.9855371801136312
2022/12/26,937.0,942.0,937.0,938.0,24800,92.35329255091199,88.41021067653384,0.9777462471942923
2022/12/27,942.0,950.0,941.0,948.0,31500,91.56043684257801,87.44144211201407,0.9985927719722786
2022/12/28,948.0,949.0,943.0,948.0,32200,90.62408909532212,86.47022568852213,0.9995720317410945
2022/12/29,949.0,960.0,946.0,960.0,41100,94.91597910754372,90.4268129640904,1.033735133484048
2022/12/30,960.0,962.0,957.0,960.0,52700,96.59445806670013,92.31995424518625,1.0666014907636234
2023/01/04,962.0,962.0,947.0,947.0,38100,96.95961734237362,92.79568334171735,1.0451582473338892
2023/01/05,949.0,949.0,940.0,941.0,29900,95.8630962138421,92.844320558896,1.046899518459595
2023/01/06,941.0,945.0,937.0,941.0,27400,94.82927399039002,92.01833327479497,1.0367866528912941
2023/01/10,947.0,950.0,943.0,945.0,20700,93.64877597315069,91.74879049887788,1.0414763394208004
2023/01/11,948.0,954.0,946.0,953.0,23100,91.89632634250555,89.73426776896511,1.0428036282633026
2023/01/12,953.0,956.0,951.0,955.0,19700,92.92064522783402,90.67266933119944,1.0435379185171219
2023/01/13,950.0,956.0,950.0,950.0,20300,92.90787088834759,89.66663476656434,1.044039720844898
2023/01/16,947.0,956.0,947.0,950.0,31100,95.45666129969949,91.62677008232627,1.048063721983438
2023/01/17,951.0,958.0,951.0,957.0,31500,95.61607651198204,91.9561343549931,1.0460328075236165
2023/01/18,959.0,968.0,956.0,963.0,47400,92.53070310504741,89.54358933893619,1.036682879049891
2023/01/19,963.0,966.0,959.0,962.0,31500,94.91822587289938,91.32318110852997,1.046272096671544
2023/01/20,964.0,967.0,962.0,963.0,19100,92.0786268786415,88.85193081328772,1.0313358335665601
2023/01/23,967.0,975.0,964.0,974.0,43900,90.95631878746438,87.99950416362671,1.0327304593635382
2023/01/24,979.0,983.0,972.0,975.0,55900,89.06297603626373,86.14827205211495,1.018682237653464
2023/01/25,973.0,975.0,972.0,973.0,25600,89.16102949441034,86.37155913204445,1.0100035956620148
2023/01/26,973.0,974.0,968.0,968.0,24200,88.84982913589114,86.51409890929563,0.9927896235768252
2023/01/27,969.0,971.0,965.0,966.0,23000,86.55026779185171,83.97302963803614,0.9874993703839242
2023/01/30,970.0,977.0,968.0,968.0,71400,87.09114707703148,84.62312223250169,0.9737120459757256
2023/01/31,977.0,978.0,969.0,974.0,52600,89.78030367713986,86.97132791148609,0.9834618945070788
2023/02/01,973.0,975.0,965.0,965.0,45100,88.89193607733895,86.69230453316405,0.974757230382577
2023/02/02,969.0,970.0,957.0,957.0,47500,88.41879673358218,86.8925762223472,0.9625387851826519
2023/02/03,958.0,961.0,956.0,959.0,43800,88.49012254644377,86.92659664192671,0.9610122604030122
2023/02/06,967.0,969.0,961.0,969.0,29000,88.11803704855792,87.14780908201828,0.9851274245787631
2023/02/07,970.0,974.0,970.0,970.0,22700,87.70203154588856,86.77704766072152,0.983872524595514
2023/02/08,974.0,977.0,970.0,975.0,32200,90.27441141351854,88.9153675139982,0.9897485450319251
2023/02/09,975.0,980.0,974.0,977.0,46800,89.91359523280215,88.54077302961944,0.9910605626100909
2023/02/10,976.0,987.0,976.0,979.0,50200,88.79301262739389,88.16083039359162,0.9911483784882282
2023/02/13,985.0,989.0,981.0,984.0,38100,90.03935283231267,89.02733589572996,0.9957006551701411
2023/02/14,990.0,997.0,986.0,986.0,45600,89.27003404638072,88.1134645782575,0.9930482401696515
2023/02/15,993.0,993.0,978.0,980.0,28000,89.77271709068762,88.04879415403569,0.9796052023971245
2023/02/16,985.0,987.0,980.0,982.0,29200,89.73640756288677,88.07828358080172,0.9792100608215383
2023/02/17,979.0,981.0,977.0,977.0,24800,88.60288270272378,86.82923683539612,0.9918425387545969
2023/02/20,980.0,988.0,980.0,988.0,32700,89.33510958420563,87.32773375173619,0.9826398913985214
2023/02/21,989.0,990.0,982.0,982.0,21300,87.94570391180959,86.02648898985433,0.978824723895414
2023/02/22,982.0,984.0,975.0,979.0,37300,85.82418263175656,84.23410890001651,0.988090614093705
2023/02/24,979.0,984.0,978.0,984.0,32800,86.27114933069602,84.40866845887976,1.0014769219930493
2023/02/27,984.0,990.0,983.0,989.0,44900,87.20566288590727,85.36622906047258,1.0069144243417603
2023/02/28,983.0,988.0,982.0,984.0,36400,88.38000068390826,86.00132809877563,1.002987426746343
2023/03/01,984.0,987.0,981.0,984.0,26000,87.63447327164322,85.0597588203094,1.0005941922225212
2023/03/02,983.0,985.0,976.0,980.0,55400,88.27177797672034,86.16889729800918,0.9912294059595261
2023/03/03,984.0,987.0,977.0,985.0,66600,85.89557542822182,84.33462136817394,0.9871499307860174
2023/03/06,986.0,993.0,985.0,988.0,72200,83.48736785279289,82.34351020596121,0.9892042391409087
2023/03/07,986.0,994.0,985.0,994.0,40600,83.94093732435663,82.48912243301004,0.9921476974695876
2023/03/08,992.0,996.0,990.0,995.0,35200,83.29850869016869,82.19668105293064,0.9894610284079424
2023/03/09,996.0,1004.0,995.0,1002.0,63400,83.04102567579109,81.75202188888464,0.9930229036229071
2023/03/10,984.0,992.0,976.0,979.0,158900,84.65164742329915,83.86673363756488,0.9834332170963415
2023/03/13,973.0,976.0,963.0,976.0,124700,85.08663832229033,84.75120635036369,0.9865628728117566
2023/03/14,964.0,964.0,949.0,952.0,106300,83.70241249928476,84.31506673104452,0.9910676197632057
2023/03/15,961.0,970.0,958.0,964.0,72500,84.84162271322145,84.78517451945287,1.0022453238791527
2023/03/16,950.0,956.0,946.0,953.0,84500,85.95783990542853,85.39860750398945,1.0058506766056536
2023/03/17,957.0,963.0,956.0,960.0,99500,85.03754024407185,84.42504186109439,1.014986664839236
2023/03/20,956.0,957.0,947.0,947.0,91300,86.74394526027409,86.05434099027072,0.9995977963257474
2023/03/22,959.0,965.0,956.0,961.0,60200,86.97405415273,85.87948458002415,1.010504704163104
2023/03/23,955.0,967.0,953.0,967.0,46500,88.75215328454593,87.64329447527511,1.0356331088755546
2023/03/24,961.0,967.0,960.0,966.0,71900,89.37628280862428,88.11152671841036,1.027597617765078
2023/03/27,969.0,973.0,963.0,968.0,97700,88.92980509668425,87.95745866360501,1.0243965790525649
2023/03/28,972.0,972.0,961.0,964.0,80200,89.08361184705316,87.8712254573961,1.013324279596258
2023/03/29,970.0,978.0,968.0,978.0,134800,90.68561705776446,88.96086705770536,1.0131691894151826
2023/03/30,956.0,966.0,953.0,966.0,89500,91.25836110484262,89.43562899487401,0.9949693363190342
2023/03/31,970.0,973.0,963.0,970.0,45600,88.94152877707411,87.4836090744542,0.9963498824442898
2023/04/03,975.0,988.0,973.0,984.0,48100,88.34239282953851,86.93097905030474,1.0535777280973941
2023/04/04,988.0,991.0,984.0,990.0,49500,88.81467160342717,87.11948437737446,1.0636579259754109
2023/04/05,982.0,982.0,968.0,970.0,28200,88.56583667378555,87.29881453284607,1.0501965515941494
2023/04/06,965.0,969.0,959.0,959.0,30600,89.47682966942106,88.2330293898843,1.0174787789010487
2023/04/07,958.0,963.0,954.0,956.0,35600,89.79888251095485,88.37244169283537,1.0047326853470921
2023/04/10,958.0,963.0,957.0,962.0,13600,90.21519631622259,88.86083406162622,1.0182655863739727
2023/04/11,966.0,968.0,961.0,965.0,23600,87.76345640825699,87.06660693434696,1.0153072417483993
2023/04/12,964.0,972.0,964.0,972.0,15100,89.16587268941541,87.85046732547228,1.0287164683475207
2023/04/13,970.0,979.0,967.0,979.0,25800,89.1276620197548,87.76432341990417,1.0590349494519427
2023/04/14,980.0,987.0,977.0,985.0,28900,89.88419067256707,88.79770900988629,1.0538900474015866
2023/04/17,987.0,987.0,978.0,980.0,16600,88.81930869716278,87.6549260702549,1.0269209363163594
2023/04/18,984.0,988.0,981.0,985.0,25200,89.78449071206094,88.56985248311717,1.0253178129306866
2023/04/19,985.0,986.0,980.0,986.0,20900,89.8589956437646,88.64783901909341,1.0243572063636213
2023/04/20,978.0,982.0,978.0,980.0,13700,90.16547216472078,88.64293583091491,1.0020285381600194
2023/04/21,980.0,985.0,976.0,978.0,17900,90.3643936373721,89.149798960924,1.001751787951572
2023/04/24,980.0,986.0,978.0,984.0,23400,89.62575163328356,88.76853282419945,1.004444050170959
2023/04/25,985.0,993.0,985.0,991.0,63700,90.8172266555059,89.54714605792925,1.0102097774178362
2023/04/26,987.0,989.0,981.0,981.0,32300,85.69382788818265,84.8471099616402,1.0075455574986645
2023/04/27,981.0,987.0,978.0,987.0,36200,88.01208610851941,87.18976905635186,1.0191735341781702
2023/04/28,988.0,998.0,987.0,998.0,56400,87.2548335892694,86.62394156019934,1.0256644602576819
2023/05/01,1000.0,1002.0,993.0,1001.0,51000,86.71555095451153,86.02387797671713,1.0048924848570056
2023/05/02,1000.0,1000.0,989.0,990.0,18300,85.13017522691612,84.85268326335606,0.9921761924583893
2023/05/08,993.0,1006.0,991.0,1006.0,35800,87.43685391090648,87.22237930714019,1.023758941614608
2023/05/09,1006.0,1010.0,1002.0,1010.0,24200,86.40244501821407,85.73253517613392,1.0254915336386425
2023/05/10,1003.0,1006.0,993.0,993.0,18800,85.61546086415784,84.41017391070038,1.0006131608207833
2023/05/11,994.0,1006.0,993.0,1002.0,21800,85.74947381109772,85.17571936622912,1.0298626744812993
2023/05/12,992.0,1003.0,992.0,1000.0,23700,84.51668493003405,83.57546397249205,1.0186916046760794
2023/05/15,1004.0,1005.0,998.0,1001.0,17700,85.66938732123445,84.23280960924002,1.0005294077247837
2023/05/16,1002.0,1003.0,994.0,1002.0,20900,84.52506249879275,83.03178499606612,0.998330266790813
2023/05/17,1002.0,1002.0,994.0,998.0,23700,84.27400725856629,83.24525140482959,0.9907087659520697
2023/05/18,1004.0,1004.0,989.0,992.0,27000,81.82092170552708,81.67240823630138,0.9694614445017735
2023/05/19,994.0,994.0,982.0,982.0,19700,80.1026841163348,80.15420665890171,0.9534952114911535
2023/05/22,984.0,998.0,984.0,998.0,24700,80.86259419418771,81.06016433069738,0.9602524453254514
2023/05/23,999.0,1000.0,975.0,984.0,49800,80.89399813916157,81.35698795258311,0.9491414468845399
2023/05/24,981.0,988.0,979.0,987.0,17300,82.35806899500155,82.58354732172374,0.955667817433478
2023/05/25,982.0,985.0,979.0,982.0,20500,80.39944112163069,81.4324321310299,0.9524448572339738
2023/05/26,980.0,985.0,969.0,969.0,20600,78.2301599699454,79.42690838658247,0.9299457132090951
2023/05/29,975.0,981.0,970.0,977.0,22800,76.50838245588622,77.68422714451818,0.9408369557515995
2023/05/30,980.0,981.0,970.0,974.0,19000,77.10322888127129,78.4349137862073,0.9388823038155334
2023/05/31,968.0,968.0,953.0,954.0,62900,76.05934249764577,77.85072096720205,0.9324864221274636
2023/06/01,959.0,964.0,949.0,951.0,57800,76.92930758375122,78.34311195584972,0.9291559247558987
2023/06/02,958.0,966.0,957.0,964.0,32500,78.31544592898621,78.76204984618212,0.8912390551861726
2023/06/05,974.0,974.0,967.0,968.0,28300,77.66264663200873,78.29646548146947,0.8806433666152146
2023/06/06,968.0,971.0,963.0,967.0,16700,75.77635134317822,76.74786624335856,0.8642538012410195
2023/06/07,967.0,972.0,964.0,964.0,22400,76.83396115464552,77.54455484356215,0.8590966794822218
2023/06/08,971.0,971.0,962.0,965.0,25300,77.89030122801853,78.39483595793216,0.8685549163282926
2023/06/09,965.0,970.0,963.0,967.0,37100,76.92851079917698,77.9278764444149,0.8831790834971344
2023/06/12,970.0,981.0,970.0,979.0,24900,75.98871209408942,77.548651781672,0.8872266497102366
2023/06/13,980.0,983.0,975.0,979.0,27300,74.98318629155285,77.11271985884636,0.8776022346686627
2023/06/14,979.0,982.0,975.0,979.0,22700,74.61658422137695,76.80542173163893,0.8671566086426765
2023/06/15,979.0,985.0,978.0,978.0,15300,73.31126376659225,75.62326881847183,0.8710071000556402
2023/06/16,982.0,982.0,975.0,976.0,27900,72.14873564835142,74.75415097341535,0.8795660780853666
2023/06/19,980.0,988.0,976.0,988.0,21300,72.80630112921071,74.86584648506692,0.9193052968660933
2023/06/20,987.0,987.0,980.0,987.0,18000,73.05646405916893,75.53527724581447,0.9213580843059559
2023/06/21,986.0,990.0,983.0,984.0,25800,73.12741187685432,75.79535900507148,0.915839923520858
2023/06/22,985.0,989.0,982.0,983.0,18800,73.72529764779854,75.55993712818243,0.9261409060363249
2023/06/23,984.0,989.0,977.0,981.0,29400,74.50960861587222,75.9958937494217,0.9146043671318934
2023/06/26,980.0,986.0,974.0,979.0,16200,75.61314614923566,76.8366656896292,0.959786348431251
2023/06/27,979.0,983.0,974.0,978.0,13900,75.7709327481123,77.13634486671212,0.9611743946200985
2023/06/28,985.0,992.0,985.0,992.0,18800,72.03718885914903,73.489424591885,0.953358237731722
2023/06/29,997.0,999.0,990.0,995.0,28800,73.77998810203931,75.69138372097169,0.9640165003019044
2023/06/30,999.0,999.0,991.0,999.0,57900,73.8571329463127,76.19498594944419,1.011446089362987
2023/07/03,1005.0,1010.0,1003.0,1004.0,33900,71.04572207492119,73.86764568243666,1.069719673723814
2023/07/04,1005.0,1008.0,1001.0,1007.0,27000,73.03880020269136,75.27114235233547,1.0929796220593964
2023/07/05,1008.0,1008.0,1001.0,1007.0,31700,73.0848141141583,75.11281268844269,1.091410135201451
2023/07/06,1004.0,1008.0,1000.0,1002.0,13800,74.23644310056855,75.9207423687343,1.1026716792268827
2023/07/07,999.0,1003.0,990.0,997.0,28900,74.40913719842561,76.07327229390805,1.0714716666826307
2023/07/10,1001.0,1009.0,999.0,1003.0,33500,75.40113941603667,77.26088397372001,1.0395587507105044
2023/07/11,1002.0,1008.0,1002.0,1005.0,18100,76.67043979906559,78.94803031658012,1.0431825213127148
2023/07/12,1005.0,1011.0,1002.0,1006.0,27600,75.87692985051558,77.83149116845975,1.0517484108650572
2023/07/13,1011.0,1013.0,1004.0,1012.0,23300,75.67775965376975,77.72055986898194,1.0615837627333489
2023/07/14,1017.0,1024.0,1015.0,1018.0,37500,76.53765653843863,78.21994226576412,1.0854858414247233
2023/07/18,1025.0,1032.0,1020.0,1031.0,41400,78.19636898093181,79.6177358882873,1.0885735233880125
2023/07/19,1035.0,1045.0,1031.0,1044.0,49400,78.43486476288214,79.61316484451953,1.1225525375839451
2023/07/20,1047.0,1047.0,1034.0,1038.0,14200,78.1217361597955,78.76286920087271,1.1149880693976875
2023/07/21,1038.0,1041.0,1033.0,1038.0,17300,78.95719330960564,79.00420614483484,1.123271482686823
2023/07/24,1045.0,1053.0,1041.0,1053.0,31400,78.5159361282347,78.9605602715621,1.1129742591881442
2023/07/25,1054.0,1054.0,1043.0,1047.0,21800,78.05709386031823,78.43378883809343,1.1020229878891643
2023/07/26,1046.0,1052.0,1039.0,1046.0,20000,78.67235546991975,79.02901921307404,1.0983901161465124
2023/07/27,1046.0,1058.0,1046.0,1055.0,16300,75.86692927594537,76.17533439040275,1.1036279701791365
2023/07/28,1055.0,1058.0,1047.0,1056.0,29600,79.09895365470973,78.95033514411709,1.1357175583223789
2023/07/31,1064.0,1064.0,1054.0,1057.0,46100,76.89486437020537,76.90073668710376,1.112547155088864
2023/08/01,1065.0,1084.0,1065.0,1081.0,46800,78.30121432815413,78.2526568661755,1.1559544581920853
2023/08/02,1073.0,1090.0,1071.0,1082.0,38200,81.64832478494834,80.74794027333805,1.1572621664766352
2023/08/03,1082.0,1082.0,1071.0,1078.0,44300,84.04897008443871,82.3654449672942,1.1569010165509672
2023/08/04,1071.0,1078.0,1060.0,1061.0,23400,81.45725866957861,79.67161846488071,1.1072472344641127
2023/08/07,1061.0,1077.0,1060.0,1072.0,21000,86.5327874363128,84.41716912038662,1.0950103955455637
2023/08/08,1079.0,1085.0,1072.0,1073.0,12300,86.48024587604431,84.52217320539485,1.0974862554627596
2023/08/09,1073.0,1073.0,1055.0,1057.0,15700,83.23399838847075,81.62479850222722,1.0413666660884657
2023/08/10,1055.0,1063.0,1047.0,1062.0,26000,84.64047062892463,82.47562345757235,1.0340290330868964
2023/08/14,1062.0,1066.0,1049.0,1051.0,21500,86.9132714420828,83.98896986230714,1.0191829860670996
2023/08/15,1050.0,1050.0,1042.0,1047.0,17200,86.09325107780263,83.19925125200778,1.0044518293332032
2023/08/16,1046.0,1046.0,1031.0,1031.0,18100,86.69398793684799,83.65978102911507,0.9758606915635546
2023/08/17,1026.0,1030.0,1018.0,1022.0,29800,86.27957297501226,83.29348592679024,0.968763699980622
2023/08/18,1018.0,1021.0,1012.0,1015.0,18800,85.65678846330816,83.01482531639176,0.9493827316199998
2023/08/21,1022.0,1031.0,1019.0,1026.0,11500,85.08433681225976,82.91551764066027,0.9364070507519852
2023/08/22,1026.0,1026.0,1020.0,1026.0,13800,84.4580302535485,82.2804892015926,0.9344067891923041
2023/08/23,1026.0,1041.0,1026.0,1041.0,13000,84.32026984438767,82.3568304952114,0.9520954563895362
2023/08/24,1039.0,1053.0,1039.0,1053.0,23900,84.51329775340395,82.82494762824567,0.9957018672525443
2023/08/25,1047.0,1057.0,1043.0,1056.0,12900,87.02409559323006,83.92762152288749,1.0145998629279245
2023/08/28,1069.0,1076.0,1065.0,1076.0,21400,92.50759323227457,90.23569786958946,1.0307228112552915
2023/08/29,1084.0,1088.0,1079.0,1087.0,19000,95.10231790329614,92.88963145944483,1.0439111694136827
2023/08/30,1092.0,1092.0,1080.0,1083.0,25900,94.75506215804268,92.55245179631358,1.0324261937547536
2023/08/31,1082.0,1082.0,1073.0,1074.0,22900,93.98977082374036,91.99048107100558,0.9708721422604633
2023/09/01,1074.0,1092.0,1074.0,1089.0,27500,94.51233137368995,91.8423157865762,0.9662274962164552
2023/09/04,1093.0,1105.0,1093.0,1105.0,36800,93.97019357159625,91.0623786193038,0.983131563757686
2023/09/05,1116.0,1123.0,1109.0,1117.0,49800,96.49535146794008,93.49328261501604,0.999144944062796
2023/09/06,1120.0,1130.0,1119.0,1121.0,32900,96.45910349711625,93.59351916102659,1.0000199829184209
2023/09/07,1127.0,1128.0,1117.0,1122.0,23200,98.80719649746536,95.40054004415349,1.0074838692207266
2023/09/08,1121.0,1128.0,1105.0,1109.0,34400,99.64895601356488,95.95184125819272,1.0393490841148845
2023/09/11,1110.0,1118.0,1102.0,1111.0,20200,100.58392473380806,95.98601164259003,1.0411830060863063
2023/09/12,1111.0,1121.0,1110.0,1121.0,14400,99.96551365881395,95.57983130571242,1.0414064488547734
2023/09/13,1128.0,1128.0,1118.0,1126.0,29700,98.73426580312604,95.04001246835686,1.0472313654926642
2023/09/14,1125.0,1130.0,1118.0,1126.0,27500,97.060435223557,93.63670958948585,1.0322699422780721
2023/09/15,1134.0,1155.0,1130.0,1143.0,70700,97.07268558527487,94.26131041753582,1.0363530255351896
2023/09/19,1150.0,1164.0,1150.0,1164.0,50700,99.84747145537413,96.05058993238188,1.0356374344012687
2023/09/20,1163.0,1171.0,1150.0,1153.0,38400,97.10967684104138,93.73555249689751,1.0414795680557407
2023/09/21,1150.0,1168.0,1150.0,1163.0,36100,99.03680587567844,95.50386985344322,1.0738767315959103
2023/09/22,1159.0,1179.0,1156.0,1174.0,47800,98.93228920649531,95.14984714393884,1.093955007541545
2023/09/25,1174.0,1187.0,1167.0,1185.0,40700,99.01521084366978,95.6697662011015,1.060737082423501
2023/09/26,1187.0,1187.0,1173.0,1179.0,37900,99.22852326982245,95.29182366723998,1.062237472901796
2023/09/27,1186.0,1199.0,1174.0,1196.0,55300,99.38478795703001,95.8310365115716,1.075106580650618
2023/09/28,1189.0,1189.0,1173.0,1177.0,33800,100.90207479999813,96.97851403621559,1.0836831504999755
2023/09/29,1192.0,1192.0,1166.0,1174.0,42200,100.08630494547506,97.14066976830593,1.1048021698133605
2023/10/02,1174.0,1174.0,1142.0,1142.0,36900,98.50046093457358,95.26020065708241,1.0853750052758568
2023/10/03,1138.0,1152.0,1128.0,1139.0,31500,101.35858799319924,98.30124569006908,1.102320010652827
2023/10/04,1124.0,1131.0,1112.0,1114.0,56100,101.61129513208289,98.60235073416615,1.1113911994924595
2023/10/05,1111.0,1144.0,1111.0,1143.0,42700,103.45540965147791,99.9668920262333,1.1080006177363166
2023/10/06,1150.0,1157.0,1142.0,1146.0,28400,103.46684604888526,99.60341192857906,1.1119161224147933
2023/10/10,1162.0,1171.0,1156.0,1168.0,31200,101.71094710218259,98.97954318098598,1.0980247041989604
2023/10/11,1175.0,1182.0,1168.0,1178.0,31200,101.95446249432898,99.89540774102497,1.1158915224623671
2023/10/12,1181.0,1194.0,1170.0,1192.0,31200,103.0477489978912,101.04253437083158,1.116974380643926
2023/10/13,1192.0,1201.0,1175.0,1179.0,40800,102.42128387501732,100.4498434935801,1.11375697170688
2023/10/16,1165.0,1178.0,1153.0,1158.0,29100,101.5959075780945,99.30820224165035,1.0746837024926295
2023/10/17,1176.0,1190.0,1171.0,1176.0,28700,102.4391773495271,100.26453305960177,1.0807999917653675
2023/10/18,1183.0,1183.0,1169.0,1175.0,24400,102.83304736509302,100.3305597051331,1.0781904290696216
2023/10/19,1166.0,1182.0,1160.0,1174.0,19900,103.88949141549007,101.21500967823809,1.0919678317861352
2023/10/20,1168.0,1180.0,1166.0,1176.0,17600,103.97156209239829,100.84114598242253,1.0960415069204577
2023/10/23,1174.0,1180.0,1152.0,1152.0,27200,104.85738931194746,101.57643707873135,1.0075186815423767
2023/10/24,1146.0,1157.0,1133.0,1153.0,34100,104.92740531163123,101.79942376885094,0.9950221286465444
2023/10/25,1158.0,1162.0,1152.0,1153.0,24700,105.03431054694587,101.8751345010233,0.9928430335738155
2023/10/26,1153.0,1165.0,1138.0,1143.0,36100,107.17373855181565,102.75249081802554,0.997985608553063
2023/10/27,1155.0,1161.0,1148.0,1152.0,32300,106.7303273986987,102.78689578261422,0.9801593845203851
2023/10/30,1152.0,1157.0,1132.0,1147.0,357300,107.4882912461325,103.42548130510161,0.9955891798392617
2023/10/31,1153.0,1177.0,1146.0,1173.0,76200,110.75001911504864,106.2038482340776,1.0191623862994033
2023/11/01,1174.0,1214.0,1166.0,1213.0,93600,112.84097191463927,108.25203439659852,1.0551082372371574
2023/11/02,1200.0,1209.0,1194.0,1201.0,65100,110.65382262783876,107.20014344082674,1.0253323310289715
2023/11/06,1212.0,1223.0,1197.0,1214.0,66300,108.80822159684894,105.93345296309069,1.0160744359947187
2023/11/07,1200.0,1213.0,1192.0,1192.0,38400,108.82570962758116,105.7309699942568,1.014729439516621
2023/11/08,1192.0,1198.0,1154.0,1158.0,34500,105.25287661668044,103.26932720279784,0.9997717145088081
2023/11/09,1157.0,1164.0,1152.0,1162.0,18500,103.59504442500302,102.19710994572368,0.9881226971670295
2023/11/10,1160.0,1168.0,1151.0,1168.0,17700,106.36148765128695,103.73298028676838,0.9806996632358104
2023/11/13,1168.0,1171.0,1158.0,1158.0,12400,105.15952643731843,102.62597459659881,0.9754565531029973
2023/11/14,1160.0,1164.0,1141.0,1141.0,23100,104.0236033233848,101.76855994034526,0.9392724051638954
2023/11/15,1156.0,1156.0,1137.0,1139.0,22500,101.10426015789022,100.02746812267247,0.9245275406234461
2023/11/16,1139.0,1147.0,1127.0,1128.0,12200,99.22053014548347,98.5678909638257,0.9162711229876558
2023/11/17,1129.0,1155.0,1129.0,1155.0,17700,100.57413214056481,99.59921952133067,0.9292506637002316
2023/11/20,1157.0,1162.0,1148.0,1148.0,21500,100.19206695412308,99.52476909436245,0.94807932744832
2023/11/21,1145.0,1158.0,1145.0,1156.0,18500,100.458310747174,100.39946336492058,0.9552097686426971
2023/11/22,1159.0,1172.0,1159.0,1166.0,14900,100.95138183068913,100.99949961945838,0.9550192861920611
2023/11/24,1173.0,1176.0,1162.0,1173.0,15000,100.57401794090235,100.92098691930032,0.9626161725426731
2023/11/27,1171.0,1174.0,1163.0,1171.0,16400,100.61002183959802,100.55362121168486,0.9651572324917096
2023/11/28,1179.0,1200.0,1177.0,1200.0,25900,102.93817729636572,102.88852923537924,0.9951195403990877
2023/11/29,1208.0,1218.0,1200.0,1218.0,36000,105.8342049326813,105.88051522980328,1.0137575293247205
2023/11/30,1208.0,1212.0,1183.0,1209.0,31400,105.49331191033325,104.68348815406743,0.9884769087986385
2023/12/01,1212.0,1223.0,1203.0,1208.0,34400,104.99109358144688,103.63169491717113,0.9590229692406638
2023/12/04,1187.0,1210.0,1184.0,1210.0,27700,105.96047804462867,104.35055063250284,0.978457095485873
2023/12/05,1210.0,1223.0,1207.0,1207.0,37300,108.43960417166349,106.10261149667197,0.9850450088513164
2023/12/06,1207.0,1242.0,1207.0,1242.0,31900,108.10970469443942,106.5884956360315,0.9959348680082626
2023/12/07,1230.0,1234.0,1219.0,1227.0,26000,108.16056207277103,106.03508006590083,1.0010087446495284
2023/12/08,1226.0,1240.0,1212.0,1222.0,40500,110.73630746737544,108.20714951049698,1.035621067725723
2023/12/11,1230.0,1256.0,1230.0,1256.0,29600,112.01934040591541,109.48929418071114,1.0862386407446736
2023/12/12,1260.0,1263.0,1243.0,1262.0,28000,112.59421306233936,110.50256057842805,1.0948079312835686
2023/12/13,1266.0,1328.0,1266.0,1311.0,108400,117.0220732053053,114.91056152256118,1.171573036885186
2023/12/14,1307.0,1307.0,1283.0,1288.0,62700,115.2633780638914,114.20412140619791,1.2528171492886238
2023/12/15,1280.0,1283.0,1262.0,1272.0,51500,111.78874748589429,111.96033698219871,1.2393100991615131
2023/12/18,1261.0,1261.0,1226.0,1250.0,31200,109.28702421714146,109.80008721873875,1.1967526743588583
2023/12/19,1252.0,1273.0,1252.0,1266.0,28400,108.17466441691504,110.43883727489082,1.2005263815969967
2023/12/20,1265.0,1271.0,1257.0,1261.0,21700,106.47539267930802,109.50598741971788,1.1870719330097703
2023/12/21,1257.0,1269.0,1257.0,1257.0,18200,107.07445046550437,109.81983148152321,1.1831263022104874
2023/12/22,1257.0,1290.0,1257.0,1279.0,46100,107.96503443421533,110.88189983230284,1.2068744681141605
2023/12/25,1286.0,1294.0,1275.0,1284.0,19400,108.69720625688124,111.4187743092165,1.1970587711338694
2023/12/26,1290.0,1302.0,1288.0,1300.0,25900,108.89431184112597,111.9949038608052,1.2155403342199893
2023/12/27,1316.0,1319.0,1297.0,1314.0,34700,108.39842459572115,111.86466174265539,1.2148932835377972
2023/12/28,1320.0,1332.0,1317.0,1332.0,33100,107.94686142836444,111.3321277973937,1.2070539020317492
2023/12/29,1322.0,1326.0,1300.0,1317.0,52900,106.97528786012036,109.66872139630415,1.172286893956469
2024/01/04,1315.0,1315.0,1290.0,1310.0,24400,107.98411659882173,109.37337966217646,1.1851078782423214
2024/01/05,1303.0,1325.0,1297.0,1297.0,27900,107.25904285623082,108.01571218214481,1.160384135738323
2024/01/09,1300.0,1318.0,1300.0,1304.0,22500,106.97897206208312,107.55568027215567,1.1075927469342426
2024/01/10,1302.0,1312.0,1289.0,1299.0,33200,104.6625742442654,106.01540801970657,1.0963730743068283
2024/01/11,1298.0,1312.0,1298.0,1303.0,27900,102.96212029293935,104.8591668436737,1.0727942781756228
2024/01/12,1310.0,1310.0,1272.0,1278.0,26600,98.76470561519693,102.6426356240729,0.9218021644485991
2024/01/15,1275.0,1297.0,1275.0,1289.0,21300,97.59070796074232,101.37941977259557,0.9466699443801313
2024/01/16,1289.0,1289.0,1254.0,1256.0,27500,96.3113424520784,99.73797117288132,0.9116540153789559
2024/01/17,1331.0,1397.0,1331.0,1383.0,236000,108.45028397531686,111.31417108172013,1.0255753653467043
2024/01/18,1370.0,1370.0,1336.0,1346.0,134300,104.17071645676292,107.55129103744154,0.9875482591523577
2024/01/19,1340.0,1353.0,1307.0,1309.0,81900,100.36365059078712,104.34865661644605,0.9382136973236322
2024/01/22,1309.0,1320.0,1301.0,1313.0,49500,99.24403509734813,103.04717283384,0.8998855121217776
2024/01/23,1322.0,1336.0,1311.0,1325.0,35300,101.5919165233866,105.47104101412226,0.9058147494350103
2024/01/24,1316.0,1323.0,1301.0,1301.0,27400,101.11364873109585,104.71149443739382,0.8953716690378573
2024/01/25,1300.0,1315.0,1291.0,1308.0,33800,102.03431312283706,105.58361093492181,0.888125887177426
2024/01/26,1308.0,1315.0,1301.0,1301.0,25500,103.1537863349224,106.90963211422886,0.9017983891470802
2024/01/29,1309.0,1315.0,1294.0,1297.0,21900,102.02741383334066,105.0085491062941,0.8957391284455278
2024/01/30,1308.0,1308.0,1277.0,1287.0,34300,100.119115105154,103.28870832549879,0.8809386656817197
2024/01/31,1275.0,1298.0,1275.0,1298.0,34800,101.36956203850205,103.98661879676814,0.8745558563096005
2024/02/01,1300.0,1321.0,1292.0,1312.0,40800,104.31919390602029,106.31843052788426,0.8924832752565963
2024/02/02,1325.0,1325.0,1293.0,1303.0,39800,103.37207484067876,105.40721772473599,0.8814587097552776
2024/02/05,1305.0,1323.0,1305.0,1315.0,27500,103.37798448490334,105.05447978428852,0.9118255971949495
2024/02/06,1310.0,1313.0,1290.0,1290.0,26700,101.8201020883887,103.87781926841396,0.8990723961970738
2024/02/07,1275.0,1288.0,1266.0,1271.0,41300,99.63338266757111,101.42484925546542,0.8861416947487765
2024/02/08,1270.0,1270.0,1240.0,1261.0,46100,96.58046732741342,99.97585523294389,0.8759533436145961
2024/02/09,1255.0,1260.0,1236.0,1236.0,31600,94.68132340063492,98.07193338878545,0.8766985986657072
2024/02/13,1239.0,1257.0,1235.0,1253.0,30700,92.3964320977958,96.96676469155504,0.9062782718056773
2024/02/14,1246.0,1246.0,1227.0,1228.0,34100,91.40180325591206,96.3696338052591,0.9050288766550267
2024/02/15,1233.0,1235.0,1213.0,1221.0,28900,90.24916769263683,95.99772347653914,0.9171010213601738
2024/02/16,1224.0,1232.0,1216.0,1220.0,28800,89.26649836066272,94.76647012610199,0.8165333997138874
2024/02/19,1219.0,1221.0,1208.0,1221.0,27200,88.44413882978688,93.62089973974528,0.8527905496573163
2024/02/20,1233.0,1238.0,1220.0,1221.0,25800,89.04148118076307,94.35108169363625,0.8566041184239205
2024/02/21,1221.0,1233.0,1220.0,1226.0,16100,88.71086438997649,94.14996936192927,0.8662094102130155
2024/02/22,1240.0,1244.0,1234.0,1239.0,30900,88.4120612318344,94.09843934009531,0.8613508294474673
2024/02/26,1246.0,1249.0,1240.0,1242.0,17900,87.780104476245,93.60196775280546,0.8805050567597174
2024/02/27,1256.0,1269.0,1250.0,1256.0,37200,89.2776913707801,94.98995570139812,0.8895188688945482
2024/02/28,1256.0,1279.0,1256.0,1277.0,36100,91.07820082479394,96.92466594239188,0.914575029086669
2024/02/29,1270.0,1276.0,1256.0,1265.0,36000,90.62916346252419,96.22134970300287,0.9236239805213651
2024/03/01,1262.0,1268.0,1247.0,1252.0,28900,88.94244041964673,94.74142760506895,0.9055229621188519
2024/03/04,1260.0,1260.0,1240.0,1243.0,34100,88.57280728626023,94.67247652019938,0.8784651334077077
2024/03/05,1235.0,1240.0,1229.0,1235.0,25300,87.71802647236044,93.41398750785977,0.8735889651912413
2024/03/06,1230.0,1248.0,1230.0,1244.0,31000,88.70464551053158,93.91570125269565,0.8733102606893154
2024/03/07,1245.0,1249.0,1236.0,1240.0,27400,89.45206112888306,94.2794863751203,0.8967581051941114
2024/03/08,1245.0,1256.0,1234.0,1256.0,66400,90.97515552883924,95.58452603694755,0.9231225586165535
2024/03/11,1244.0,1248.0,1222.0,1231.0,43600,90.42876879591408,94.63631507795564,0.9803480347466346
2024/03/12,1231.0,1238.0,1214.0,1238.0,30300,91.2432004835694,95.31018252463666,0.9915310000361913
2024/03/13,1241.0,1242.0,1229.0,1234.0,19400,90.0765483017584,94.73689982519144,0.9930837007238394
2024/03/14,1237.0,1253.0,1230.0,1253.0,37000,91.51204054497371,95.69055100189458,1.0188576547086912
2024/03/15,1250.0,1253.0,1242.0,1246.0,33200,91.65369318348185,95.22105268084479,1.0327618371977625
2024/03/18,1253.0,1255.0,1246.0,1246.0,56500,89.21222659667527,93.25697032490908,1.0468006391957005
2024/03/19,1250.0,1254.0,1240.0,1253.0,36000,89.52280228702442,93.03505988391959,1.0405744105410115
2024/03/21,1261.0,1263.0,1253.0,1256.0,69200,87.2564651173099,90.91911811329092,1.020758833718316
2024/03/22,1267.0,1268.0,1256.0,1261.0,57700,87.42874310515386,90.73024975263574,1.0102454836939025
2024/03/25,1261.0,1261.0,1247.0,1249.0,62300,87.72456298679452,91.13279886450975,1.0184996961999586
2024/03/26,1249.0,1252.0,1246.0,1250.0,32100,88.32702513472398,91.70535942371902,1.0149925927723373
2024/03/27,1254.0,1269.0,1254.0,1261.0,116400,88.19919413163221,91.91306949569676,1.0208019722687414
2024/03/28,1238.0,1241.0,1215.0,1216.0,69400,87.06698946541961,90.75877917773208,0.965686539472492
2024/03/29,1222.0,1226.0,1212.0,1223.0,30400,87.57959435110962,91.23904223526631,0.9247992647028405
2024/04/01,1217.0,1219.0,1191.0,1191.0,32900,85.71689845638842,89.74397423250436,0.964111429776895
2024/04/02,1183.0,1183.0,1160.0,1160.0,43000,83.19719529870632,87.31428562922996,0.9338315900170127
2024/04/03,1151.0,1173.0,1146.0,1162.0,30400,84.45374569802183,87.80745714028134,0.9442537095478433
2024/04/04,1162.0,1173.0,1154.0,1163.0,28000,83.76671139690973,87.06027050505583,0.9463813969829883
2024/04/05,1159.0,1173.0,1155.0,1172.0,22500,86.51971402599357,89.15475759164923,0.9616650430321452
2024/04/08,1176.0,1176.0,1166.0,1169.0,15100,85.34258278922704,88.03341370690539,0.9331672649197338
2024/04/09,1173.0,1174.0,1167.0,1168.0,9400,84.97547300690252,87.51841160502609,0.9251922699226811
2024/04/10,1168.0,1175.0,1167.0,1167.0,7200,85.181993951262,87.8500665200827,0.9274119340808014
2024/04/11,1162.0,1167.0,1158.0,1162.0,15600,84.73122568310905,86.76002515236591,0.9191232202648112
2024/04/12,1164.0,1172.0,1163.0,1164.0,18400,85.19343820888577,86.44510462521146,0.9137276318280422
2024/04/15,1156.0,1158.0,1151.0,1151.0,14600,85.36305882541434,86.46867578209569,0.9229487703402001
2024/04/16,1149.0,1149.0,1135.0,1136.0,28700,85.91417499680418,87.26961084328157,0.9325333637739905
2024/04/17,1136.0,1136.0,1121.0,1124.0,19200,85.90358171201851,87.33831838099601,0.9355659455747335
2024/04/18,1122.0,1146.0,1122.0,1139.0,20400,87.46685115798746,88.54192555283159,0.9547675666331253
2024/04/19,1131.0,1131.0,1106.0,1114.0,33800,87.77437202220437,88.26243674151884,0.9617832198991804
2024/04/22,1121.0,1133.0,1121.0,1125.0,13000,87.3183117512161,87.48585573620444,0.9554856640947458
2024/04/23,1135.0,1137.0,1129.0,1136.0,6400,87.36559637802854,87.80003820479281,0.9611918005556611
2024/04/24,1135.0,1147.0,1135.0,1140.0,12400,85.86096948710671,86.763813500885,0.9478831680145334
2024/04/25,1132.0,1137.0,1129.0,1129.0,11700,86.50866407485974,87.28746633516423,0.9627253430984242
2024/04/26,1140.0,1140.0,1127.0,1139.0,18800,86.81576439056809,87.40679447098842,0.9536953337712885
2024/04/30,1147.0,1150.0,1138.0,1150.0,20000,88.19102694653878,87.88989351440843,0.9727065548444881
2024/05/01,1148.0,1155.0,1145.0,1152.0,13400,86.61574523252972,86.89833301793995,0.9789557129678866
2024/05/02,1144.0,1152.0,1144.0,1147.0,10100,86.32547109227501,86.54875764962885,1.0037869722972896
2024/05/07,1150.0,1156.0,1150.0,1156.0,10100,86.18492013872,87.42053433518817,0.9824338185570003
2024/05/08,1156.0,1159.0,1146.0,1146.0,11200,87.97695866209325,88.94757994536758,0.9882540760492298
2024/05/09,1150.0,1166.0,1150.0,1166.0,12900,89.02134104401583,89.33372411089475,1.0134562754079646
2024/05/10,1167.0,1184.0,1161.0,1178.0,20200,90.55773833081659,90.51896371613634,1.0148204151434936
2024/05/13,1176.0,1184.0,1172.0,1183.0,20400,91.70624014254601,91.75090973165938,1.0387889571581197
2024/05/14,1238.0,1261.0,1225.0,1237.0,81200,96.05286476535349,96.15956062755053,1.083473735418479
2024/05/15,1248.0,1248.0,1227.0,1238.0,20200,97.25104998899826,96.91757181459268,1.0843774185213455
2024/05/16,1238.0,1238.0,1214.0,1214.0,18600,96.1352253485926,96.46456116004343,1.0528791874621273
2024/05/17,1213.0,1233.0,1201.0,1233.0,15500,99.73086441634408,98.85635029796258,1.0640253233095096
2024/05/20,1233.0,1265.0,1230.0,1262.0,40800,100.6155853194316,99.40205985300481,1.0789903549884476
2024/05/21,1263.0,1267.0,1253.0,1256.0,13800,101.45909409990345,99.97300598069407,1.0770979213672243
2024/05/22,1270.0,1270.0,1258.0,1262.0,28300,101.59114055800578,100.53870080458853,1.0910835484635641
2024/05/23,1260.0,1264.0,1255.0,1262.0,8200,101.22831212536492,100.12113126576976,1.0752177928264754
2024/05/24,1256.0,1257.0,1247.0,1253.0,9900,103.44491845690078,101.17463820402351,1.0863743707171698
2024/05/27,1248.0,1259.0,1246.0,1259.0,9500,103.46716548090913,100.64840386865819,1.085605202755843
2024/05/28,1257.0,1259.0,1246.0,1246.0,11500,103.14375183294075,99.77263724082822,1.0735651294453916
2024/05/29,1246.0,1249.0,1211.0,1211.0,18100,101.69090179008691,98.64987665787682,1.053638826044773
2024/05/30,1224.0,1235.0,1211.0,1232.0,19400,106.03730927629897,102.1333308030711,1.0779729835764391
2024/05/31,1237.0,1250.0,1227.0,1250.0,30800,106.2069930713476,102.08384963774773,1.068205310629314
2024/06/03,1257.0,1260.0,1249.0,1260.0,17300,107.74061256385563,103.2638952699602,1.0697676523769977
2024/06/04,1260.0,1261.0,1253.0,1258.0,15200,108.88731781253729,104.36829452017602,1.0721273442004127
2024/06/05,1253.0,1255.0,1235.0,1235.0,17200,106.22281268846766,102.84969137775575,1.067561623215118
2024/06/06,1235.0,1242.0,1221.0,1223.0,16500,103.610244274708,100.73203866334369,1.0537339032666146
2024/06/07,1223.0,1232.0,1223.0,1232.0,7300,106.26435308607829,102.86204831001223,1.0560793645035202
2024/06/10,1236.0,1253.0,1236.0,1253.0,22600,106.33581201853526,102.9779508599326,1.0369374789057553
2024/06/11,1256.0,1259.0,1247.0,1251.0,15000,107.81294837594497,104.22165276334579,1.0374037703537078
2024/06/12,1250.0,1256.0,1246.0,1255.0,14400,110.47085310752878,106.71027294624933,1.048407925383021
2024/06/13,1248.0,1253.0,1234.0,1234.0,13600,109.11698137137739,105.95423441371842,0.9972716833445309
2024/06/14,1233.0,1260.0,1233.0,1260.0,32800,112.10740691459995,108.12336113173453,1.0119417645575945
2024/06/17,1259.0,1261.0,1249.0,1253.0,19500,111.07159572302707,107.58681475568706,1.017884978074654
2024/06/18,1253.0,1269.0,1243.0,1266.0,27600,111.29096747240841,107.86802876968153,1.0224811847796487
2024/06/19,1267.0,1284.0,1267.0,1283.0,16900,113.49878014717876,109.66546863990618,1.0313199570042917
2024/06/20,1288.0,1288.0,1254.0,1258.0,26200,110.19310621053158,107.83034951752997,1.0141529600001198
2024/06/21,1260.0,1276.0,1260.0,1270.0,14800,109.95537882408229,107.60539568382099,1.0110186919648947
2024/06/24,1280.0,1290.0,1270.0,1289.0,22700,110.94772532782777,108.60020737510574,1.0336064397661069
2024/06/25,1298.0,1319.0,1294.0,1312.0,32800,111.42990085961671,108.47200312910148,1.0342420226435958
2024/06/26,1326.0,1333.0,1312.0,1333.0,31400,112.44698452015767,110.1961772418347,1.0449554247432027
2024/06/27,1340.0,1351.0,1324.0,1351.0,49700,114.70051217973929,111.60192090495104,1.074489229980941
2024/06/28,1330.0,1337.0,1312.0,1319.0,44700,110.70428052572964,107.54743809985983,1.0628177050609942
2024/07/01,1328.0,1328.0,1306.0,1310.0,25900,111.1267261132866,107.21842402226804,1.030034034801622
2024/07/02,1324.0,1324.0,1306.0,1306.0,20600,108.16399681468343,104.71049538709084,1.0152634098706732
2024/07/03,1296.0,1313.0,1291.0,1304.0,29800,106.38407104293476,103.96841423587644,1.0082168878525655
2024/07/04,1295.0,1313.0,1295.0,1313.0,26400,104.96517687818225,102.94529055927617,1.0037534138330528
2024/07/05,1315.0,1327.0,1289.0,1298.0,39600,103.0658188892565,101.78515909564649,1.0014675225507028
2024/07/08,1306.0,1306.0,1285.0,1287.0,16700,101.28386638997699,100.38080909332446,0.9966461694398212
2024/07/09,1296.0,1303.0,1280.0,1292.0,19200,99.56672225753178,99.29213905262593,0.9908638545348561
2024/07/10,1291.0,1302.0,1281.0,1287.0,27200,97.69231174876202,97.68983924037235,0.9823980894910372
2024/07/11,1300.0,1303.0,1290.0,1298.0,22100,98.47786772841016,98.21480072037059,0.9835974766310941
2024/07/12,1298.0,1316.0,1298.0,1309.0,15600,101.11620205851113,99.46786636627205,0.9932576256248568
2024/07/16,1317.0,1330.0,1308.0,1308.0,20000,99.87639561703243,98.37847321766868,0.97039972511488
2024/07/17,1320.0,1320.0,1307.0,1316.0,21300,100.89774675918954,98.54263109742799,0.9727479985103749
2024/07/18,1308.0,1326.0,1306.0,1307.0,9500,101.95422770942737,99.2396107096894,0.9773693900009914
2024/07/19,1310.0,1317.0,1300.0,1303.0,8800,101.2172873677722,99.26268281803561,0.9686613003471631
2024/07/22,1306.0,1306.0,1258.0,1277.0,34400,100.14713835737949,97.83964312168561,0.9600888709712959
2024/07/23,1290.0,1295.0,1285.0,1293.0,6800,101.93740870257932,99.61022218962357,0.9701076466308934
2024/07/24,1285.0,1292.0,1262.0,1268.0,20800,101.1414257423666,99.08798713386045,0.9650668962810661
2024/07/25,1252.0,1270.0,1252.0,1256.0,27300,103.40146320941857,100.83226138927553,0.9846991690507633
2024/07/26,1252.0,1260.0,1243.0,1243.0,29200,102.37057351655811,99.8777145056814,0.9682033099679376
2024/07/29,1258.0,1271.0,1254.0,1265.0,17300,103.20086925040708,100.72222893637853,0.9882568379884556
2024/07/30,1274.0,1281.0,1259.0,1278.0,30800,102.72895890964652,100.32192898048487,1.0003049444348135
2024/07/31,1266.0,1297.0,1258.0,1297.0,29900,100.26875351035638,98.74291412790988,1.0007131741116175
2024/08/01,1267.0,1280.0,1250.0,1252.0,34400,97.96408408951808,97.44032842465006,1.0128770471632165
2024/08/02,1244.0,1244.0,1190.0,1190.0,44500,100.54902820869572,100.53543805779381,1.0328990026806646
2024/08/05,1135.0,1169.0,1069.0,1082.0,65600,103.48721292916908,103.50606457419507,1.0824786316064408
2024/08/06,1172.0,1220.0,1157.0,1177.0,45200,102.42241340594312,103.27189556147098,1.0773577991237928
2024/08/07,1169.0,1212.0,1161.0,1181.0,29100,102.54406120570705,102.45601928994607,1.0571336564603502
2024/08/08,1170.0,1192.0,1163.0,1163.0,24300,102.09829509141835,102.473170707824,1.058798077570044
2024/08/09,1193.0,1193.0,1159.0,1172.0,38900,102.07257021116496,102.42360279703631,1.0668256650618824
2024/08/13,1193.0,1214.0,1186.0,1211.0,17800,102.91510492346139,103.74026779992434,1.0530849688959127
2024/08/14,1207.0,1223.0,1194.0,1223.0,15700,103.40325397650135,103.87193034370574,1.051842407264024
2024/08/15,1227.0,1227.0,1212.0,1219.0,16700,102.71074478757708,103.33012624500756,1.0408034791187317
2024/08/16,1236.0,1249.0,1224.0,1249.0,18400,101.67830339738111,102.78052059398743,1.032924383558348
2024/08/19,1239.0,1242.0,1219.0,1219.0,17600,100.307061565448,100.83277694738737,1.0219475508395737
2024/08/20,1225.0,1233.0,1220.0,1230.0,20500,100.33595081527768,101.7098432071277,1.0198172373890821
2024/08/21,1220.0,1227.0,1217.0,1222.0,11800,99.00959849881704,100.30409074770654,1.015343825355539
2024/08/22,1222.0,1249.0,1222.0,1249.0,11800,100.2250008066309,101.52744227998159,1.0245457323691283
2024/08/23,1248.0,1248.0,1233.0,1247.0,13100,97.34109851708543,99.68736088499051,1.023146437419929
2024/08/26,1240.0,1249.0,1235.0,1240.0,9600,97.2789521461173,99.58400478355632,1.0164277834657853
2024/08/27,1247.0,1257.0,1237.0,1250.0,15700,99.98363864773765,100.2019999678643,1.0172137572053883
2024/08/28,1240.0,1253.0,1236.0,1250.0,8800,100.1539848267208,100.345544465614,1.0129365111199373
2024/08/29,1255.0,1255.0,1243.0,1254.0,14000,99.68383708248152,100.07723206326901,1.0036031070829852
2024/08/30,1245.0,1253.0,1242.0,1245.0,20400,99.62131490206465,99.8807864067661,0.9887935589092255
2024/09/02,1251.0,1251.0,1233.0,1237.0,20300,99.04625194821367,99.69298278605605,0.9374837321840254
2024/09/03,1237.0,1253.0,1237.0,1249.0,10000,99.71147588741606,99.7122369295792,0.9405937984393266
2024/09/04,1231.0,1239.0,1215.0,1222.0,24100,100.90485590111085,101.04364404398743,0.9551283580599441
2024/09/05,1222.0,1239.0,1218.0,1220.0,13800,100.63817043510191,100.78016103161437,0.962751399151171
2024/09/06,1220.0,1240.0,1217.0,1230.0,23300,100.111281918056,100.33358656215087,0.9981011835942121
2024/09/09,1216.0,1240.0,1214.0,1240.0,20700,100.4178012199325,100.65494579564333,1.013555778212895
2024/09/10,1235.0,1248.0,1231.0,1236.0,12000,99.95530701522364,100.05989175053142,1.0115370732847124
2024/09/11,1231.0,1231.0,1207.0,1212.0,23100,99.35417024094424,100.18006132396512,1.0098743136134074
2024/09/12,1215.0,1262.0,1215.0,1250.0,27100,100.51062328961308,101.25288806262179,1.0166968331917252
2024/09/13,1250.0,1250.0,1234.0,1235.0,27200,99.57434786011001,100.6458098362493,1.0140379140594706
2024/09/17,1235.0,1250.0,1230.0,1250.0,22700,99.79936040464838,100.53445019143842,1.059687133578731
2024/09/18,1251.0,1260.0,1238.0,1252.0,19600,99.48857913783023,100.39310040640942,1.057406642354437
2024/09/19,1263.0,1271.0,1250.0,1266.0,33300,99.20149511131558,99.75665575193656,1.0503777972698163
2024/09/20,1276.0,1276.0,1250.0,1256.0,34500,99.04303247557812,99.79927420157117,1.036579196895389
2024/09/24,1268.0,1271.0,1258.0,1264.0,20500,99.46555116740102,100.10941767661802,1.0211504975252748
2024/09/25,1269.0,1282.0,1267.0,1270.0,24000,98.52410304181518,99.4838676456308,1.0284093384693092
2024/09/26,1274.0,1298.0,1254.0,1297.0,58600,98.8376691934718,99.71023776467395,1.0222254365849361
2024/09/27,1271.0,1282.0,1251.0,1272.0,41300,98.58352392539096,99.34398427552831,0.999475111458113
2024/09/30,1242.0,1263.0,1234.0,1245.0,29400,98.99646511506725,99.82210111461657,1.033113000342454
2024/10/01,1246.0,1275.0,1246.0,1270.0,17400,99.304846526984,100.21704501354812,1.0362964177748502
2024/10/02,1274.0,1283.0,1260.0,1275.0,25800,99.68718648696932,100.42074810459677,1.0556055926933403
2024/10/03,1295.0,1300.0,1277.0,1290.0,14500,97.51135673604912,98.59683422994175,1.0518994356422797
2024/10/04,1289.0,1311.0,1289.0,1303.0,15800,98.08570238601358,99.18359182040452,1.0423078475252403
2024/10/07,1317.0,1327.0,1314.0,1316.0,25800,98.78891632484542,99.40915585202151,0.9994350873263637
2024/10/08,1300.0,1310.0,1299.0,1303.0,9700,98.66976595413279,99.57383953740133,1.004315035259009
2024/10/09,1303.0,1314.0,1303.0,1307.0,12400,98.91801027837096,99.6326775830677,1.004387729605345
2024/10/10,1317.0,1317.0,1291.0,1293.0,9000,98.97776525367972,99.75001561487534,0.9936192089039488
2024/10/11,1295.0,1300.0,1293.0,1298.0,14900,97.88552696182118,99.05749876086226,1.001492496267585
2024/10/15,1305.0,1318.0,1301.0,1318.0,10200,98.92996272049221,99.83866293124713,0.9894342146520919
2024/10/16,1310.0,1326.0,1305.0,1311.0,16000,99.36890841014868,100.1069980473748,0.9962169460281114
2024/10/17,1318.0,1321.0,1309.0,1311.0,7700,98.5176528402534,99.36835723607481,0.9972658568436241
2024/10/18,1318.0,1319.0,1306.0,1306.0,6200,97.36866318288911,97.87534461866186,0.9951791939254995
2024/10/21,1306.0,1318.0,1306.0,1318.0,16800,98.65894904396241,99.42381210295322,1.0337024531194114
2024/10/22,1313.0,1318.0,1290.0,1294.0,16400,98.48769581871042,98.92046501011717,1.025765066409544
2024/10/23,1297.0,1299.0,1284.0,1288.0,8100,98.30756529070675,99.29207312519578,1.0266269645752424
2024/10/24,1282.0,1288.0,1273.0,1283.0,18000,98.17160315865027,99.01677138407776,1.0231809527859927
2024/10/25,1275.0,1278.0,1255.0,1255.0,12000,97.4899107161452,98.59086427223828,1.0003341386422455
2024/10/28,1253.0,1283.0,1251.0,1278.0,9700,96.82851208026041,98.16011930269696,1.0219330980734265
2024/10/29,1278.0,1292.0,1276.0,1291.0,9600,97.68122509453619,98.6615169447843,1.0229982023080433
2024/10/30,1309.0,1309.0,1283.0,1286.0,49500,96.50094260744638,97.75403665512604,1.0108574014668594
2024/10/31,1288.0,1304.0,1288.0,1301.0,17500,99.76151931298604,100.78360601071404,1.0226118458818234
2024/11/01,1300.0,1308.0,1283.0,1283.0,17800,98.62772597977046,99.44119851581189,1.0092047487840106
2024/11/05,1290.0,1290.0,1259.0,1264.0,19400,96.70461667479235,97.66408279102548,0.9875712678716857
2024/11/06,1264.0,1277.0,1260.0,1273.0,15400,98.77805757176228,99.3618878773558,0.9756845033104814
2024/11/07,1273.0,1278.0,1264.0,1270.0,23400,98.98611339425257,99.30500161961922,0.9590645796803127
2024/11/08,1282.0,1299.0,1282.0,1288.0,12800,98.94704751605944,99.33021301604339,0.9729170760393153
2024/11/11,1288.0,1293.0,1278.0,1290.0,12600,98.95371246732894,99.49602721048532,0.9730003634774266
2024/11/12,1295.0,1301.0,1281.0,1285.0,20200,98.40989255361721,99.03871554481921,0.9685785359658483
2024/11/13,1280.0,1293.0,1277.0,1277.0,17700,99.94941108613429,100.00683329736432,0.9743119218200659
2024/11/14,1277.0,1282.0,1256.0,1256.0,11300,100.10058630429964,100.0504871803895,0.9608438491329028
2024/11/15,1268.0,1268.0,1253.0,1253.0,9400,100.03033020851827,99.86611170529834,0.9483642409662644
2024/11/18,1253.0,1265.0,1246.0,1246.0,15700,100.06926906049247,100.12429262972014,0.941209942438618
2024/11/19,1249.0,1262.0,1249.0,1250.0,11000,100.11314332121742,100.17861481601574,0.9378658307020743
2024/11/20,1250.0,1270.0,1250.0,1270.0,15600,99.31636486375072,99.5073894485836,0.9570175369483575
2024/11/21,1275.0,1275.0,1259.0,1259.0,12100,99.20891805926561,99.2252851102162,0.9615862729502048
2024/11/22,1258.0,1272.0,1258.0,1271.0,9300,98.87008509881443,98.86586259815313,0.9650014662275987
2024/11/25,1278.0,1278.0,1253.0,1253.0,15700,97.87572033174295,98.79166681206128,0.959562895284672
2024/11/26,1251.0,1258.0,1247.0,1247.0,11300,97.91111099071016,98.37016621113098,0.9642174929112557
2024/11/27,1253.0,1254.0,1234.0,1236.0,13500,97.56912794563118,98.16786509274662,0.9643929545089526
2024/11/28,1241.0,1262.0,1239.0,1262.0,17900,98.38298620645963,98.674392689656,0.9756233924467193
2024/11/29,1258.0,1258.0,1241.0,1243.0,21800,97.46870442540907,98.13248322063336,0.9748595247215587
2024/12/02,1239.0,1252.0,1236.0,1246.0,10800,97.15531201738598,97.19945682140316,0.9674366375197423
2024/12/03,1252.0,1282.0,1252.0,1281.0,23500,98.1679164689009,98.46947542941788,0.9805753276677974
2024/12/04,1269.0,1276.0,1258.0,1260.0,14800,98.37747968504469,98.5146697098913,0.9690683782632835
2024/12/05,1276.0,1277.0,1262.0,1264.0,21900,97.2205391675834,97.95212159415988,0.9715633934301886
2024/12/06,1272.0,1282.0,1265.0,1276.0,10700,96.88224318662058,97.67788669088252,0.9982034598989936
2024/12/09,1270.0,1292.0,1269.0,1282.0,18100,98.76130493572802,98.6281710316139,0.9956591687270012
2024/12/10,1282.0,1294.0,1278.0,1285.0,16500,97.56655821712107,98.05516126261774,0.9954954148672829
2024/12/11,1285.0,1294.0,1285.0,1285.0,14700,97.41923077726587,97.66384512478501,0.9926349103125214
2024/12/12,1288.0,1304.0,1286.0,1304.0,26000,97.57116118440322,98.02584360533955,1.0032549569911655
2024/12/13,1277.0,1290.0,1277.0,1284.0,23500,96.5526899368297,96.95422375019379,0.9915190158908024
2024/12/16,1290.0,1290.0,1272.0,1272.0,14200,96.60509799740848,97.16470425550781,1.0035051826147576
2024/12/17,1280.0,1289.0,1280.0,1287.0,9100,97.68521301873324,97.66994261900558,1.0191089957183415
2024/12/18,1290.0,1290.0,1284.0,1284.0,4700,98.1438305382896,98.11831390822934,1.0198473452911048
2024/12/19,1283.0,1300.0,1276.0,1298.0,8700,98.03046141636246,97.95608436774725,1.0369459958803613
2024/12/20,1305.0,1307.0,1292.0,1302.0,14000,98.24683707440568,98.47693999118587,1.0237929857063943
2024/12/23,1306.0,1307.0,1298.0,1307.0,9100,97.3429012633642,97.76795814806175,1.0388350340341637
2024/12/24,1310.0,1310.0,1301.0,1306.0,6100,98.12802348161921,98.010224351374,1.037842289393307
2024/12/25,1302.0,1308.0,1291.0,1308.0,11100,98.3068996031658,98.15627782155485,1.0369222707943486
2024/12/26,1309.0,1320.0,1303.0,1320.0,21300,96.75739591487437,96.94626119749383,1.0289931234959562
2024/12/27,1320.0,1365.0,1320.0,1365.0,31200,97.1309627461797,97.1796942937403,1.0506262989778952
2024/12/30,1367.0,1375.0,1330.0,1330.0,46100,97.18115452227953,97.51525802430943,1.0405091821167844
2025/01/06,1351.0,1351.0,1325.0,1325.0,19900,98.00689931533233,97.95045883333995,1.0253596424413354
2025/01/07,1331.0,1331.0,1306.0,1306.0,16600,96.68920300845153,97.37128191946663,0.9997068119302351
2025/01/08,1306.0,1312.0,1297.0,1297.0,16200,97.32593291401167,97.54783891530641,0.9987565457852965
2025/01/09,1298.0,1305.0,1288.0,1290.0,20500,97.434570009757,98.03969762461388,1.005905496133127
2025/01/10,1288.0,1297.0,1286.0,1289.0,8800,98.09192537158933,98.42191500619586,1.0161187285102076
2025/01/14,1287.0,1290.0,1276.0,1281.0,17100,98.8752455276614,98.99384952763367,1.0280047478230263
2025/01/15,1280.0,1300.0,1280.0,1300.0,11400,97.84708509177236,97.96920276615336,1.0400614329523508
2025/01/16,1312.0,1323.0,1301.0,1301.0,17100,98.441523874774,98.3873574060519,1.0258777407655328
2025/01/17,1293.0,1305.0,1285.0,1297.0,11200,98.74036766928057,98.92485713664325,1.0253740080355422
2025/01/20,1305.0,1312.0,1298.0,1312.0,8800,98.04738398825849,98.19961158725374,1.0095531957486679
2025/01/21,1303.0,1314.0,1303.0,1309.0,8100,99.72913779114347,99.22253993801021,1.0064169954726354
2025/01/22,1315.0,1327.0,1314.0,1318.0,6300,99.51306183711189,99.59908221819953,1.0045663051094296
2025/01/23,1318.0,1324.0,1303.0,1303.0,11700,99.03978893821677,99.1577344653708,0.9888271556782264
2025/01/24,1304.0,1318.0,1303.0,1306.0,7100,98.51935329009734,98.58426138421635,0.9922355857903636
2025/01/27,1310.0,1320.0,1310.0,1313.0,7300,98.24290567997274,98.29179306062004,0.9968286802711637
2025/01/28,1314.0,1337.0,1314.0,1337.0,11000,99.7062479314817,99.38011814852598,1.0154802400102327
2025/01/29,1341.0,1341.0,1328.0,1333.0,9000,99.79412797798987,99.41791907701688,1.0056246687861283
2025/01/30,1328.0,1349.0,1328.0,1349.0,18100,100.15825650139288,99.66926027073096,1.0087625795828319
2025/01/31,1340.0,1347.0,1334.0,1334.0,15400,99.5001516208553,99.29417317379203,0.9951383751092191
2025/02/03,1344.0,1348.0,1300.0,1300.0,31200,100.59874483728271,100.48276973669442,0.9941121788378426
2025/02/04,1301.0,1314.0,1301.0,1301.0,13300,99.03845575530411,98.88868278312158,0.9884709085328566
2025/02/05,1301.0,1305.0,1291.0,1291.0,17800,99.38229518380916,99.2080409196093,0.9782328501231525
2025/02/06,1293.0,1302.0,1292.0,1292.0,13300,98.81174736826163,98.60069234511786,1.0016345659376718
2025/02/07,1292.0,1301.0,1288.0,1289.0,14000,99.84764997512045,99.83647786295761,1.0057300328753644
