date,open,high,low,close,volume,rs_nikkei,rs_topix,rs
2014/03/26,703.0,706.0,700.0,706.0,34000,-1.0,-1.0,-1.0
2014/03/27,693.0,695.0,691.0,694.0,31000,-1.0,-1.0,-1.0
2014/03/28,694.0,699.0,693.0,699.0,9000,-1.0,-1.0,-1.0
2014/03/31,722.0,722.0,706.0,707.0,42000,-1.0,-1.0,-1.0
2014/04/01,704.0,710.0,704.0,710.0,9000,-1.0,-1.0,-1.0
2014/04/02,710.0,710.0,701.0,705.0,29000,-1.0,-1.0,-1.0
2014/04/03,706.0,707.0,705.0,705.0,15000,-1.0,-1.0,-1.0
2014/04/04,705.0,707.0,700.0,707.0,15000,-1.0,-1.0,-1.0
2014/04/07,706.0,708.0,704.0,708.0,26000,-1.0,-1.0,-1.0
2014/04/08,708.0,709.0,707.0,709.0,23000,-1.0,-1.0,-1.0
2014/04/09,706.0,707.0,700.0,706.0,33000,-1.0,-1.0,-1.0
2014/04/10,707.0,708.0,704.0,708.0,20000,-1.0,-1.0,-1.0
2014/04/11,704.0,704.0,698.0,699.0,26000,-1.0,-1.0,-1.0
2014/04/14,698.0,700.0,696.0,700.0,10000,-1.0,-1.0,-1.0
2014/04/15,700.0,705.0,699.0,703.0,12000,-1.0,-1.0,-1.0
2014/04/16,706.0,709.0,706.0,709.0,21000,-1.0,-1.0,-1.0
2014/04/17,708.0,712.0,708.0,712.0,19000,-1.0,-1.0,-1.0
2014/04/18,712.0,712.0,706.0,710.0,7000,-1.0,-1.0,-1.0
2014/04/21,707.0,711.0,707.0,711.0,6000,-1.0,-1.0,-1.0
2014/04/22,711.0,713.0,710.0,713.0,18000,-1.0,-1.0,-1.0
2014/04/23,712.0,714.0,712.0,714.0,12000,-1.0,-1.0,-1.0
2014/04/24,714.0,714.0,711.0,714.0,5000,-1.0,-1.0,-1.0
2014/04/25,714.0,714.0,713.0,714.0,5000,-1.0,-1.0,-1.0
2014/04/28,705.0,706.0,705.0,706.0,14000,-1.0,-1.0,-1.0
2014/04/30,712.0,714.0,711.0,713.0,13000,-1.0,-1.0,-1.0
2014/05/01,715.0,716.0,714.0,716.0,16000,-1.0,-1.0,-1.0
2014/05/02,720.0,725.0,720.0,725.0,10000,-1.0,-1.0,-1.0
2014/05/07,720.0,730.0,716.0,720.0,13000,-1.0,-1.0,1.0539453821926104
2014/05/08,720.0,720.0,716.0,716.0,19000,-1.0,-1.0,1.0233952300692195
2014/05/09,716.0,720.0,716.0,719.0,20000,-1.0,-1.0,1.0028023699913988
2014/05/12,734.0,734.0,716.0,727.0,72000,-1.0,-1.0,1.0102075532469275
2014/05/13,727.0,727.0,719.0,720.0,34000,-1.0,-1.0,0.9807204877743286
2014/05/14,719.0,720.0,718.0,720.0,33000,-1.0,-1.0,0.9768387372215986
2014/05/15,720.0,725.0,718.0,725.0,24000,-1.0,-1.0,0.9843250409726523
2014/05/16,719.0,720.0,719.0,720.0,10000,-1.0,-1.0,1.024964267040287
2014/05/19,718.0,718.0,715.0,717.0,10000,-1.0,-1.0,1.0341611966737643
2014/05/20,720.0,720.0,715.0,720.0,22000,-1.0,-1.0,1.0336728890573936
2014/05/21,715.0,720.0,715.0,720.0,18000,-1.0,-1.0,1.0371661024321288
2014/05/22,720.0,721.0,715.0,719.0,20000,-1.0,-1.0,1.0119998108820483
2014/05/23,723.0,723.0,721.0,723.0,24000,-1.0,-1.0,1.012277754533429
2014/05/26,725.0,725.0,723.0,724.0,9000,-1.0,-1.0,0.9904271957836184
2014/05/27,725.0,726.0,724.0,725.0,9000,-1.0,-1.0,0.9900695717984321
2014/05/28,725.0,727.0,723.0,726.0,7000,-1.0,-1.0,0.9888491074321919
2014/05/29,722.0,725.0,722.0,725.0,4000,-1.0,-1.0,0.984930493426733
2014/05/30,722.0,723.0,722.0,723.0,4000,-1.0,-1.0,0.9839433135477902
2014/06/02,723.0,724.0,723.0,723.0,5000,-1.0,-1.0,0.9525211548144038
2014/06/03,726.0,728.0,724.0,724.0,12000,-1.0,-1.0,0.947889437885328
2014/06/04,726.0,728.0,726.0,726.0,12000,-1.0,-1.0,0.9446784621573382
2014/06/05,730.0,733.0,727.0,733.0,15000,-1.0,-1.0,0.9513152467312509
2014/06/06,733.0,734.0,732.0,732.0,5000,-1.0,-1.0,0.9497810040070285
2014/06/09,733.0,737.0,733.0,735.0,20000,-1.0,-1.0,0.9406317536520606
2014/06/10,735.0,738.0,735.0,738.0,12000,-1.0,-1.0,0.9461188716747035
2014/06/11,735.0,740.0,735.0,736.0,10000,-1.0,-1.0,0.9371505548313217
2014/06/12,730.0,736.0,729.0,729.0,29000,-1.0,-1.0,0.965096973211024
2014/06/13,733.0,735.0,729.0,730.0,19000,-1.0,-1.0,0.9674878756652424
2014/06/16,730.0,738.0,730.0,736.0,18000,-1.0,-1.0,0.9538289986986717
2014/06/17,736.0,739.0,734.0,736.0,9000,-1.0,-1.0,0.9517115492156986
2014/06/18,736.0,738.0,733.0,736.0,8000,-1.0,-1.0,0.9432281167918339
2014/06/19,736.0,736.0,733.0,736.0,9000,-1.0,-1.0,0.9293613539884396
2014/06/20,737.0,737.0,734.0,736.0,6000,-1.0,-1.0,0.9268372405090596
2014/06/23,735.0,735.0,733.0,735.0,14000,-1.0,-1.0,0.9603891932121196
2014/06/24,733.0,736.0,733.0,734.0,7000,-1.0,-1.0,0.9593566142524018
2014/06/25,735.0,737.0,734.0,734.0,24000,-1.0,-1.0,0.9654839755994661
2014/06/26,733.0,734.0,729.0,729.0,10000,-1.0,-1.0,0.9516334597487265
2014/06/27,730.0,731.0,726.0,728.0,16000,-1.0,-1.0,0.9599109822354615
2014/06/30,729.0,730.0,728.0,728.0,17000,-1.0,-1.0,0.9721685192192672
2014/07/01,734.0,734.0,734.0,734.0,7000,-1.0,-1.0,0.961561792879792
2014/07/02,735.0,736.0,732.0,736.0,16000,-1.0,-1.0,0.9625987598599995
2014/07/03,736.0,736.0,733.0,733.0,14000,-1.0,-1.0,0.965396039910447
2014/07/04,735.0,735.0,732.0,735.0,33000,-1.0,-1.0,0.9659734670388976
2014/07/07,734.0,735.0,729.0,730.0,24000,-1.0,-1.0,0.9411929774245874
2014/07/08,733.0,734.0,731.0,734.0,7000,-1.0,-1.0,0.9470759725822886
2014/07/09,734.0,738.0,734.0,736.0,6000,-1.0,-1.0,0.9534646721446716
2014/07/10,736.0,738.0,733.0,738.0,13000,-1.0,-1.0,0.9579493248958474
2014/07/11,737.0,738.0,733.0,737.0,21000,-1.0,-1.0,0.9704168468986891
2014/07/14,737.0,739.0,735.0,737.0,10000,-1.0,-1.0,0.9572866936959
2014/07/15,737.0,738.0,735.0,735.0,13000,-1.0,-1.0,0.9481516141905165
2014/07/16,733.0,733.0,732.0,732.0,6000,-1.0,-1.0,0.9478703741496483
2014/07/17,733.0,736.0,733.0,733.0,6000,-1.0,-1.0,0.9477953938407775
2014/07/18,733.0,734.0,731.0,734.0,7000,-1.0,-1.0,0.9648927863005206
2014/07/22,732.0,735.0,731.0,733.0,22000,-1.0,-1.0,0.9721681266216323
2014/07/23,733.0,735.0,730.0,735.0,16000,-1.0,-1.0,0.9788141855323708
2014/07/24,730.0,732.0,729.0,732.0,15000,-1.0,-1.0,0.978982349926375
2014/07/25,732.0,737.0,732.0,734.0,16000,-1.0,-1.0,0.9694521404506902
2014/07/28,735.0,737.0,731.0,736.0,11000,-1.0,-1.0,0.9862673300895146
2014/07/29,737.0,737.0,734.0,734.0,5000,-1.0,-1.0,0.9792522059690074
2014/07/31,735.0,737.0,734.0,734.0,10000,-1.0,-1.0,-1.0
2014/08/01,733.0,733.0,732.0,733.0,8000,-1.0,-1.0,-1.0
2014/08/04,732.0,732.0,732.0,732.0,3000,-1.0,-1.0,-1.0
2014/08/05,732.0,741.0,732.0,736.0,12000,-1.0,-1.0,-1.0
2014/08/06,736.0,736.0,730.0,731.0,23000,-1.0,-1.0,-1.0
2014/08/07,731.0,731.0,725.0,730.0,46000,-1.0,-1.0,-1.0
2014/08/08,729.0,729.0,720.0,724.0,40000,-1.0,-1.0,-1.0
2014/08/11,730.0,733.0,729.0,732.0,11000,-1.0,-1.0,-1.0
2014/08/12,731.0,731.0,727.0,727.0,11000,-1.0,-1.0,-1.0
2014/08/13,727.0,727.0,727.0,727.0,8000,-1.0,-1.0,-1.0
2014/08/14,729.0,730.0,729.0,730.0,10000,-1.0,-1.0,-1.0
2014/08/15,729.0,729.0,726.0,727.0,6000,-1.0,-1.0,-1.0
2014/08/18,727.0,727.0,727.0,727.0,11000,-1.0,-1.0,-1.0
2014/08/19,730.0,732.0,728.0,728.0,6000,-1.0,-1.0,-1.0
2014/08/20,729.0,732.0,729.0,730.0,5000,-1.0,-1.0,-1.0
2014/08/21,732.0,732.0,729.0,732.0,26000,-1.0,-1.0,-1.0
2014/08/22,732.0,732.0,732.0,732.0,2000,-1.0,-1.0,-1.0
2014/08/25,734.0,739.0,731.0,739.0,29000,-1.0,-1.0,-1.0
2014/08/26,738.0,739.0,736.0,739.0,4000,-1.0,-1.0,-1.0
2014/08/27,739.0,740.0,737.0,737.0,7000,-1.0,-1.0,-1.0
2014/08/28,739.0,740.0,739.0,739.0,4000,-1.0,-1.0,-1.0
2014/08/29,739.0,739.0,737.0,737.0,5000,-1.0,-1.0,-1.0
2014/09/01,737.0,744.0,737.0,743.0,19000,-1.0,-1.0,1.0426354826962203
2014/09/02,743.0,748.0,743.0,748.0,11000,-1.0,-1.0,1.0372169419583899
2014/09/03,748.0,753.0,748.0,749.0,21000,-1.0,-1.0,1.0352841126578958
2014/09/04,750.0,751.0,749.0,749.0,8000,-1.0,-1.0,1.0251664330093389
2014/09/05,750.0,750.0,750.0,750.0,5000,-1.0,-1.0,1.0255740666292745
2014/09/08,749.0,750.0,745.0,748.0,7000,-1.0,-1.0,1.0077149248683948
2014/09/09,748.0,748.0,743.0,743.0,10000,-1.0,-1.0,0.9979387898514236
2014/09/10,743.0,744.0,736.0,736.0,22000,-1.0,-1.0,0.9821882658248473
2014/09/11,740.0,746.0,740.0,745.0,13000,-1.0,-1.0,1.006492007647295
2014/09/12,743.0,745.0,741.0,745.0,6000,-1.0,-1.0,1.00821063432829
2014/09/16,740.0,746.0,740.0,746.0,25000,-1.0,-1.0,1.0249887914970286
2014/09/17,746.0,746.0,742.0,744.0,13000,-1.0,-1.0,1.0280438901428566
2014/09/18,747.0,747.0,745.0,747.0,3000,-1.0,-1.0,1.0276532318877087
2014/09/19,745.0,747.0,744.0,745.0,13000,-1.0,-1.0,1.0151731552043206
2014/09/22,745.0,750.0,745.0,750.0,8000,-1.0,-1.0,1.0072430255233373
2014/09/24,749.0,751.0,749.0,751.0,10000,-1.0,-1.0,1.0106591344075844
2014/09/25,750.0,752.0,750.0,752.0,19000,-1.0,-1.0,0.9933162422482275
2014/09/26,736.0,743.0,736.0,740.0,11000,-1.0,-1.0,0.9876016526029864
2014/09/30,741.0,741.0,737.0,737.0,8000,-1.0,-1.0,-1.0
2014/10/01,736.0,749.0,731.0,735.0,60000,-1.0,-1.0,-1.0
2014/10/02,735.0,735.0,731.0,732.0,29000,-1.0,-1.0,-1.0
2014/10/03,733.0,733.0,729.0,730.0,27000,-1.0,-1.0,-1.0
2014/10/06,734.0,738.0,734.0,734.0,15000,-1.0,-1.0,-1.0
2014/10/07,738.0,739.0,734.0,738.0,32000,-1.0,-1.0,-1.0
2014/10/08,733.0,733.0,733.0,733.0,3000,-1.0,-1.0,-1.0
2014/10/09,734.0,734.0,733.0,733.0,7000,-1.0,-1.0,-1.0
2014/10/10,732.0,734.0,728.0,734.0,24000,-1.0,-1.0,-1.0
2014/10/14,725.0,736.0,722.0,729.0,21000,-1.0,-1.0,-1.0
2014/10/15,730.0,730.0,724.0,725.0,36000,-1.0,-1.0,-1.0
2014/10/16,724.0,724.0,720.0,720.0,20000,-1.0,-1.0,-1.0
2014/10/17,718.0,726.0,718.0,720.0,44000,-1.0,-1.0,-1.0
2014/10/20,735.0,736.0,734.0,736.0,12000,-1.0,-1.0,-1.0
2014/10/21,732.0,732.0,729.0,732.0,46000,-1.0,-1.0,-1.0
2014/10/22,732.0,735.0,732.0,735.0,4000,-1.0,-1.0,-1.0
2014/10/23,735.0,735.0,730.0,735.0,18000,-1.0,-1.0,-1.0
2014/10/24,731.0,732.0,731.0,732.0,2000,-1.0,-1.0,-1.0
2014/10/27,738.0,738.0,738.0,738.0,7000,-1.0,-1.0,-1.0
2014/10/28,735.0,738.0,735.0,738.0,14000,-1.0,-1.0,-1.0
2014/10/29,740.0,740.0,735.0,735.0,20000,-1.0,-1.0,-1.0
2014/10/30,735.0,735.0,733.0,735.0,4000,-1.0,-1.0,1.0168432896451491
2014/10/31,734.0,738.0,733.0,738.0,12000,-1.0,-1.0,0.970070365099203
2014/11/04,750.0,755.0,744.0,749.0,44000,-1.0,-1.0,0.93612604455881
2014/11/05,751.0,751.0,742.0,746.0,26000,-1.0,-1.0,0.9265262873616876
2014/11/06,743.0,746.0,743.0,744.0,8000,-1.0,-1.0,0.9276957133291601
2014/11/07,746.0,755.0,745.0,745.0,23000,-1.0,-1.0,0.9161717210853656
2014/11/10,746.0,746.0,746.0,746.0,1000,-1.0,-1.0,0.88941462413018
2014/11/11,745.0,750.0,745.0,747.0,11000,-1.0,-1.0,0.8806876118096416
2014/11/12,747.0,749.0,741.0,741.0,32000,-1.0,-1.0,0.8706579073133798
2014/11/13,740.0,741.0,735.0,738.0,31000,-1.0,-1.0,0.8599400492265636
2014/11/14,738.0,738.0,725.0,734.0,30000,-1.0,-1.0,0.8539022562823119
2014/11/17,733.0,735.0,733.0,733.0,12000,-1.0,-1.0,0.878022118834749
2014/11/18,734.0,735.0,733.0,733.0,8000,-1.0,-1.0,0.8600385641607904
2014/11/19,734.0,746.0,734.0,741.0,17000,-1.0,-1.0,0.8832297201771563
2014/11/20,740.0,750.0,740.0,750.0,26000,-1.0,-1.0,0.9012448782476061
2014/11/21,744.0,749.0,744.0,745.0,7000,-1.0,-1.0,0.9153606353104461
2014/11/25,745.0,751.0,745.0,747.0,12000,-1.0,-1.0,0.9308191706500096
2014/11/26,745.0,749.0,744.0,744.0,18000,-1.0,-1.0,0.9263605493407093
2014/11/27,744.0,747.0,744.0,745.0,18000,-1.0,-1.0,0.9366148610447783
2014/11/28,745.0,750.0,745.0,748.0,17000,-1.0,-1.0,0.946273439124698
2014/12/01,748.0,751.0,748.0,749.0,13000,-1.0,-1.0,0.9875511741940519
2014/12/02,749.0,750.0,747.0,750.0,16000,-1.0,-1.0,0.983334281190438
2014/12/03,745.0,752.0,745.0,749.0,71000,-1.0,-1.0,0.9806107477976218
2014/12/04,748.0,755.0,747.0,755.0,71000,-1.0,-1.0,0.9957478195585054
2014/12/05,756.0,766.0,756.0,766.0,28000,-1.0,-1.0,1.013721938703901
2014/12/08,770.0,778.0,770.0,775.0,22000,-1.0,-1.0,1.0123411891094278
2014/12/09,775.0,776.0,761.0,773.0,21000,-1.0,-1.0,1.0060040113064714
2014/12/10,776.0,783.0,774.0,783.0,35000,-1.0,-1.0,1.0396872884699175
2014/12/11,776.0,784.0,775.0,784.0,25000,-1.0,-1.0,1.0649682446423079
2014/12/12,788.0,789.0,780.0,788.0,32000,-1.0,-1.0,1.077053921734288
2014/12/15,780.0,782.0,765.0,780.0,18000,-1.0,-1.0,1.063953235297819
2014/12/16,775.0,780.0,759.0,778.0,48000,-1.0,-1.0,1.0650794775595958
2014/12/17,770.0,776.0,770.0,775.0,14000,-1.0,-1.0,1.0640833974649948
2014/12/18,783.0,783.0,776.0,780.0,10000,-1.0,-1.0,1.0580953441290921
2014/12/19,780.0,791.0,780.0,790.0,37000,-1.0,-1.0,1.036712506199904
2014/12/22,794.0,808.0,794.0,808.0,28000,-1.0,-1.0,1.0610686554330122
2014/12/24,807.0,807.0,800.0,800.0,12000,-1.0,-1.0,1.0415456510843806
2014/12/25,800.0,802.0,779.0,779.0,16000,-1.0,-1.0,0.9292849573108061
2014/12/26,785.0,800.0,785.0,794.0,10000,-1.0,-1.0,0.9545001103209428
2014/12/29,781.0,801.0,781.0,790.0,97000,-1.0,-1.0,0.9573589254917109
2014/12/30,799.0,801.0,798.0,801.0,16000,-1.0,-1.0,0.973451884905178
2015/01/05,801.0,803.0,794.0,803.0,14000,-1.0,-1.0,0.957966686454576
2015/01/06,800.0,802.0,794.0,794.0,9000,-1.0,-1.0,0.9815958329277822
2015/01/07,792.0,797.0,790.0,790.0,4000,-1.0,-1.0,0.9818121202388298
2015/01/08,800.0,805.0,796.0,804.0,17000,-1.0,-1.0,0.9786376643518964
2015/01/13,792.0,793.0,792.0,793.0,6000,-1.0,-1.0,-1.0
2015/01/14,799.0,802.0,794.0,802.0,5000,-1.0,-1.0,-1.0
2015/01/15,800.0,801.0,793.0,801.0,11000,-1.0,-1.0,-1.0
2015/01/16,800.0,800.0,793.0,799.0,8000,-1.0,-1.0,-1.0
2015/01/19,793.0,796.0,792.0,794.0,11000,-1.0,-1.0,-1.0
2015/01/20,790.0,795.0,790.0,795.0,8000,-1.0,-1.0,-1.0
2015/01/21,795.0,799.0,795.0,799.0,5000,-1.0,-1.0,-1.0
2015/01/22,791.0,797.0,791.0,792.0,6000,-1.0,-1.0,-1.0
2015/01/23,790.0,791.0,790.0,790.0,53000,-1.0,-1.0,-1.0
2015/01/26,787.0,794.0,787.0,794.0,13000,-1.0,-1.0,-1.0
2015/01/27,791.0,797.0,791.0,793.0,10000,-1.0,-1.0,-1.0
2015/01/28,793.0,796.0,793.0,796.0,21000,-1.0,-1.0,-1.0
2015/01/29,797.0,797.0,790.0,793.0,12000,-1.0,-1.0,-1.0
2015/01/30,792.0,795.0,792.0,795.0,17000,-1.0,-1.0,-1.0
2015/02/02,790.0,795.0,790.0,792.0,15000,-1.0,-1.0,-1.0
2015/02/03,791.0,794.0,789.0,789.0,11000,-1.0,-1.0,-1.0
2015/02/04,787.0,791.0,786.0,787.0,23000,-1.0,-1.0,-1.0
2015/02/05,788.0,789.0,786.0,786.0,9000,-1.0,-1.0,-1.0
2015/02/06,786.0,790.0,783.0,784.0,14000,-1.0,-1.0,-1.0
2015/02/09,784.0,786.0,780.0,786.0,21000,-1.0,-1.0,0.9538444989733776
2015/02/10,788.0,788.0,777.0,787.0,43000,-1.0,-1.0,0.957330193743045
2015/02/12,786.0,792.0,785.0,790.0,30000,-1.0,-1.0,0.9486174270607821
2015/02/13,791.0,791.0,789.0,790.0,8000,-1.0,-1.0,0.924533491883244
2015/02/16,790.0,794.0,790.0,794.0,10000,-1.0,-1.0,0.9421775410062336
2015/02/17,790.0,792.0,790.0,791.0,5000,-1.0,-1.0,0.9387375056356005
2015/02/18,795.0,796.0,792.0,796.0,7000,-1.0,-1.0,0.9310870948980207
2015/02/19,797.0,800.0,791.0,800.0,18000,-1.0,-1.0,0.9483990586288935
2015/02/20,791.0,796.0,791.0,794.0,26000,-1.0,-1.0,0.9261499518313449
2015/02/23,794.0,794.0,793.0,793.0,28000,-1.0,-1.0,0.9370080078537263
2015/02/24,796.0,797.0,794.0,797.0,7000,-1.0,-1.0,0.9362170853239073
2015/02/25,795.0,797.0,795.0,797.0,4000,-1.0,-1.0,0.9365307506657913
2015/02/26,797.0,801.0,795.0,801.0,11000,-1.0,-1.0,0.9488999609146288
2015/02/27,801.0,802.0,801.0,801.0,4000,-1.0,-1.0,0.9483278440231383
2015/03/02,800.0,804.0,797.0,797.0,8000,-1.0,-1.0,0.9316394079073194
2015/03/03,801.0,803.0,793.0,796.0,10000,-1.0,-1.0,0.9283663266177797
2015/03/04,794.0,799.0,793.0,798.0,14000,-1.0,-1.0,0.9360660718093512
2015/03/05,795.0,795.0,795.0,795.0,6000,-1.0,-1.0,0.921632861755634
2015/03/06,799.0,799.0,795.0,795.0,6000,-1.0,-1.0,0.925325551940216
2015/03/09,795.0,795.0,795.0,795.0,4000,-1.0,-1.0,0.9357670971040092
2015/03/10,796.0,800.0,796.0,800.0,9000,-1.0,-1.0,0.9434220203671004
2015/03/11,795.0,800.0,795.0,800.0,5000,-1.0,-1.0,0.9430878251089556
2015/03/12,800.0,803.0,800.0,803.0,15000,-1.0,-1.0,0.9313521763490534
2015/03/13,803.0,803.0,800.0,802.0,7000,-1.0,-1.0,0.9345023794270887
2015/03/16,795.0,805.0,795.0,805.0,23000,-1.0,-1.0,0.9431661154664681
2015/03/17,801.0,807.0,801.0,807.0,11000,-1.0,-1.0,0.9377685840778136
2015/03/18,803.0,808.0,802.0,808.0,19000,-1.0,-1.0,0.9313124249851966
2015/03/19,805.0,811.0,805.0,808.0,18000,-1.0,-1.0,0.9382777241784245
2015/03/20,808.0,834.0,808.0,834.0,12000,-1.0,-1.0,0.9951976973687312
2015/03/23,827.0,827.0,820.0,820.0,9000,-1.0,-1.0,0.991506457100988
2015/03/24,820.0,820.0,820.0,820.0,1000,-1.0,-1.0,0.9940518595019577
2015/03/25,816.0,820.0,815.0,820.0,6000,-1.0,-1.0,0.9918483204589637
2015/03/26,820.0,820.0,814.0,814.0,13000,-1.0,-1.0,1.008521383309532
2015/03/27,809.0,809.0,800.0,800.0,18000,-1.0,-1.0,1.0374170715968127
2015/03/30,800.0,800.0,800.0,800.0,2000,-1.0,-1.0,1.0457631221125347
2015/03/31,805.0,807.0,802.0,802.0,11000,-1.0,-1.0,1.070477410141205
2015/04/01,803.0,803.0,800.0,800.0,7000,88.28216467449268,88.82440775000082,1.0803732889751783
2015/04/02,806.0,806.0,800.0,801.0,6000,-1.0,-1.0,1.069442961955688
2015/04/03,803.0,805.0,800.0,804.0,13000,-1.0,-1.0,1.059367220767743
2015/04/06,801.0,802.0,798.0,802.0,13000,-1.0,-1.0,1.0713280049221658
2015/04/07,805.0,807.0,803.0,805.0,9000,-1.0,-1.0,1.0622610604248115
2015/04/08,808.0,808.0,805.0,805.0,5000,-1.0,-1.0,1.0565619357003608
2015/04/09,806.0,807.0,805.0,807.0,8000,-1.0,-1.0,1.0514796921261056
2015/04/10,810.0,812.0,809.0,810.0,9000,-1.0,-1.0,1.0552943912813841
2015/04/13,819.0,820.0,811.0,814.0,19000,-1.0,-1.0,1.0794040765478818
2015/04/14,816.0,825.0,811.0,825.0,28000,-1.0,-1.0,1.1095925716121617
2015/04/15,822.0,824.0,818.0,818.0,15000,-1.0,-1.0,1.103518581584738
2015/04/16,820.0,823.0,818.0,818.0,9000,-1.0,-1.0,1.102740678157508
2015/04/17,825.0,827.0,824.0,827.0,26000,-1.0,-1.0,1.121549457731876
2015/04/20,827.0,830.0,827.0,828.0,14000,-1.0,-1.0,1.0597579423611327
2015/04/21,829.0,830.0,827.0,830.0,10000,-1.0,-1.0,1.0432636657073282
2015/04/22,830.0,831.0,830.0,831.0,14000,-1.0,-1.0,1.0337103999685857
2015/04/23,830.0,831.0,828.0,830.0,19000,-1.0,-1.0,1.0280523061151132
2015/04/24,830.0,834.0,830.0,834.0,9000,-1.0,-1.0,1.044513592079613
2015/04/27,832.0,834.0,832.0,834.0,3000,-1.0,-1.0,1.032516081438707
2015/04/28,834.0,836.0,834.0,836.0,4000,-1.0,-1.0,1.0303922154553466
2015/04/30,836.0,838.0,834.0,838.0,18000,-1.0,-1.0,1.0501308388646062
2015/05/01,835.0,835.0,831.0,833.0,9000,-1.0,-1.0,1.027242698909782
2015/05/07,833.0,834.0,832.0,832.0,9000,-1.0,-1.0,1.0479403939898086
2015/05/08,830.0,837.0,830.0,837.0,21000,-1.0,-1.0,1.0496377048976702
2015/05/11,837.0,837.0,831.0,831.0,5000,-1.0,-1.0,1.0263775990361053
2015/05/12,830.0,833.0,830.0,833.0,11000,-1.0,-1.0,1.0244167263652626
2015/05/13,834.0,835.0,831.0,832.0,6000,-1.0,-1.0,1.022800057657099
2015/05/14,835.0,835.0,831.0,831.0,10000,-1.0,-1.0,0.9969913983475186
2015/05/15,828.0,840.0,828.0,839.0,32000,-1.0,-1.0,1.015597341948957
2015/05/18,837.0,837.0,835.0,836.0,17000,-1.0,-1.0,0.9910843364243569
2015/05/19,841.0,843.0,840.0,841.0,7000,-1.0,-1.0,0.9921780724710842
2015/05/20,840.0,842.0,835.0,838.0,20000,-1.0,-1.0,0.9808679310245288
2015/05/21,840.0,842.0,835.0,841.0,20000,-1.0,-1.0,0.9963156562347466
2015/05/22,842.0,848.0,841.0,848.0,22000,-1.0,-1.0,1.0122709654102997
2015/05/25,850.0,855.0,845.0,852.0,23000,-1.0,-1.0,1.0103035730942356
2015/05/26,852.0,857.0,850.0,853.0,16000,-1.0,-1.0,1.0139708336522952
2015/05/27,855.0,860.0,855.0,860.0,25000,-1.0,-1.0,1.0187409195262818
2015/05/28,859.0,859.0,850.0,855.0,18000,-1.0,-1.0,1.0080565068852823
2015/05/29,854.0,857.0,854.0,857.0,11000,-1.0,-1.0,0.985979009906434
2015/06/01,860.0,875.0,860.0,875.0,31000,-1.0,-1.0,0.9770190538639103
2015/06/02,875.0,889.0,875.0,885.0,28000,-1.0,-1.0,0.9863260679159563
2015/06/03,888.0,889.0,884.0,887.0,16000,-1.0,-1.0,0.9904191560671455
2015/06/04,886.0,887.0,884.0,884.0,14000,-1.0,-1.0,0.9883764852770213
2015/06/05,886.0,900.0,886.0,895.0,38000,-1.0,-1.0,1.0044744042586595
2015/06/08,900.0,902.0,897.0,897.0,27000,-1.0,-1.0,1.0201262505889688
2015/06/09,900.0,900.0,898.0,899.0,18000,-1.0,-1.0,1.0408270593220157
2015/06/10,898.0,899.0,888.0,891.0,20000,-1.0,-1.0,1.0449083506314008
2015/06/11,894.0,896.0,894.0,895.0,11000,-1.0,-1.0,1.031670967981288
2015/06/12,899.0,910.0,897.0,910.0,45000,-1.0,-1.0,1.05538724368284
2015/06/15,909.0,913.0,905.0,913.0,11000,-1.0,-1.0,1.066843758618417
2015/06/16,911.0,913.0,903.0,913.0,20000,-1.0,-1.0,1.0740887714889547
2015/06/17,912.0,916.0,902.0,916.0,14000,-1.0,-1.0,1.0800821689746052
2015/06/18,920.0,923.0,914.0,921.0,41000,-1.0,-1.0,1.1013145903324837
2015/06/19,918.0,930.0,912.0,930.0,32000,-1.0,-1.0,1.1096416693813924
2015/06/22,935.0,950.0,935.0,950.0,21000,-1.0,-1.0,1.1100655406590445
2015/06/23,950.0,954.0,943.0,954.0,12000,-1.0,-1.0,1.0971601028153204
2015/06/24,954.0,964.0,954.0,964.0,13000,-1.0,-1.0,1.1148464938035785
2015/06/25,954.0,962.0,953.0,953.0,12000,-1.0,-1.0,1.1059731237180415
2015/06/26,953.0,953.0,935.0,950.0,12000,-1.0,-1.0,1.0914632453133286
2015/06/29,935.0,935.0,913.0,920.0,16000,-1.0,-1.0,1.0847300849440207
2015/06/30,912.0,917.0,910.0,911.0,24000,-1.0,-1.0,1.075668900123752
2015/07/01,916.0,929.0,916.0,929.0,11000,-1.0,-1.0,1.0934965788998732
2015/07/02,920.0,922.0,920.0,920.0,12000,-1.0,-1.0,1.0672338791060638
2015/07/03,920.0,920.0,905.0,914.0,22000,-1.0,-1.0,1.053849515131049
2015/07/06,906.0,915.0,906.0,912.0,9000,-1.0,-1.0,1.0558119786137514
2015/07/07,912.0,921.0,912.0,921.0,10000,-1.0,-1.0,1.054216830797021
2015/07/08,925.0,925.0,882.0,882.0,40000,-1.0,-1.0,1.0592304350988724
2015/07/09,885.0,900.0,869.0,880.0,60000,-1.0,-1.0,1.0428249579064883
2015/07/10,889.0,890.0,878.0,890.0,19000,-1.0,-1.0,1.0524577491593485
2015/07/13,900.0,906.0,900.0,900.0,7000,-1.0,-1.0,1.0108516107414867
2015/07/14,904.0,921.0,904.0,914.0,8000,-1.0,-1.0,1.0303068888681663
2015/07/15,915.0,915.0,909.0,915.0,7000,-1.0,-1.0,1.0263929706559525
2015/07/16,916.0,924.0,916.0,924.0,4000,-1.0,-1.0,1.0224729910794719
2015/07/17,919.0,919.0,911.0,911.0,5000,-1.0,-1.0,0.9816550858425398
2015/07/21,914.0,914.0,914.0,914.0,5000,-1.0,-1.0,0.9354882673775087
2015/07/22,913.0,923.0,913.0,920.0,15000,-1.0,-1.0,0.9562462193082929
2015/07/23,914.0,915.0,913.0,915.0,5000,-1.0,-1.0,0.9622189161996793
2015/07/24,910.0,914.0,909.0,914.0,11000,-1.0,-1.0,0.9503588835534563
2015/07/27,910.0,910.0,909.0,909.0,6000,-1.0,-1.0,0.997233593153516
2015/07/28,902.0,902.0,900.0,900.0,7000,-1.0,-1.0,1.0013991392967705
2015/07/29,902.0,902.0,900.0,900.0,12000,-1.0,-1.0,0.9986358211397619
2015/07/30,901.0,901.0,900.0,900.0,7000,-1.0,-1.0,1.001590706250109
2015/07/31,915.0,915.0,903.0,914.0,14000,-1.0,-1.0,0.9871148805647357
2015/08/03,910.0,924.0,910.0,919.0,18000,-1.0,-1.0,1.0009113838376933
2015/08/04,922.0,922.0,910.0,921.0,10000,-1.0,-1.0,1.0050035911684707
2015/08/05,922.0,935.0,913.0,935.0,35000,-1.0,-1.0,1.021788849067529
2015/08/06,935.0,935.0,920.0,935.0,14000,-1.0,-1.0,1.0147697166060636
2015/08/07,931.0,939.0,930.0,930.0,11000,-1.0,-1.0,1.0207622329763173
2015/08/10,930.0,945.0,930.0,936.0,22000,-1.0,-1.0,1.0062434913082492
2015/08/11,931.0,932.0,926.0,931.0,25000,-1.0,-1.0,1.0132421561701106
2015/08/12,931.0,932.0,927.0,931.0,19000,-1.0,-1.0,1.035750600599249
2015/08/13,930.0,932.0,927.0,932.0,10000,-1.0,-1.0,1.0212961787195298
2015/08/14,940.0,940.0,935.0,935.0,3000,-1.0,-1.0,1.0316804545346976
2015/08/17,940.0,942.0,935.0,942.0,5000,-1.0,-1.0,1.0631384333986813
2015/08/18,942.0,942.0,931.0,940.0,5000,-1.0,-1.0,1.0611954884647834
2015/08/19,940.0,940.0,935.0,940.0,11000,-1.0,-1.0,1.0777096738593823
2015/08/20,938.0,940.0,930.0,930.0,14000,-1.0,-1.0,1.0875878407890038
2015/08/21,925.0,925.0,908.0,919.0,26000,-1.0,-1.0,1.0888777027199184
2015/08/24,889.0,904.0,887.0,887.0,32000,-1.0,-1.0,1.1588585143411279
2015/08/25,882.0,884.0,855.0,883.0,38000,-1.0,-1.0,1.2184031444980483
2015/08/26,883.0,890.0,859.0,890.0,15000,-1.0,-1.0,1.1864415051117447
2015/08/27,899.0,900.0,887.0,887.0,8000,-1.0,-1.0,1.1632991760874665
2015/08/28,907.0,907.0,902.0,905.0,8000,-1.0,-1.0,1.1424922505347268
2015/08/31,908.0,912.0,905.0,908.0,24000,-1.0,-1.0,1.1019663824512818
2015/09/01,898.0,905.0,898.0,899.0,10000,-1.0,-1.0,1.1415853257496371
2015/09/02,893.0,903.0,893.0,902.0,12000,-1.0,-1.0,1.1537160442562138
2015/09/03,902.0,903.0,900.0,900.0,14000,-1.0,-1.0,1.134448139117044
2015/09/04,905.0,905.0,885.0,885.0,12000,-1.0,-1.0,1.0879315263645875
2015/09/07,885.0,889.0,874.0,874.0,12000,-1.0,-1.0,1.0819769675595607
2015/09/08,887.0,887.0,875.0,876.0,6000,-1.0,-1.0,1.1063956204139394
2015/09/09,880.0,896.0,880.0,882.0,10000,-1.0,-1.0,1.0422326013323155
2015/09/10,890.0,894.0,890.0,894.0,5000,-1.0,-1.0,1.071967636805407
2015/09/11,899.0,905.0,899.0,905.0,13000,-1.0,-1.0,1.067151797017646
2015/09/14,909.0,909.0,909.0,909.0,2000,-1.0,-1.0,1.0662864240793617
2015/09/15,894.0,900.0,894.0,900.0,3000,-1.0,-1.0,1.060977856389477
2015/09/16,899.0,899.0,899.0,899.0,6000,-1.0,-1.0,1.0554798406562578
2015/09/17,901.0,902.0,892.0,892.0,26000,-1.0,-1.0,1.0384376082184543
2015/09/18,902.0,902.0,888.0,890.0,5000,-1.0,-1.0,1.0435080194642135
2015/09/24,890.0,890.0,890.0,890.0,2000,-1.0,-1.0,0.9932658710434199
2015/09/25,890.0,890.0,880.0,890.0,4000,-1.0,-1.0,0.9998597523543745
2015/09/28,871.0,871.0,871.0,871.0,1000,-1.0,-1.0,1.0370610803259948
2015/09/29,878.0,878.0,871.0,871.0,6000,-1.0,-1.0,1.0839245949193625
2015/09/30,865.0,865.0,855.0,855.0,18000,-1.0,-1.0,1.0363103464252104
2015/10/01,870.0,870.0,860.0,862.0,7000,-1.0,-1.0,0.9843573303450286
2015/10/02,869.0,869.0,841.0,843.0,11000,-1.0,-1.0,0.9269136629584064
2015/10/05,850.0,851.0,850.0,851.0,4000,-1.0,-1.0,0.9276997164455533
2015/10/06,866.0,866.0,866.0,866.0,1000,-1.0,-1.0,0.9211518299729611
2015/10/07,874.0,874.0,873.0,873.0,2000,-1.0,-1.0,0.9120700297673532
2015/10/09,859.0,860.0,859.0,860.0,2000,-1.0,-1.0,-1.0
2015/10/14,846.0,860.0,846.0,852.0,4000,-1.0,-1.0,-1.0
2015/10/15,850.0,850.0,850.0,850.0,2000,-1.0,-1.0,-1.0
2015/10/16,867.0,870.0,861.0,861.0,6000,-1.0,-1.0,-1.0
2015/10/19,856.0,856.0,856.0,856.0,2000,-1.0,-1.0,-1.0
2015/10/20,866.0,867.0,866.0,867.0,3000,-1.0,-1.0,-1.0
2015/10/21,867.0,882.0,867.0,882.0,6000,-1.0,-1.0,-1.0
2015/10/22,890.0,890.0,889.0,889.0,5000,-1.0,-1.0,-1.0
2015/10/23,882.0,890.0,882.0,890.0,8000,-1.0,-1.0,-1.0
2015/10/26,890.0,890.0,866.0,881.0,15000,-1.0,-1.0,-1.0
2015/10/27,889.0,889.0,879.0,879.0,7000,-1.0,-1.0,-1.0
2015/10/28,880.0,880.0,879.0,879.0,2000,-1.0,-1.0,-1.0
2015/10/29,889.0,890.0,889.0,890.0,7000,-1.0,-1.0,-1.0
2015/10/30,879.0,879.0,879.0,879.0,1000,-1.0,-1.0,-1.0
2015/11/02,879.0,879.0,879.0,879.0,6000,-1.0,-1.0,-1.0
2015/11/04,880.0,880.0,880.0,880.0,1000,-1.0,-1.0,-1.0
2015/11/05,880.0,880.0,862.0,864.0,10000,-1.0,-1.0,-1.0
2015/11/06,864.0,869.0,864.0,869.0,14000,-1.0,-1.0,-1.0
2015/11/09,873.0,874.0,872.0,874.0,21000,-1.0,-1.0,-1.0
2015/11/10,880.0,898.0,880.0,898.0,14000,-1.0,-1.0,-1.0
2015/11/11,899.0,905.0,899.0,900.0,8000,-1.0,-1.0,-1.0
2015/11/12,901.0,901.0,899.0,899.0,4000,-1.0,-1.0,-1.0
2015/11/17,896.0,896.0,896.0,896.0,2000,-1.0,-1.0,-1.0
2015/11/18,894.0,894.0,882.0,883.0,7000,-1.0,-1.0,-1.0
2015/11/19,883.0,885.0,883.0,883.0,9000,-1.0,-1.0,-1.0
2015/11/20,883.0,889.0,883.0,887.0,13000,-1.0,-1.0,-1.0
2015/11/24,887.0,887.0,887.0,887.0,1000,-1.0,-1.0,-1.0
2015/11/25,889.0,889.0,875.0,885.0,4000,-1.0,-1.0,-1.0
2015/11/26,872.0,880.0,871.0,879.0,13000,-1.0,-1.0,-1.0
2015/11/27,879.0,884.0,879.0,879.0,5000,-1.0,-1.0,-1.0
2015/11/30,884.0,890.0,884.0,890.0,28000,-1.0,-1.0,-1.0
2015/12/01,891.0,901.0,891.0,900.0,28000,-1.0,-1.0,-1.0
2015/12/02,905.0,910.0,902.0,904.0,26000,-1.0,-1.0,-1.0
2015/12/03,904.0,904.0,899.0,899.0,12000,-1.0,-1.0,-1.0
2015/12/04,898.0,900.0,895.0,899.0,11000,-1.0,-1.0,-1.0
2015/12/07,900.0,900.0,889.0,899.0,6000,-1.0,-1.0,-1.0
2015/12/08,899.0,899.0,890.0,890.0,6000,-1.0,-1.0,-1.0
2015/12/09,889.0,889.0,881.0,881.0,8000,-1.0,-1.0,-1.0
2015/12/10,878.0,887.0,876.0,876.0,15000,-1.0,-1.0,-1.0
2015/12/11,877.0,882.0,876.0,876.0,13000,-1.0,-1.0,-1.0
2015/12/14,875.0,881.0,870.0,871.0,17000,-1.0,-1.0,-1.0
2015/12/15,877.0,877.0,873.0,877.0,5000,-1.0,-1.0,-1.0
2015/12/16,883.0,883.0,882.0,882.0,6000,-1.0,-1.0,-1.0
2015/12/17,883.0,883.0,883.0,883.0,1000,-1.0,-1.0,0.9766191287372146
2015/12/18,883.0,883.0,883.0,883.0,1000,-1.0,-1.0,0.9968391355010875
2015/12/21,874.0,876.0,871.0,875.0,13000,-1.0,-1.0,0.9986547560175234
2015/12/22,877.0,877.0,877.0,877.0,1000,-1.0,-1.0,0.9997007054058275
2015/12/24,872.0,885.0,872.0,880.0,5000,-1.0,-1.0,1.0135926317176098
2015/12/25,875.0,876.0,875.0,876.0,3000,-1.0,-1.0,1.0182992300943183
2015/12/28,884.0,884.0,869.0,879.0,8000,-1.0,-1.0,1.0188688221916464
2015/12/29,881.0,881.0,881.0,881.0,3000,-1.0,-1.0,1.010099511628413
2015/12/30,883.0,883.0,881.0,881.0,4000,-1.0,-1.0,1.00750576977928
2016/01/04,881.0,881.0,880.0,881.0,4000,-1.0,-1.0,1.0156151787936012
2016/01/05,881.0,884.0,881.0,884.0,8000,-1.0,-1.0,1.020450342929862
2016/01/06,875.0,883.0,875.0,883.0,5000,-1.0,-1.0,1.029509897539269
2016/01/07,877.0,877.0,870.0,876.0,10000,-1.0,-1.0,1.0457364747370106
2016/01/08,876.0,876.0,867.0,876.0,10000,-1.0,-1.0,1.05794383907947
2016/01/12,875.0,881.0,865.0,879.0,12000,-1.0,-1.0,1.1017544727898692
2016/01/13,875.0,875.0,874.0,874.0,2000,-1.0,-1.0,1.0703367979068583
2016/01/14,872.0,872.0,865.0,865.0,9000,-1.0,-1.0,1.072252767920933
2016/01/15,865.0,867.0,865.0,867.0,3000,-1.0,-1.0,1.1022871762145803
2016/01/18,852.0,869.0,850.0,860.0,10000,-1.0,-1.0,1.100172602618782
2016/01/19,865.0,865.0,855.0,860.0,12000,-1.0,-1.0,1.098228472317735
2016/01/20,860.0,867.0,848.0,848.0,29000,-1.0,-1.0,1.1299427963254072
2016/01/21,850.0,862.0,850.0,851.0,20000,-1.0,-1.0,1.1626935923335
2016/01/22,859.0,862.0,859.0,859.0,5000,-1.0,-1.0,1.0898027987303631
2016/01/25,859.0,871.0,859.0,871.0,13000,-1.0,-1.0,1.0889998876071603
2016/01/26,872.0,875.0,868.0,868.0,5000,-1.0,-1.0,1.1109270801540878
2016/01/27,870.0,878.0,870.0,877.0,5000,-1.0,-1.0,1.088238329929253
2016/01/28,879.0,879.0,879.0,879.0,1000,-1.0,-1.0,1.105249056566737
2016/01/29,879.0,883.0,879.0,883.0,5000,-1.0,-1.0,1.0771525041919638
2016/02/01,886.0,892.0,886.0,892.0,12000,-1.0,-1.0,1.0379390610535861
2016/02/02,892.0,892.0,885.0,889.0,8000,-1.0,-1.0,1.0417800298078033
2016/02/03,877.0,877.0,877.0,877.0,1000,-1.0,-1.0,1.0756190056488966
2016/02/04,873.0,886.0,873.0,877.0,6000,-1.0,-1.0,1.083980075873179
2016/02/05,877.0,884.0,877.0,884.0,8000,-1.0,-1.0,1.0960167590387309
2016/02/08,889.0,890.0,888.0,890.0,14000,-1.0,-1.0,1.024598038787429
2016/02/09,872.0,884.0,870.0,884.0,14000,-1.0,-1.0,1.079839720917761
2016/02/10,889.0,889.0,869.0,884.0,24000,-1.0,-1.0,1.1135521521328091
2016/02/12,864.0,864.0,850.0,850.0,10000,-1.0,-1.0,1.1789869874074157
2016/02/15,831.0,848.0,817.0,840.0,29000,-1.0,-1.0,1.0599777969693067
2016/02/16,839.0,839.0,828.0,829.0,13000,-1.0,-1.0,1.0468591899013544
2016/02/17,828.0,839.0,828.0,839.0,8000,-1.0,-1.0,1.0671415975765752
2016/02/18,839.0,848.0,836.0,836.0,7000,-1.0,-1.0,1.037205102885721
2016/02/19,835.0,835.0,835.0,835.0,1000,-1.0,-1.0,1.0306456401193547
2016/02/22,825.0,831.0,824.0,824.0,5000,-1.0,-1.0,1.0275889464105255
2016/02/23,839.0,841.0,825.0,841.0,4000,-1.0,-1.0,1.0708622281120987
2016/02/24,828.0,850.0,828.0,850.0,14000,-1.0,-1.0,1.1023678033421718
2016/02/25,850.0,850.0,833.0,833.0,3000,-1.0,-1.0,1.0237165770343069
2016/02/26,848.0,850.0,848.0,850.0,3000,-1.0,-1.0,1.0465134962869873
2016/02/29,850.0,850.0,850.0,850.0,1000,-1.0,-1.0,1.0956643592961006
2016/03/02,858.0,858.0,858.0,858.0,2000,-1.0,-1.0,-1.0
2016/03/03,846.0,851.0,846.0,851.0,2000,-1.0,-1.0,-1.0
2016/03/04,856.0,857.0,856.0,856.0,6000,-1.0,-1.0,-1.0
2016/03/08,851.0,851.0,851.0,851.0,2000,-1.0,-1.0,-1.0
2016/03/09,855.0,859.0,846.0,859.0,8000,-1.0,-1.0,-1.0
2016/03/11,858.0,865.0,858.0,865.0,8000,-1.0,-1.0,-1.0
2016/03/14,865.0,870.0,865.0,870.0,5000,-1.0,-1.0,-1.0
2016/03/16,872.0,873.0,859.0,859.0,10000,-1.0,-1.0,-1.0
2016/03/17,868.0,868.0,859.0,866.0,6000,-1.0,-1.0,-1.0
2016/03/18,871.0,871.0,866.0,870.0,5000,-1.0,-1.0,-1.0
2016/03/22,870.0,880.0,870.0,880.0,8000,-1.0,-1.0,-1.0
2016/03/23,880.0,880.0,880.0,880.0,1000,-1.0,-1.0,-1.0
2016/03/24,873.0,881.0,870.0,881.0,76000,-1.0,-1.0,-1.0
2016/03/25,875.0,880.0,875.0,880.0,4000,-1.0,-1.0,-1.0
2016/03/28,875.0,880.0,875.0,880.0,4000,-1.0,-1.0,-1.0
2016/03/29,873.0,879.0,873.0,879.0,13000,-1.0,-1.0,-1.0
2016/03/30,875.0,879.0,873.0,878.0,17000,-1.0,-1.0,-1.0
2016/03/31,875.0,878.0,875.0,878.0,2000,-1.0,-1.0,-1.0
2016/04/01,875.0,875.0,870.0,870.0,5000,-1.0,-1.0,-1.0
2016/04/04,876.0,877.0,875.0,875.0,15000,-1.0,-1.0,-1.0
2016/04/05,875.0,877.0,859.0,871.0,31000,-1.0,-1.0,-1.0
2016/04/06,865.0,865.0,865.0,865.0,1000,-1.0,-1.0,-1.0
2016/04/07,865.0,871.0,861.0,870.0,17000,-1.0,-1.0,-1.0
2016/04/08,870.0,872.0,865.0,870.0,8000,-1.0,-1.0,-1.0
2016/04/11,870.0,872.0,865.0,872.0,7000,-1.0,-1.0,-1.0
2016/04/12,873.0,878.0,873.0,873.0,8000,-1.0,-1.0,-1.0
2016/04/13,873.0,888.0,873.0,884.0,15000,-1.0,-1.0,-1.0
2016/04/14,887.0,895.0,882.0,895.0,28000,-1.0,-1.0,-1.0
2016/04/15,886.0,886.0,886.0,886.0,1000,-1.0,-1.0,1.0543816095588336
2016/04/18,877.0,889.0,877.0,889.0,7000,-1.0,-1.0,1.0782431574654519
2016/04/19,890.0,892.0,890.0,890.0,6000,-1.0,-1.0,1.0435848463557278
2016/04/20,890.0,895.0,890.0,891.0,11000,-1.0,-1.0,1.042391730049836
2016/04/21,891.0,899.0,891.0,891.0,17000,-1.0,-1.0,1.0223310283702274
2016/04/22,895.0,899.0,895.0,895.0,13000,-1.0,-1.0,1.0098075873712418
2016/04/25,895.0,895.0,895.0,895.0,10000,-1.0,-1.0,1.0263985341308022
2016/04/26,895.0,899.0,890.0,895.0,31000,-1.0,-1.0,1.033889965996408
2016/04/27,899.0,899.0,895.0,895.0,5000,-1.0,-1.0,1.0396396083544348
2016/04/28,897.0,898.0,895.0,895.0,12000,-1.0,-1.0,1.083945740695253
2016/05/02,891.0,891.0,884.0,889.0,14000,-1.0,-1.0,1.050966561643781
2016/05/06,890.0,890.0,890.0,890.0,55000,-1.0,-1.0,1.0383666050161062
2016/05/09,890.0,895.0,890.0,890.0,8000,-1.0,-1.0,1.0258699810783376
2016/05/11,897.0,910.0,894.0,906.0,41000,-1.0,-1.0,-1.0
2016/05/12,900.0,906.0,900.0,900.0,20000,-1.0,-1.0,-1.0
2016/05/13,901.0,910.0,892.0,900.0,16000,-1.0,-1.0,-1.0
2016/05/16,900.0,906.0,900.0,900.0,11000,-1.0,-1.0,-1.0
2016/05/17,900.0,910.0,900.0,910.0,24000,-1.0,-1.0,-1.0
2016/05/18,909.0,919.0,900.0,910.0,17000,-1.0,-1.0,-1.0
2016/05/19,905.0,920.0,905.0,906.0,12000,-1.0,-1.0,-1.0
2016/05/20,906.0,914.0,906.0,909.0,8000,-1.0,-1.0,-1.0
2016/05/23,899.0,909.0,899.0,899.0,8000,-1.0,-1.0,-1.0
2016/05/24,901.0,918.0,901.0,918.0,15000,-1.0,-1.0,-1.0
2016/05/25,910.0,930.0,910.0,930.0,30000,-1.0,-1.0,-1.0
2016/05/26,930.0,934.0,925.0,925.0,5000,-1.0,-1.0,-1.0
2016/05/27,925.0,925.0,925.0,925.0,2000,-1.0,-1.0,-1.0
2016/05/30,921.0,921.0,915.0,921.0,25000,-1.0,-1.0,-1.0
2016/05/31,920.0,924.0,915.0,924.0,38000,-1.0,-1.0,-1.0
2016/06/01,920.0,925.0,920.0,921.0,38000,-1.0,-1.0,-1.0
2016/06/02,926.0,926.0,920.0,921.0,18000,-1.0,-1.0,-1.0
2016/06/03,920.0,925.0,920.0,920.0,38000,-1.0,-1.0,-1.0
2016/06/06,920.0,920.0,910.0,910.0,5000,-1.0,-1.0,-1.0
2016/06/07,918.0,918.0,905.0,905.0,12000,-1.0,-1.0,-1.0
2016/06/08,907.0,918.0,904.0,910.0,24000,-1.0,-1.0,-1.0
2016/06/09,910.0,915.0,906.0,909.0,15000,-1.0,-1.0,-1.0
2016/06/10,910.0,910.0,910.0,910.0,3000,-1.0,-1.0,1.0595959056164717
2016/06/13,910.0,913.0,904.0,904.0,26000,-1.0,-1.0,1.0893477938250353
2016/06/14,900.0,912.0,897.0,900.0,35000,-1.0,-1.0,1.100054830765804
2016/06/15,900.0,910.0,900.0,909.0,17000,-1.0,-1.0,1.1022124076008246
2016/06/16,908.0,908.0,896.0,906.0,7000,-1.0,-1.0,1.1550594474456404
2016/06/17,903.0,905.0,899.0,900.0,20000,-1.0,-1.0,1.1426304499224034
2016/06/20,908.0,914.0,900.0,900.0,10000,-1.0,-1.0,1.13436451462542
2016/06/21,901.0,912.0,901.0,903.0,8000,-1.0,-1.0,1.135416104816656
2016/06/22,907.0,913.0,905.0,905.0,16000,-1.0,-1.0,1.14644368779777
2016/06/23,905.0,907.0,904.0,904.0,5000,-1.0,-1.0,1.0587230249884698
2016/06/24,903.0,910.0,892.0,899.0,20000,-1.0,-1.0,1.043466837714934
2016/06/27,900.0,911.0,900.0,911.0,4000,-1.0,-1.0,1.1050162103956145
2016/06/28,904.0,904.0,895.0,896.0,20000,-1.0,-1.0,1.0836197270682115
2016/06/29,900.0,900.0,900.0,900.0,1000,-1.0,-1.0,1.066661808891895
2016/06/30,898.0,898.0,894.0,894.0,5000,-1.0,-1.0,1.065744145878205
2016/07/01,894.0,895.0,890.0,895.0,10000,-1.0,-1.0,1.0521929061741577
2016/07/04,896.0,896.0,896.0,896.0,1000,-1.0,-1.0,1.05084459730493
2016/07/05,900.0,902.0,900.0,902.0,5000,-1.0,-1.0,1.0615559339704017
2016/07/06,895.0,899.0,895.0,895.0,5000,-1.0,-1.0,1.0741658841032629
2016/07/07,890.0,900.0,890.0,900.0,12000,-1.0,-1.0,1.1312413158381693
2016/07/08,900.0,900.0,900.0,900.0,1000,-1.0,-1.0,1.1340597919602893
2016/07/11,900.0,900.0,900.0,900.0,1000,-1.0,-1.0,1.0527791754502587
2016/07/12,897.0,907.0,897.0,900.0,8000,-1.0,-1.0,1.0280905610352182
2016/07/13,900.0,908.0,900.0,908.0,4000,-1.0,-1.0,1.0335971769879428
2016/07/14,909.0,909.0,909.0,909.0,1000,-1.0,-1.0,1.0248438115869494
2016/07/15,900.0,909.0,900.0,902.0,5000,-1.0,-1.0,0.9885250288659614
2016/07/19,903.0,913.0,903.0,907.0,10000,-1.0,-1.0,1.0106816081581744
2016/07/20,908.0,909.0,903.0,908.0,8000,-1.0,-1.0,1.0139031368152938
2016/07/21,909.0,910.0,905.0,905.0,10000,-1.0,-1.0,1.011689219562173
2016/07/22,907.0,907.0,904.0,906.0,5000,-1.0,-1.0,1.009950127874556
2016/07/25,905.0,907.0,905.0,907.0,2000,-1.0,-1.0,0.9273375046485982
2016/07/26,906.0,906.0,906.0,906.0,1000,-1.0,-1.0,0.9403361169335929
2016/07/27,910.0,910.0,910.0,910.0,5000,-1.0,-1.0,0.9297864088390541
2016/07/28,911.0,911.0,911.0,911.0,2000,-1.0,-1.0,0.9462954341587886
2016/07/29,899.0,920.0,899.0,900.0,23000,-1.0,-1.0,0.9409391062027984
2016/08/01,900.0,911.0,899.0,903.0,13700,-1.0,-1.0,0.9554417468645408
2016/08/02,902.0,911.0,898.0,900.0,8600,-1.0,-1.0,0.9671880074701422
2016/08/03,890.0,911.0,890.0,900.0,4300,-1.0,-1.0,0.9891362519496365
2016/08/04,905.0,905.0,901.0,901.0,600,-1.0,-1.0,0.9751650576578147
2016/08/05,925.0,943.0,920.0,932.0,15700,-1.0,-1.0,1.0240907334273794
2016/08/08,944.0,945.0,935.0,943.0,10900,-1.0,-1.0,1.029194616964816
2016/08/09,943.0,947.0,930.0,943.0,10100,-1.0,-1.0,1.0182827377275312
2016/08/10,946.0,946.0,938.0,946.0,3400,-1.0,-1.0,1.023980979358497
2016/08/12,930.0,945.0,930.0,937.0,10700,-1.0,-1.0,1.0218921728897365
2016/08/15,908.0,938.0,907.0,927.0,13100,-1.0,-1.0,1.0104678116292722
2016/08/16,920.0,936.0,920.0,930.0,6900,-1.0,-1.0,1.026537882213365
2016/08/17,924.0,930.0,912.0,918.0,4300,-1.0,-1.0,1.0055864963601275
2016/08/18,923.0,930.0,916.0,930.0,4700,-1.0,-1.0,1.0302882132160411
2016/08/19,925.0,933.0,920.0,930.0,5600,-1.0,-1.0,1.025464338845477
2016/08/22,926.0,933.0,920.0,926.0,2800,-1.0,-1.0,1.0101801883281707
2016/08/23,931.0,933.0,910.0,931.0,4000,-1.0,-1.0,1.0216692797641127
2016/08/24,923.0,931.0,923.0,931.0,1400,-1.0,-1.0,1.0144746274517835
2016/08/25,931.0,932.0,931.0,932.0,600,-1.0,-1.0,1.0023198518461993
2016/08/26,925.0,925.0,925.0,925.0,100,-1.0,-1.0,1.0264909102091573
2016/08/29,931.0,931.0,917.0,926.0,4600,-1.0,-1.0,1.0124329839669786
2016/08/30,929.0,933.0,929.0,932.0,2200,-1.0,-1.0,1.0152769571517906
2016/08/31,939.0,939.0,938.0,939.0,1700,-1.0,-1.0,1.0028359045500155
2016/09/01,939.0,939.0,935.0,935.0,1200,-1.0,-1.0,0.9801528556509372
2016/09/02,938.0,950.0,910.0,911.0,41000,-1.0,-1.0,0.8924336239550739
2016/09/05,926.0,929.0,916.0,918.0,9200,-1.0,-1.0,0.8958513786171294
2016/09/06,931.0,934.0,917.0,917.0,7000,-1.0,-1.0,0.8894732427607323
2016/09/07,920.0,920.0,892.0,909.0,37300,-1.0,-1.0,0.8878806175973769
2016/09/08,913.0,913.0,908.0,913.0,600,-1.0,-1.0,0.9002568573582831
2016/09/09,917.0,917.0,917.0,917.0,400,-1.0,-1.0,0.902209657004993
2016/09/12,916.0,920.0,902.0,918.0,2200,-1.0,-1.0,0.9416674850271322
2016/09/13,917.0,920.0,906.0,910.0,5400,-1.0,-1.0,0.9382819085122791
2016/09/14,902.0,912.0,902.0,912.0,2100,-1.0,-1.0,0.9443823002611371
2016/09/15,912.0,913.0,901.0,913.0,3100,-1.0,-1.0,0.9374598230976235
2016/09/16,914.0,920.0,910.0,915.0,11800,-1.0,-1.0,0.9552936663630136
2016/09/20,916.0,920.0,911.0,912.0,2500,-1.0,-1.0,0.9410628962073875
2016/09/21,911.0,920.0,906.0,915.0,5900,-1.0,-1.0,0.8451040106269516
2016/09/23,915.0,920.0,910.0,911.0,10900,-1.0,-1.0,0.8363080192900175
2016/09/26,916.0,916.0,901.0,910.0,24500,-1.0,-1.0,0.8394032182195205
2016/09/27,914.0,915.0,890.0,909.0,23000,-1.0,-1.0,0.8119015510722312
2016/09/28,895.0,909.0,890.0,893.0,12200,-1.0,-1.0,0.8023679864661769
2016/09/29,903.0,903.0,884.0,890.0,13300,-1.0,-1.0,0.7890555124656901
2016/09/30,890.0,891.0,872.0,872.0,14100,-1.0,-1.0,0.7844746738897267
2016/10/03,885.0,898.0,881.0,887.0,29000,-1.0,-1.0,0.9204162320163737
2016/10/04,890.0,891.0,881.0,884.0,12400,-1.0,-1.0,0.9084103457736568
2016/10/05,889.0,895.0,889.0,895.0,3100,-1.0,-1.0,0.9165828487627413
2016/10/06,902.0,905.0,896.0,905.0,5800,-1.0,-1.0,0.9390913085033671
2016/10/07,907.0,907.0,890.0,899.0,5200,-1.0,-1.0,0.949542492662294
2016/10/11,905.0,905.0,900.0,903.0,12900,-1.0,-1.0,0.9087337228398976
2016/10/12,903.0,903.0,891.0,896.0,3700,-1.0,-1.0,0.9020585548169866
2016/10/13,896.0,898.0,891.0,891.0,1800,-1.0,-1.0,0.9152759074206267
2016/10/14,892.0,906.0,892.0,897.0,2500,-1.0,-1.0,0.9172344538828818
2016/10/17,890.0,893.0,889.0,890.0,6100,-1.0,-1.0,0.9117504127095376
2016/10/18,883.0,898.0,883.0,890.0,8100,-1.0,-1.0,0.9089085167904147
2016/10/19,891.0,903.0,891.0,897.0,1900,-1.0,-1.0,0.9348332160593691
2016/10/20,897.0,902.0,893.0,902.0,1200,-1.0,-1.0,0.9314502478040231
2016/10/21,900.0,903.0,899.0,902.0,6300,-1.0,-1.0,0.960838620276411
2016/10/24,904.0,904.0,894.0,904.0,4400,-1.0,-1.0,0.9677561771107271
2016/10/25,904.0,905.0,900.0,900.0,3000,-1.0,-1.0,0.9578831170839351
2016/10/26,901.0,916.0,901.0,907.0,6700,-1.0,-1.0,0.9663360667502978
2016/10/27,910.0,915.0,906.0,907.0,4300,-1.0,-1.0,0.9772903330807391
2016/10/28,910.0,910.0,903.0,908.0,5000,-1.0,-1.0,0.9712063571533252
2016/10/31,910.0,914.0,908.0,908.0,9000,-1.0,-1.0,0.9765063263791485
2016/11/01,914.0,914.0,908.0,910.0,4300,-1.0,-1.0,0.976815417059681
2016/11/02,910.0,913.0,903.0,903.0,7600,-1.0,-1.0,0.9926379856918947
2016/11/04,903.0,903.0,883.0,898.0,10700,-1.0,-1.0,1.0156513354346197
2016/11/07,890.0,903.0,890.0,901.0,7800,-1.0,-1.0,1.011806923283361
2016/11/08,899.0,913.0,895.0,895.0,2300,-1.0,-1.0,1.0002759530394623
2016/11/09,899.0,916.0,860.0,903.0,23600,-1.0,-1.0,1.064646527849033
2016/11/10,917.0,925.0,912.0,914.0,44000,-1.0,-1.0,1.0139165386398208
2016/11/11,922.0,922.0,911.0,914.0,7000,-1.0,-1.0,1.0196766339535501
2016/11/14,920.0,920.0,915.0,918.0,6000,-1.0,-1.0,1.0065198812631422
2016/11/15,920.0,923.0,913.0,923.0,15300,-1.0,-1.0,1.013551843694256
2016/11/16,925.0,930.0,923.0,923.0,11800,-1.0,-1.0,1.000221126701867
2016/11/17,925.0,926.0,919.0,923.0,15200,-1.0,-1.0,1.002571357595365
2016/11/18,923.0,930.0,918.0,926.0,12000,-1.0,-1.0,0.9786691644588202
2016/11/21,926.0,928.0,923.0,925.0,10100,-1.0,-1.0,0.9638029164070369
2016/11/22,925.0,925.0,915.0,917.0,7700,-1.0,-1.0,0.9422456541511843
2016/11/24,927.0,927.0,919.0,924.0,5300,-1.0,-1.0,0.9676957509931873
2016/11/25,924.0,924.0,918.0,920.0,5300,-1.0,-1.0,0.9445658876890479
2016/11/28,920.0,931.0,919.0,930.0,8100,-1.0,-1.0,0.9627336143998009
2016/11/29,928.0,928.0,920.0,924.0,4300,-1.0,-1.0,0.9502750456071547
2016/11/30,930.0,935.0,929.0,933.0,11400,-1.0,-1.0,0.9653253577270005
2016/12/01,947.0,950.0,923.0,928.0,27900,-1.0,-1.0,0.9407825929372027
2016/12/02,943.0,968.0,941.0,968.0,97600,-1.0,-1.0,1.0875211250814676
2016/12/05,1013.0,1013.0,979.0,1013.0,70200,-1.0,-1.0,1.3640808124760886
2016/12/06,1014.0,1030.0,1008.0,1012.0,47800,-1.0,-1.0,1.3495453065316019
2016/12/07,1000.0,1013.0,986.0,1003.0,32000,-1.0,-1.0,1.2769630534514125
2016/12/08,1016.0,1022.0,1000.0,1021.0,25200,-1.0,-1.0,1.3543112132808377
2016/12/09,1025.0,1055.0,1018.0,1053.0,67800,-1.0,-1.0,1.3901817339726268
2016/12/12,1064.0,1068.0,1038.0,1055.0,30700,-1.0,-1.0,1.0500081917978363
2016/12/13,1038.0,1055.0,1038.0,1044.0,17500,-1.0,-1.0,1.0433846775764484
2016/12/14,1045.0,1059.0,1039.0,1042.0,26700,-1.0,-1.0,1.047562967473536
2016/12/15,1036.0,1049.0,1030.0,1031.0,20900,-1.0,-1.0,1.0421663150978027
2016/12/16,1033.0,1039.0,1028.0,1032.0,23100,-1.0,-1.0,1.0537069065338234
2016/12/19,1035.0,1045.0,1026.0,1041.0,20800,-1.0,-1.0,1.088918580185673
2016/12/20,1040.0,1048.0,1036.0,1039.0,17200,-1.0,-1.0,1.0850851414356015
2016/12/21,1035.0,1048.0,1034.0,1035.0,23600,-1.0,-1.0,1.0912918784576877
2016/12/22,1035.0,1038.0,1001.0,1011.0,36900,-1.0,-1.0,1.0399368133588234
2016/12/26,1020.0,1031.0,1020.0,1027.0,18900,-1.0,-1.0,1.0800101152644728
2016/12/27,1026.0,1033.0,1018.0,1026.0,29800,-1.0,-1.0,1.0795650293178363
2016/12/28,1031.0,1046.0,1023.0,1041.0,22100,-1.0,-1.0,1.1091013191733101
2016/12/29,1041.0,1055.0,1037.0,1055.0,16600,-1.0,-1.0,1.138997041052995
2016/12/30,1043.0,1064.0,1043.0,1062.0,8500,-1.0,-1.0,1.1461392888517101
2017/01/04,1065.0,1110.0,1065.0,1103.0,56200,-1.0,-1.0,1.0212232417521818
2017/01/05,1108.0,1132.0,1106.0,1117.0,32200,-1.0,-1.0,1.0582096187203882
2017/01/06,1120.0,1138.0,1113.0,1132.0,32700,-1.0,-1.0,1.100323079875894
2017/01/10,1135.0,1174.0,1135.0,1162.0,58900,-1.0,-1.0,1.1083564802308727
2017/01/11,1170.0,1229.0,1168.0,1178.0,86900,-1.0,-1.0,1.1373470299847583
2017/01/12,1189.0,1192.0,1150.0,1185.0,47200,-1.0,-1.0,1.1507632964757637
2017/01/13,1161.0,1185.0,1161.0,1168.0,17200,-1.0,-1.0,1.1298760183892123
2017/01/16,1168.0,1175.0,1161.0,1165.0,22400,-1.0,-1.0,1.1362591023363438
2017/01/17,1147.0,1147.0,1110.0,1115.0,45500,-1.0,-1.0,1.1133370853337399
2017/01/18,1120.0,1149.0,1115.0,1146.0,26800,-1.0,-1.0,1.1371674042725726
2017/01/19,1151.0,1165.0,1145.0,1155.0,26400,-1.0,-1.0,1.1311076516033949
2017/01/20,1164.0,1164.0,1150.0,1162.0,15400,-1.0,-1.0,1.124464095324178
2017/01/23,1161.0,1161.0,1127.0,1145.0,29800,-1.0,-1.0,1.1480440182264864
2017/01/24,1142.0,1142.0,1120.0,1122.0,16300,-1.0,-1.0,1.1348620395830389
2017/01/25,1125.0,1145.0,1125.0,1136.0,15500,-1.0,-1.0,1.1316511904046318
2017/01/26,1150.0,1153.0,1140.0,1140.0,14700,-1.0,-1.0,1.10460960259288
2017/01/27,1150.0,1150.0,1114.0,1124.0,30800,-1.0,-1.0,1.0602571678479467
2017/01/30,1143.0,1146.0,1130.0,1143.0,20500,-1.0,-1.0,1.0451000158769568
2017/01/31,1143.0,1158.0,1143.0,1156.0,34400,-1.0,-1.0,1.0643937276481672
2017/02/01,1150.0,1172.0,1146.0,1167.0,18100,-1.0,-1.0,1.067709454076435
2017/02/02,1181.0,1197.0,1161.0,1194.0,27800,-1.0,-1.0,1.10021207558159
2017/02/03,1197.0,1204.0,1166.0,1177.0,38100,-1.0,-1.0,1.0800417922668053
2017/02/06,1198.0,1198.0,1170.0,1171.0,29400,-1.0,-1.0,1.0095685617377648
2017/02/07,1174.0,1181.0,1144.0,1160.0,30800,-1.0,-1.0,1.0015763858741973
2017/02/08,1157.0,1175.0,1151.0,1168.0,11400,-1.0,-1.0,1.0024779097113383
2017/02/09,1170.0,1170.0,1155.0,1161.0,5200,-1.0,-1.0,1.0059366988067666
2017/02/10,1163.0,1173.0,1156.0,1158.0,8400,-1.0,-1.0,0.9438508322227592
2017/02/13,1160.0,1163.0,1150.0,1151.0,29100,-1.0,-1.0,0.9143301675818495
2017/02/14,1152.0,1163.0,1152.0,1156.0,4500,-1.0,-1.0,0.9237009297070173
2017/02/15,1165.0,1165.0,1157.0,1165.0,12300,-1.0,-1.0,0.919628498530625
2017/02/16,1165.0,1172.0,1159.0,1159.0,10400,-1.0,-1.0,0.9506188516336095
2017/02/17,1156.0,1160.0,1155.0,1160.0,6600,-1.0,-1.0,0.938096714743887
2017/02/20,1160.0,1168.0,1155.0,1161.0,6800,-1.0,-1.0,0.9513847845864948
2017/02/21,1161.0,1164.0,1153.0,1154.0,9700,-1.0,-1.0,0.9431472259334873
2017/02/22,1154.0,1160.0,1151.0,1152.0,12300,-1.0,-1.0,0.9409133190491523
2017/02/23,1151.0,1157.0,1151.0,1155.0,8000,-1.0,-1.0,0.9566600444942409
2017/02/24,1152.0,1161.0,1152.0,1161.0,8900,-1.0,-1.0,0.962756718718178
2017/02/27,1161.0,1162.0,1151.0,1157.0,16600,-1.0,-1.0,0.9981358295724159
2017/02/28,1153.0,1166.0,1153.0,1160.0,6300,-1.0,-1.0,0.9984199948199771
2017/03/01,1164.0,1164.0,1157.0,1163.0,4900,-1.0,-1.0,0.987411962202206
2017/03/02,1164.0,1188.0,1164.0,1188.0,24700,-1.0,-1.0,0.9818619712167899
2017/03/03,1193.0,1208.0,1187.0,1203.0,34500,-1.0,-1.0,0.993570326133462
2017/03/06,1214.0,1227.0,1211.0,1214.0,35000,-1.0,-1.0,1.0064284481579617
2017/03/07,1212.0,1214.0,1185.0,1193.0,32600,-1.0,-1.0,0.9488296241327253
2017/03/08,1194.0,1197.0,1185.0,1191.0,10200,-1.0,-1.0,0.950700110787836
2017/03/09,1184.0,1197.0,1181.0,1191.0,7700,-1.0,-1.0,0.957494020625329
2017/03/10,1200.0,1210.0,1196.0,1207.0,19500,-1.0,-1.0,0.9465456643199399
2017/03/13,1215.0,1218.0,1202.0,1204.0,19200,-1.0,-1.0,0.9744221738434694
2017/03/14,1214.0,1215.0,1191.0,1201.0,13100,-1.0,-1.0,0.9630928743106246
2017/03/15,1200.0,1204.0,1191.0,1192.0,15900,-1.0,-1.0,0.954093809852181
2017/03/16,1201.0,1210.0,1197.0,1210.0,10800,-1.0,-1.0,0.952311993524176
2017/03/17,1209.0,1235.0,1209.0,1231.0,31600,-1.0,-1.0,1.0233638948795931
2017/03/21,1244.0,1254.0,1231.0,1250.0,28300,-1.0,-1.0,1.0446978389193484
2017/03/22,1246.0,1246.0,1230.0,1240.0,24100,-1.0,-1.0,1.0604076490867729
2017/03/23,1234.0,1246.0,1234.0,1241.0,10000,-1.0,-1.0,1.0711547523768101
2017/03/24,1248.0,1260.0,1237.0,1242.0,34600,-1.0,-1.0,1.0705754563039984
2017/03/27,1245.0,1258.0,1235.0,1250.0,51300,-1.0,-1.0,1.0813609813110083
2017/03/28,1241.0,1281.0,1241.0,1280.0,48800,-1.0,-1.0,1.1154814988945008
2017/03/29,1262.0,1298.0,1262.0,1276.0,27700,-1.0,-1.0,1.0985613546703192
2017/03/30,1256.0,1285.0,1256.0,1268.0,52500,-1.0,-1.0,1.1013895913509997
2017/03/31,1273.0,1295.0,1273.0,1287.0,19000,-1.0,-1.0,1.1665989455862735
2017/04/03,1287.0,1290.0,1210.0,1237.0,69800,-1.0,-1.0,0.9595897421198085
2017/04/04,1235.0,1235.0,1170.0,1180.0,63800,-1.0,-1.0,0.9224389015148018
2017/04/05,1180.0,1216.0,1178.0,1185.0,26600,-1.0,-1.0,0.9250689758653072
2017/04/06,1161.0,1184.0,1151.0,1172.0,76000,-1.0,-1.0,0.9674487171958075
2017/04/07,1171.0,1200.0,1152.0,1190.0,33100,-1.0,-1.0,0.9742095787445929
2017/04/10,1196.0,1215.0,1188.0,1192.0,10800,-1.0,-1.0,0.978355775731465
2017/04/11,1200.0,1213.0,1196.0,1200.0,35800,-1.0,-1.0,0.9868079405612937
2017/04/12,1180.0,1184.0,1108.0,1155.0,58600,-1.0,-1.0,0.9261534466603526
2017/04/13,1127.0,1150.0,1123.0,1148.0,20000,-1.0,-1.0,0.9320306662049193
2017/04/14,1137.0,1157.0,1122.0,1157.0,16300,-1.0,-1.0,0.9555243236429859
2017/04/17,1134.0,1163.0,1110.0,1158.0,36000,-1.0,-1.0,0.9138522773308758
2017/04/18,1167.0,1179.0,1159.0,1178.0,6500,-1.0,-1.0,0.9197554813634184
2017/04/19,1179.0,1196.0,1177.0,1187.0,22600,-1.0,-1.0,0.925015824224042
2017/04/20,1187.0,1187.0,1176.0,1179.0,17700,-1.0,-1.0,0.9245565273772591
2017/04/21,1180.0,1187.0,1155.0,1162.0,16600,-1.0,-1.0,0.8825818315614118
2017/04/24,1162.0,1172.0,1161.0,1161.0,11200,-1.0,-1.0,0.8647826578008205
2017/04/25,1161.0,1164.0,1157.0,1160.0,26200,-1.0,-1.0,0.8578676915547466
2017/04/26,1166.0,1166.0,1158.0,1163.0,48000,-1.0,-1.0,0.8523587490171282
2017/04/27,1159.0,1159.0,1143.0,1150.0,49600,-1.0,-1.0,0.8315583766915194
2017/04/28,1152.0,1159.0,1152.0,1155.0,13700,-1.0,-1.0,0.8430081259715984
2017/05/01,1166.0,1198.0,1164.0,1195.0,18100,-1.0,-1.0,0.9281705525028837
2017/05/02,1192.0,1196.0,1183.0,1190.0,56400,-1.0,-1.0,0.9215180589118654
2017/05/08,1200.0,1202.0,1193.0,1193.0,41900,-1.0,-1.0,0.9191657755147109
2017/05/09,1199.0,1202.0,1196.0,1200.0,32900,-1.0,-1.0,0.9218024975350013
2017/05/10,1200.0,1250.0,1200.0,1237.0,43300,113.7483367145122,114.92477548843485,0.9679233297830104
2017/05/11,1224.0,1257.0,1211.0,1241.0,38500,114.98833140045053,116.200972010413,0.9650840208963882
2017/05/12,1240.0,1248.0,1233.0,1241.0,8700,113.81375892612151,115.16314328511976,1.0051985701380397
2017/05/15,1245.0,1278.0,1225.0,1273.0,41400,117.21682851153842,118.31648734177152,1.0433908257912434
2017/05/16,1275.0,1289.0,1265.0,1275.0,60300,117.13067578030234,118.1430705789541,1.0414918844789396
2017/05/17,1273.0,1295.0,1268.0,1295.0,46300,119.53983183733257,120.86518081428659,1.0722679301176192
2017/05/18,1265.0,1283.0,1257.0,1279.0,38300,120.18131584884321,121.3382201370819,1.0892992761139193
2017/05/19,1281.0,1290.0,1280.0,1290.0,32800,121.23703100633942,122.23110714833653,1.080939246082482
2017/05/22,1290.0,1294.0,1250.0,1286.0,27900,121.06771551651492,122.15435224720666,1.1091825077799784
2017/05/23,1294.0,1305.0,1284.0,1303.0,41300,119.39958332797926,120.2911287934102,1.1233546298404005
2017/05/24,1303.0,1339.0,1303.0,1338.0,27100,122.11409631627672,122.65901756784608,1.150451124863786
2017/05/25,1339.0,1339.0,1320.0,1330.0,19200,121.71765703662984,122.32671261750976,1.1585401867864014
2017/05/26,1320.0,1330.0,1316.0,1326.0,25900,122.58427781115644,123.30306083121765,1.1328374161827746
2017/05/29,1335.0,1335.0,1306.0,1313.0,23900,123.62503692336608,124.02271538594627,1.1132978773355235
2017/05/30,1325.0,1325.0,1298.0,1308.0,6000,123.98493275896047,124.19791670365517,1.1104475145053065
2017/05/31,1307.0,1314.0,1269.0,1286.0,23300,120.48214152059316,121.26409766546873,1.0856323974002247
2017/06/01,1277.0,1310.0,1275.0,1295.0,14900,117.26203867079697,118.06220557676367,1.1052929291651754
2017/06/02,1295.0,1312.0,1291.0,1311.0,26800,117.53406678204404,118.19580387048738,1.1413561955230822
2017/06/05,1309.0,1315.0,1304.0,1310.0,17600,118.32912729737973,119.13970549038282,1.1373380084099889
2017/06/06,1315.0,1318.0,1302.0,1318.0,13400,121.54891411725129,122.31184412943097,1.1503084870093867
2017/06/07,1305.0,1314.0,1296.0,1310.0,11600,121.23886565472168,121.77165764189655,1.1451192706563844
2017/06/08,1306.0,1310.0,1296.0,1307.0,11000,120.37900812974162,120.9113785543076,1.1317128396604794
2017/06/09,1287.0,1324.0,1286.0,1315.0,25600,119.86991306082761,120.81496779987681,1.0636461267091737
2017/06/12,1314.0,1355.0,1310.0,1342.0,14800,119.44943011496696,119.81506590530778,1.038603783902536
2017/06/13,1342.0,1373.0,1334.0,1371.0,18300,121.40734133216056,121.59154110527469,1.0650181686546654
2017/06/14,1373.0,1389.0,1357.0,1374.0,25100,121.02112472013917,121.27487612592043,1.0681855574162291
2017/06/15,1360.0,1385.0,1353.0,1364.0,31400,117.16719581495036,117.70062631083205,1.0828522401362788
2017/06/16,1360.0,1364.0,1321.0,1360.0,24400,118.19942955943763,118.42705139665068,1.0380536678470793
2017/06/19,1383.0,1387.0,1368.0,1387.0,10800,122.60617768420575,122.74520551546415,1.049573646131265
2017/06/20,1387.0,1443.0,1385.0,1414.0,66900,125.15352616614427,125.28100026243206,1.076798945025508
2017/06/21,1410.0,1417.0,1400.0,1406.0,26500,123.93773694738177,123.84017599912418,1.0755181818997777
2017/06/22,1408.0,1444.0,1408.0,1444.0,20300,128.97857556214728,128.81978771129351,1.1168210536927032
2017/06/23,1435.0,1438.0,1419.0,1424.0,22100,117.6383140966102,118.4029989451982,1.068164305223217
2017/06/26,1420.0,1467.0,1420.0,1455.0,21600,121.32495795404199,121.43068662810268,1.1426810700265002
2017/06/27,1450.0,1472.0,1445.0,1458.0,20700,123.2840295766296,123.08316307307561,1.1504714902955726
2017/06/28,1455.0,1472.0,1451.0,1466.0,18100,125.96184788199653,125.89111404311124,1.1545849184586916
2017/06/29,1456.0,1477.0,1455.0,1471.0,18200,126.74804434080306,126.2192829022131,1.1572438245820202
2017/06/30,1465.0,1548.0,1454.0,1498.0,50200,131.02320164582324,130.25685153819308,1.1990338489807517
2017/07/03,1500.0,1547.0,1500.0,1535.0,21500,134.75713584990706,133.9169538219178,1.2027487562194312
2017/07/04,1531.0,1532.0,1480.0,1515.0,39500,131.3785979448754,131.12093300221034,1.250125486000689
2017/07/05,1519.0,1535.0,1501.0,1535.0,14100,131.3451975371461,130.7745701353,1.267054355936161
2017/07/06,1538.0,1538.0,1512.0,1523.0,18400,129.29236383205782,128.42947790783438,1.260516821443246
2017/07/07,1503.0,1522.0,1488.0,1522.0,23800,128.19241487360057,127.31581341773814,1.2711330953921645
2017/07/10,1520.0,1520.0,1490.0,1506.0,12200,130.90044476580957,130.0762167694223,1.218275007503595
2017/07/11,1490.0,1498.0,1456.0,1481.0,24800,131.1495754385523,130.02815642442792,1.1982177825408307
2017/07/12,1485.0,1520.0,1482.0,1520.0,17300,135.19277090090722,134.41566910193276,1.2448553718378845
2017/07/13,1513.0,1520.0,1490.0,1504.0,9000,134.88449676269002,133.98719321135658,1.2095210143907043
2017/07/14,1511.0,1514.0,1487.0,1490.0,10000,135.45770490410052,133.8495299386103,1.1919890545872087
2017/07/18,1499.0,1499.0,1476.0,1492.0,8200,137.5484608644355,135.15220992682842,1.1847727780576975
2017/07/19,1495.0,1515.0,1456.0,1507.0,22100,138.28972983600985,136.17827794853292,1.1924789229324622
2017/07/20,1507.0,1513.0,1500.0,1503.0,6500,138.5879165577976,136.21615251989815,1.1525017160483624
2017/07/21,1516.0,1535.0,1506.0,1521.0,19600,138.87714741270963,136.72687180586016,1.1948296807259722
2017/07/24,1534.0,1589.0,1534.0,1585.0,34200,145.39826425417633,142.830230702072,1.1716351691211861
2017/07/25,1584.0,1584.0,1553.0,1572.0,9700,142.45009748990077,140.2333064417013,1.1668997357414879
2017/07/26,1580.0,1589.0,1568.0,1589.0,15400,145.1327048684979,142.3818637928874,1.1659753591974018
2017/07/27,1580.0,1589.0,1561.0,1573.0,16700,141.68645940339766,138.72064234432239,1.1714849806470389
2017/07/28,1573.0,1580.0,1547.0,1559.0,12600,143.79703294214752,141.33057957724532,1.154197394699035
2017/07/31,1559.0,1570.0,1548.0,1556.0,20100,143.86743353952474,140.7198059136132,1.079535179350724
2017/08/01,1559.0,1564.0,1490.0,1517.0,27600,138.24171879676055,134.57533517551897,1.0081095549859442
2017/08/02,1494.0,1546.0,1494.0,1522.0,21800,135.44956096811646,131.61318121312698,1.0090466454585594
2017/08/03,1534.0,1534.0,1510.0,1517.0,5500,136.64065038885795,132.21473324582743,1.01205190421983
2017/08/04,1529.0,1529.0,1506.0,1521.0,10900,132.95110811856082,128.03112821120556,1.0112569667027664
2017/08/07,1533.0,1600.0,1533.0,1587.0,37600,139.7180128910247,134.0298708214406,1.119695068329233
2017/08/08,1597.0,1597.0,1565.0,1594.0,21900,141.72160421295686,136.18246897510505,1.125030137828765
2017/08/09,1594.0,1594.0,1541.0,1553.0,24200,139.18434298208166,133.4130303853542,1.1676015711121475
2017/08/10,1553.0,1580.0,1553.0,1565.0,8500,143.23583830564942,136.6562967658083,1.19657790878849
2017/08/14,1546.0,1551.0,1535.0,1537.0,14800,143.1653070952873,136.5190068312917,1.1669067404394307
2017/08/15,1548.0,1548.0,1525.0,1540.0,13200,139.12803931708555,133.036834548475,1.1548936510161312
2017/08/16,1540.0,1540.0,1512.0,1534.0,12400,141.8316621368544,135.57732991436373,1.1544417177964061
2017/08/17,1528.0,1549.0,1527.0,1534.0,6800,138.01737663328933,131.84810238179594,1.1569895140815487
2017/08/18,1528.0,1528.0,1499.0,1508.0,16500,137.79440744196717,131.52550902537564,1.137763590512086
2017/08/21,1500.0,1507.0,1495.0,1500.0,17600,138.6414511048617,132.38502351365472,1.0603154925459204
2017/08/22,1500.0,1505.0,1481.0,1495.0,17400,136.66778219387203,130.54294957430716,1.0570705305251689
2017/08/23,1506.0,1515.0,1491.0,1510.0,12500,138.51225828740806,132.45639376669558,1.059482190328583
2017/08/24,1510.0,1512.0,1499.0,1512.0,11700,138.77920949187435,132.89411956248017,1.0705420116724302
2017/08/25,1512.0,1520.0,1507.0,1518.0,8800,138.02390349703234,132.34574570437636,1.0654260276051177
2017/08/28,1518.0,1519.0,1508.0,1508.0,11100,140.14038704769055,133.6539824307992,1.0674367204441335
2017/08/29,1509.0,1520.0,1508.0,1516.0,4700,140.50643380057954,133.65143335863308,1.0692828489761657
2017/08/30,1520.0,1529.0,1519.0,1528.0,6800,140.87706973933564,134.5760152958759,1.063129488379604
2017/08/31,1532.0,1587.0,1532.0,1585.0,30000,146.05421660904923,140.16912296602,1.1591647057592065
2017/09/01,1585.0,1585.0,1556.0,1574.0,11100,148.50953514300548,143.03170289828623,1.1809707984435511
2017/09/04,1579.0,1579.0,1535.0,1568.0,15900,149.1743819796704,143.14351144509217,1.0588026390023257
2017/09/05,1568.0,1568.0,1518.0,1538.0,21400,147.78870952341904,142.6129455426468,1.0535265906209597
2017/09/06,1518.0,1545.0,1511.0,1544.0,7800,149.27607480421642,143.9868705463507,1.055703635398428
2017/09/07,1570.0,1616.0,1563.0,1599.0,60700,153.12574610977566,147.4906933497599,1.0926281634036548
2017/09/08,1609.0,1613.0,1580.0,1595.0,25000,153.09970003898036,146.68388695694705,1.099713510188904
2017/09/11,1619.0,1628.0,1612.0,1625.0,16300,150.9974337726839,145.26743701117832,1.067113467959657
2017/09/12,1649.0,1675.0,1649.0,1660.0,44700,154.30700660512414,148.29127614528062,1.084187976891277
2017/09/13,1694.0,1694.0,1660.0,1683.0,32400,154.3345860006363,148.18114102323827,1.1063510026218695
2017/09/14,1691.0,1699.0,1675.0,1690.0,21700,153.3077385828698,147.56222472748385,1.1248296839201315
2017/09/15,1690.0,1770.0,1690.0,1749.0,29200,158.5987424242235,152.95861959559195,1.14340237611701
2017/09/19,1770.0,1787.0,1751.0,1782.0,45300,158.74767156487167,154.2850844059207,1.1218071833302088
2017/09/20,1800.0,1828.0,1785.0,1826.0,29600,165.14527029704757,161.84389470265853,1.1601193573946358
2017/09/21,1820.0,1876.0,1820.0,1838.0,32400,166.12520479723148,163.16636988328514,1.1688730057259116
2017/09/22,1850.0,1851.0,1781.0,1806.0,29500,163.64333259719916,160.72338380819843,1.141670426077613
2017/09/25,1805.0,1821.0,1733.0,1785.0,27300,159.1011814599123,156.63977824640648,1.1012895391097004
2017/09/26,1765.0,1778.0,1753.0,1772.0,10300,159.97670810194745,157.23678756196534,1.1017715264178254
2017/09/27,1753.0,1796.0,1741.0,1796.0,13700,163.3941939193097,160.8023311068446,1.133236596665756
2017/09/28,1836.0,1847.0,1745.0,1794.0,20800,165.24989397686934,161.5367042293381,1.105255175980216
2017/09/29,1780.0,1784.0,1752.0,1769.0,5400,163.93610416697487,160.2318995988719,1.1089641696085777
2017/10/02,1761.0,1784.0,1747.0,1779.0,9300,163.1844779819097,159.47116072557014,1.0670732836346184
2017/10/03,1780.0,1825.0,1780.0,1818.0,10500,166.96308171293487,163.62654696648607,1.0812689243499611
2017/10/04,1825.0,1836.0,1791.0,1833.0,17300,167.00016007379318,163.86327096205702,1.0921713625347615
2017/10/05,1840.0,1840.0,1803.0,1810.0,14100,163.84178052176168,160.94360144785358,1.0765138586884235
2017/10/06,1810.0,1810.0,1702.0,1780.0,34700,161.34102268395725,158.50172793682603,1.0047450404570557
2017/10/10,1769.0,1803.0,1731.0,1799.0,16300,162.88101821584888,159.4078163995144,0.9894874377346701
2017/10/11,1795.0,1819.0,1750.0,1816.0,18400,163.4530439411558,160.33944894074324,1.0009752565151047
2017/10/12,1815.0,1819.0,1796.0,1799.0,6400,161.62720011450295,159.41315387494936,0.9916424729667362
2017/10/13,1798.0,1811.0,1786.0,1809.0,10800,160.69170338890945,159.01184937959079,0.9867375762073554
2017/10/16,1791.0,1800.0,1766.0,1786.0,22000,159.55436315607966,157.87982538317507,0.9526168492695124
2017/10/17,1786.0,1787.0,1768.0,1786.0,14200,159.54907178873344,157.9629107928267,0.950909670642875
2017/10/18,1790.0,1800.0,1768.0,1768.0,16000,156.8366781476166,155.10836287951184,0.9420169600686634
2017/10/19,1775.0,1798.0,1772.0,1774.0,18100,158.04240668450973,155.83500856983878,0.9411151023461514
2017/10/20,1772.0,1787.0,1760.0,1767.0,7900,156.8870988620655,154.54258914303426,0.9209830688441777
2017/10/23,1775.0,1791.0,1767.0,1770.0,10900,155.5280851746024,153.42970743598562,0.9462601222179692
2017/10/24,1763.0,1789.0,1763.0,1789.0,14800,158.30309076038122,155.8298664076271,0.941970075283272
2017/10/25,1790.0,1790.0,1772.0,1777.0,11100,156.96884462096736,154.67328851665542,0.942570485916599
2017/10/26,1775.0,1790.0,1768.0,1790.0,11300,157.38017320258538,155.50777278646842,0.9484543509671829
2017/10/27,1795.0,1813.0,1781.0,1810.0,23500,158.01901248121914,156.72166527559506,0.9219789155663305
2017/10/30,1810.0,1838.0,1810.0,1832.0,15800,159.72022481971,158.71488152117143,0.9374331130746084
2017/10/31,1822.0,1843.0,1821.0,1843.0,11800,160.4864517776382,159.7766933852119,0.942453429706297
2017/11/01,1843.0,1848.0,1830.0,1848.0,22900,156.40587304088595,156.74218939240393,0.931891224064274
2017/11/02,1849.0,1850.0,1801.0,1806.0,20200,150.84429063462653,151.00109501439695,0.9002636945039111
2017/11/06,1803.0,1822.0,1797.0,1802.0,13800,152.35890874498577,152.0422165943342,0.9421318670718217
2017/11/07,1800.0,1850.0,1780.0,1806.0,19500,151.06085375567355,151.73277524408434,0.9328487278371533
2017/11/08,1808.0,1810.0,1787.0,1787.0,12800,140.35691892839026,141.66716139862436,0.9260562914439866
2017/11/09,1800.0,1824.0,1727.0,1731.0,64200,143.63787996270156,143.76580687363486,0.8991378576613414
2017/11/10,1690.0,1699.0,1663.0,1680.0,62500,140.80316256195852,140.70900344467177,0.8287880697304663
2017/11/13,1713.0,1713.0,1665.0,1699.0,31000,146.14109051489896,145.28074382959008,0.8899451306307873
2017/11/14,1699.0,1699.0,1666.0,1667.0,15500,142.581999336204,142.4430183961413,0.8648252034220815
2017/11/15,1667.0,1667.0,1515.0,1559.0,115500,136.96141314467113,137.68547675798487,0.8238409451377511
2017/11/16,1530.0,1599.0,1461.0,1569.0,64700,135.85241240920644,137.31441725094783,0.8487271226572836
2017/11/17,1594.0,1600.0,1541.0,1552.0,17700,134.45601531474577,135.74046257548508,0.8517896871556524
2017/11/20,1549.0,1577.0,1531.0,1542.0,38600,135.58328133935464,136.69782673304977,0.8586883361800014
2017/11/21,1577.0,1577.0,1548.0,1554.0,20900,137.30944431122717,138.50001226197773,0.857612864517083
2017/11/22,1576.0,1576.0,1528.0,1534.0,33900,135.13489550284982,136.39151906084166,0.8378341041023116
2017/11/24,1534.0,1534.0,1512.0,1524.0,32600,135.02324977435046,136.25071789822815,0.8363119550935983
2017/11/27,1524.0,1540.0,1524.0,1532.0,21500,134.42183260885784,136.25348342905392,0.8331594880570703
2017/11/28,1532.0,1540.0,1524.0,1534.0,24600,135.16202108585696,137.58375785581242,0.83786561787238
2017/11/29,1565.0,1578.0,1532.0,1546.0,37500,134.25346592277137,136.3197622866834,0.8429524093867727
2017/11/30,1548.0,1572.0,1537.0,1569.0,14400,137.7372653165319,139.9386845943988,0.8427668896826515
2017/12/01,1569.0,1570.0,1550.0,1567.0,17100,130.71619941921512,133.17653849043108,0.8511032874742295
2017/12/04,1569.0,1580.0,1558.0,1572.0,14500,124.89280631457885,127.39970162189603,0.8825192124587009
2017/12/05,1571.0,1571.0,1535.0,1558.0,22000,124.94937775547163,126.98076192111829,0.8760235138921278
2017/12/06,1549.0,1553.0,1523.0,1540.0,17800,128.05903533353128,129.6399006354634,0.8840367635093661
2017/12/07,1532.0,1535.0,1516.0,1524.0,25100,124.50138410486203,126.40577597533658,0.8783165719924435
2017/12/08,1520.0,1530.0,1520.0,1523.0,10100,120.44708793246481,122.31292642292773,0.8781579212880786
2017/12/11,1531.0,1576.0,1531.0,1556.0,18900,123.16026081950665,124.55897961484716,0.9242007231623229
2017/12/12,1562.0,1570.0,1556.0,1557.0,14900,125.55590744483783,126.55623899545006,0.9230074345465407
2017/12/13,1555.0,1563.0,1549.0,1552.0,10900,126.00876049412675,126.55958734498485,0.9248366187072224
2017/12/14,1553.0,1589.0,1553.0,1579.0,11400,130.06813868717205,130.6707911909991,0.9453007243717368
2017/12/15,1601.0,1628.0,1579.0,1628.0,35200,135.70430349315495,136.39547785823981,1.014646599974645
2017/12/18,1642.0,1679.0,1642.0,1679.0,32900,136.56662037435848,137.43527528227025,1.101425087989919
2017/12/19,1685.0,1685.0,1670.0,1670.0,13600,137.0204877538795,137.45915488184144,1.0991604505795614
2017/12/20,1682.0,1682.0,1641.0,1663.0,10000,136.48031964404282,136.306138371434,1.0894755280193056
2017/12/21,1651.0,1670.0,1628.0,1638.0,18000,137.65480047906834,137.23524309067528,1.0619762397279444
2017/12/22,1651.0,1674.0,1639.0,1656.0,11300,136.56159235298654,135.59792825755662,1.1171031438273267
2017/12/25,1658.0,1682.0,1647.0,1662.0,13200,136.83877951838218,135.87750615154837,1.144214687616319
2017/12/26,1662.0,1676.0,1652.0,1676.0,10200,138.4522611347597,137.3533145096631,1.1656124188069732
2017/12/27,1685.0,1717.0,1682.0,1699.0,29100,138.20853262212708,137.07515682169452,1.2045045857341377
2017/12/28,1711.0,1712.0,1685.0,1685.0,16200,134.2073809913889,133.3186535305921,1.2044729738925661
2017/12/29,1698.0,1698.0,1677.0,1684.0,7300,133.14076527136396,132.48755010183336,1.1765227690639153
2018/01/04,1700.0,1700.0,1651.0,1670.0,20700,124.15769288463028,124.78994656645442,1.1329019285870077
2018/01/05,1667.0,1699.0,1667.0,1685.0,12700,122.11112575062597,122.96401286121774,1.1288359502353515
2018/01/09,1700.0,1722.0,1695.0,1718.0,15200,119.65160849513721,120.69522260131235,1.0971243769372334
2018/01/10,1718.0,1729.0,1710.0,1712.0,6300,118.30605946373171,119.08466755240458,1.09055251276351
2018/01/11,1692.0,1700.0,1672.0,1696.0,21000,115.50205866334984,116.38825859625102,1.090654380707647
2018/01/12,1688.0,1699.0,1679.0,1684.0,8000,117.56253497726318,118.71577058226019,1.097443371750036
2018/01/15,1687.0,1710.0,1681.0,1702.0,11200,117.63534220010092,118.69948720659139,1.0091668034814736
2018/01/16,1708.0,1708.0,1690.0,1698.0,8700,119.6175136135592,121.32311201411383,1.0000800454761873
2018/01/17,1697.0,1700.0,1685.0,1686.0,8200,116.46170736097471,117.79001558978995,0.9950134505314346
2018/01/18,1698.0,1698.0,1660.0,1668.0,17800,115.9065456570395,117.58398352816658,1.0157854625206935
2018/01/19,1671.0,1681.0,1670.0,1674.0,6200,115.80300393012719,116.90140254976271,1.0273688243749663
2018/01/22,1690.0,1710.0,1676.0,1704.0,15500,118.04426765953306,119.1428240639438,1.0923491340278269
2018/01/23,1714.0,1748.0,1710.0,1729.0,18600,120.01359260252387,121.46346522732227,1.1087312565092016
2018/01/24,1742.0,1771.0,1729.0,1755.0,28400,122.97771577953081,123.63997884097688,1.1502172130356556
2018/01/25,1746.0,1776.0,1701.0,1744.0,32600,125.4030094097073,125.41889064895939,1.0614206246706699
2018/01/26,1752.0,1760.0,1738.0,1745.0,8600,127.8906515372076,127.97752683780408,1.035662969946139
2018/01/29,1755.0,1780.0,1746.0,1765.0,19800,126.57581248614504,126.77081608251297,1.0827420040680729
2018/01/30,1770.0,1770.0,1707.0,1723.0,19500,121.84809090234387,122.0595674778658,1.072572559354464
2018/01/31,1702.0,1758.0,1666.0,1749.0,25300,124.24083372396555,124.66264600002408,1.0923599908416017
2018/02/01,1756.0,1766.0,1735.0,1763.0,11300,118.91416675664965,119.23370971536112,1.0808039692615594
2018/02/02,1764.0,1775.0,1741.0,1775.0,13400,122.58033030919024,122.55729222354141,1.0899352265236795
2018/02/05,1722.0,1750.0,1711.0,1735.0,27700,123.95973153235447,123.5216926484259,1.0839945949220693
2018/02/06,1595.0,1649.0,1560.0,1603.0,54200,120.92758651645568,120.17611788945501,1.113543995998973
2018/02/07,1643.0,1677.0,1576.0,1576.0,52400,118.48834691155842,117.52367616870785,1.0845566575772196
2018/02/08,1547.0,1597.0,1522.0,1582.0,74500,117.69267929843504,116.80369307962555,1.0857303476797875
2018/02/09,1502.0,1581.0,1502.0,1575.0,34800,123.265310702218,121.45024828865235,1.1054184322216616
2018/02/13,1603.0,1622.0,1582.0,1591.0,25500,124.63619868312648,123.38722072878747,1.1202237630052398
2018/02/14,1580.0,1582.0,1509.0,1523.0,27300,120.12381564331673,119.28754790114147,1.0623384828862563
2018/02/15,1558.0,1586.0,1551.0,1580.0,16200,122.87646013531032,122.98749725695974,1.117332072984801
2018/02/16,1600.0,1629.0,1587.0,1603.0,16900,122.37545632174636,122.85204072822692,1.131616740505644
2018/02/19,1643.0,1672.0,1632.0,1666.0,11900,124.72101464905967,125.05493694495054,1.0989707213299218
2018/02/20,1672.0,1673.0,1640.0,1666.0,10000,127.6185031618635,127.4237311352611,1.1066549269614427
2018/02/21,1662.0,1673.0,1629.0,1667.0,8600,127.64032808537209,127.90486667735736,1.1081823046218382
2018/02/22,1671.0,1685.0,1653.0,1665.0,13500,128.47132137696704,128.47691374123485,1.093291020815819
2018/02/23,1685.0,1695.0,1676.0,1691.0,6400,128.29130947728012,128.24453903756245,1.0509893391253953
2018/02/26,1699.0,1764.0,1698.0,1746.0,17400,130.15749114727504,130.4320658726627,1.1692806828431797
2018/02/27,1750.0,1758.0,1720.0,1757.0,14300,129.33835716180252,129.8904330635713,1.1785085417287997
2018/02/28,1758.0,1762.0,1725.0,1732.0,9900,130.87526220825168,130.80477125210984,1.1750650605354032
2018/03/01,1732.0,1732.0,1686.0,1692.0,12900,128.2655833804836,128.05987120950914,1.1824934985559665
2018/03/02,1655.0,1662.0,1634.0,1650.0,14100,126.06837985191328,125.09080799061827,1.1084504583748327
2018/03/05,1651.0,1651.0,1590.0,1592.0,10400,120.77304136284943,120.31255435971107,1.0330430205494097
2018/03/06,1615.0,1617.0,1600.0,1617.0,11400,122.41797174281675,122.80553417630347,1.0358165741371974
2018/03/07,1621.0,1630.0,1603.0,1615.0,10100,122.84794296959704,123.36816630373465,1.0430175343370203
2018/03/08,1611.0,1626.0,1604.0,1624.0,5900,123.27759874251048,123.9743567364116,1.0596377467153233
2018/03/09,1630.0,1636.0,1625.0,1630.0,7400,123.31692301123664,123.90880321340802,1.0656059177372537
2018/03/12,1652.0,1657.0,1615.0,1650.0,6900,123.28940710167177,124.14398834795779,1.0489750840868526
2018/03/13,1660.0,1674.0,1630.0,1665.0,6800,123.75001317575457,124.68971337402913,1.0534173558609987
2018/03/14,1673.0,1680.0,1651.0,1678.0,5900,126.55124941575637,126.89013718385536,1.0744629046345961
2018/03/15,1685.0,1694.0,1636.0,1694.0,39900,125.78544713228546,126.27701307639354,1.0870627905198111
2018/03/16,1703.0,1743.0,1703.0,1709.0,15500,125.0287348584241,125.17767108937872,1.1267844604006603
2018/03/19,1713.0,1717.0,1679.0,1696.0,7500,122.88934813718207,123.3305380907806,1.0938909917940554
2018/03/20,1685.0,1686.0,1639.0,1648.0,9900,119.96945036637695,120.09700738220228,1.0539571348914052
2018/03/22,1650.0,1713.0,1629.0,1713.0,14000,122.00907359713133,122.29338753716499,1.1000342813893689
2018/03/23,1654.0,1668.0,1651.0,1653.0,10100,124.342902139658,123.41770421983225,1.149807173871499
2018/03/26,1611.0,1628.0,1605.0,1621.0,7800,118.56108326551428,118.27950075389504,1.0577902521401257
2018/03/27,1641.0,1641.0,1621.0,1632.0,6800,114.8533645411336,114.70641419112138,1.0307928726182325
2018/03/28,1597.0,1606.0,1588.0,1604.0,5800,114.86396467470743,114.05682466514877,1.03558999487175
2018/03/29,1609.0,1658.0,1609.0,1653.0,12300,117.45001574642231,116.86670952370393,1.057263447736753
2018/03/30,1650.0,1689.0,1649.0,1680.0,10500,115.05113807962195,115.04337880845483,1.0687421902929626
2018/04/02,1685.0,1693.0,1651.0,1669.0,13800,119.74979930831738,119.78285329779459,1.1231087989804003
2018/04/03,1650.0,1671.0,1647.0,1671.0,3700,125.1026869668771,125.04881113204553,1.1255756996312931
2018/04/04,1675.0,1675.0,1628.0,1648.0,4600,123.03587308837498,122.6493111300502,1.101906920558974
2018/04/05,1669.0,1670.0,1607.0,1648.0,9400,120.81138712101986,120.68498129853691,1.0943501867309928
2018/04/06,1647.0,1657.0,1618.0,1630.0,13100,118.53860680825821,118.68838060437928,1.078456499215544
2018/04/09,1625.0,1648.0,1618.0,1630.0,8000,118.57572839326842,118.8203055404632,1.0748994746640215
2018/04/10,1635.0,1659.0,1635.0,1657.0,4300,118.78179188430738,119.20066033850276,1.0783146248937474
2018/04/11,1665.0,1665.0,1639.0,1660.0,7600,122.9503125334285,123.25035886851197,1.08616184605215
2018/04/12,1658.0,1669.0,1641.0,1658.0,9300,122.86535410093661,123.39734169609207,1.0866598996952663
2018/04/13,1669.0,1689.0,1660.0,1689.0,11400,122.9021207664646,123.16491432184952,1.0878695645879064
2018/04/16,1649.0,1690.0,1649.0,1676.0,12900,121.66404676255537,122.18076078123308,1.0315001552189247
2018/04/17,1676.0,1679.0,1633.0,1671.0,4700,119.58700874250951,120.6588543934608,1.0296168866324835
2018/04/18,1684.0,1710.0,1680.0,1710.0,11100,119.83621612517712,121.15069247213772,1.0361495479541096
2018/04/19,1701.0,1725.0,1682.0,1707.0,9600,120.24754031578458,121.83826995388355,1.0791223580066427
2018/04/20,1707.0,1707.0,1698.0,1703.0,1600,123.13798301535563,124.5840116634598,0.9907831605388162
2018/04/23,1703.0,1703.0,1694.0,1699.0,2600,125.05791587039906,125.64377594937221,0.9746342772701719
2018/04/24,1702.0,1710.0,1700.0,1703.0,2200,125.73067280270094,126.0266952764612,0.9639588682186513
2018/04/25,1698.0,1709.0,1698.0,1709.0,3400,127.59368168523571,127.8015488712882,0.9657053502252855
2018/04/26,1712.0,1712.0,1668.0,1706.0,15300,127.95801820052817,128.63709429502558,0.9816767653425017
2018/04/27,1706.0,1710.0,1700.0,1705.0,5900,126.12697492866339,127.23331090678016,0.9715245443577543
2018/05/01,1700.0,1709.0,1697.0,1707.0,5300,123.92891736486789,125.3443110326458,0.9486388902131143
2018/05/02,1720.0,1725.0,1713.0,1720.0,8600,127.64106722887263,129.06449562476695,0.9533696059642546
2018/05/07,1723.0,1746.0,1717.0,1745.0,10400,129.52870787969658,130.81785040240132,1.0029787388629512
2018/05/08,1736.0,1770.0,1731.0,1760.0,10700,129.2970255784173,130.3462896997075,1.0069670997520972
2018/05/09,1760.0,1790.0,1750.0,1780.0,27900,127.78656386498264,128.6604117742255,1.0241842388996198
2018/05/10,1779.0,1795.0,1771.0,1780.0,12000,127.2665873290117,128.04066054657645,1.0199963195776727
2018/05/11,1780.0,1791.0,1763.0,1780.0,8800,125.31600409007477,126.31230099844029,0.9915806479852196
2018/05/14,1780.0,1835.0,1760.0,1780.0,34100,121.50625825303672,122.33484552263505,0.9847381118647937
2018/05/15,1797.0,1820.0,1780.0,1790.0,22400,122.56043662498502,123.21051805482463,0.9905420975057533
2018/05/16,1794.0,1797.0,1780.0,1785.0,6100,120.22769572770152,120.6474416761304,0.9924413333318391
2018/05/17,1793.0,1800.0,1781.0,1790.0,4700,119.82567478190771,120.34509083625544,0.9895988556472658
2018/05/18,1790.0,1818.0,1790.0,1818.0,13200,120.40501600457635,121.09247300807435,1.001960688264271
2018/05/21,1830.0,1900.0,1818.0,1899.0,51900,126.32768773908822,127.6308546795101,1.068692043255334
2018/05/22,1939.0,1969.0,1919.0,1964.0,43500,128.75644620425675,130.3758247100089,1.1198755023717637
2018/05/23,1958.0,1958.0,1901.0,1955.0,16400,127.13754894264488,128.04969441169257,1.1548709964913582
2018/05/24,1955.0,1980.0,1945.0,1980.0,21100,131.46243036222992,132.33623015102592,1.2270878986757956
2018/05/25,1953.0,2018.0,1953.0,2012.0,37000,133.05427607936005,134.41057838203835,1.2485074871145474
2018/05/28,2000.0,2000.0,1920.0,1960.0,26600,130.69404079278516,132.3953637259392,1.2022080354080535
2018/05/29,1960.0,1978.0,1955.0,1970.0,7600,132.55460612677172,134.43958207329862,1.209518047325248
2018/05/30,1950.0,1980.0,1949.0,1976.0,9300,137.130165461814,138.80728395404475,1.228528152179621
2018/05/31,1976.0,1989.0,1966.0,1988.0,21800,137.32130896402978,139.34242715060483,1.2200999326671478
2018/06/01,1980.0,2030.0,1979.0,2005.0,41000,139.18171005927255,140.96087338134564,1.2380684088318643
2018/06/04,2000.0,2010.0,1993.0,2002.0,28500,137.15083855538893,138.63984330302785,1.2128276485735774
2018/06/05,2002.0,2009.0,1975.0,1988.0,12200,133.70548742760852,135.66411943507103,1.2069572610824721
2018/06/06,2016.0,2100.0,2016.0,2070.0,51600,139.57008541612967,141.97008480776495,1.278618804392479
2018/06/07,2070.0,2090.0,2060.0,2080.0,29700,138.82420268736678,141.47642500442657,1.2840895123177443
2018/06/08,2088.0,2138.0,2080.0,2138.0,29000,143.37689356569294,145.26502078721637,1.302496623501372
2018/06/11,2139.0,2140.0,2125.0,2131.0,17600,138.6307026267481,141.43782031044597,1.301778324183483
2018/06/12,2117.0,2122.0,2101.0,2102.0,11800,133.35102338454217,136.27411231921786,1.2903546436328581
2018/06/13,2085.0,2085.0,1966.0,1986.0,28700,125.13916003233436,127.7941751565723,1.105719697443257
2018/06/14,1995.0,2035.0,1995.0,2013.0,10200,128.7146747458435,131.38217422273465,1.1205986231628404
2018/06/15,2012.0,2012.0,2001.0,2001.0,6400,128.40586690812088,131.2598491862874,1.1108043926790707
2018/06/18,2000.0,2000.0,1923.0,1929.0,8200,123.05664754039651,126.09452822690513,1.0077222137863566
2018/06/19,1912.0,1984.0,1910.0,1962.0,9900,125.99947086403023,128.67678308563407,1.0281463895048917
2018/06/20,1945.0,1996.0,1931.0,1995.0,14200,126.68927231773064,130.4620152887161,1.0265340053860306
2018/06/21,1963.0,1995.0,1953.0,1954.0,4300,119.91893748710424,124.47764629822302,0.9442535823207772
2018/06/22,1935.0,1935.0,1860.0,1913.0,17100,120.11551473729843,124.0620774233376,0.9280154515742468
2018/06/25,1888.0,1919.0,1881.0,1890.0,4600,117.19223995951103,121.1738286167704,0.9333198612172171
2018/06/26,1883.0,1889.0,1875.0,1880.0,3600,116.72630570607151,120.5973900567203,0.9293446566147691
2018/06/27,1914.0,1914.0,1866.0,1866.0,6800,115.04706836677157,118.67815685084722,0.923470831752628
2018/06/28,1884.0,1891.0,1871.0,1873.0,1600,115.60719845180203,119.73951953557224,0.92030054104567
2018/06/29,1873.0,1880.0,1856.0,1860.0,5700,111.52282367622288,115.62979542825475,0.9004285116333022
2018/07/02,1860.0,1874.0,1813.0,1814.0,7100,108.66127528802616,112.5378831248554,0.8837118995579408
2018/07/03,1815.0,1830.0,1753.0,1759.0,15100,106.76201864735837,110.40595541123095,0.8621655045811354
2018/07/04,1759.0,1759.0,1714.0,1732.0,15200,104.33687803429585,107.86138908513439,0.8499041748739593
2018/07/05,1749.0,1767.0,1747.0,1749.0,10300,106.56247212902873,110.68253490232833,0.8624464799664986
2018/07/06,1750.0,1765.0,1747.0,1748.0,17300,105.04952357913177,109.11302481296087,0.7783773337214825
2018/07/09,1750.0,1780.0,1750.0,1756.0,13400,106.17760246803844,110.04001488404138,0.7575103710955181
2018/07/10,1777.0,1830.0,1771.0,1830.0,9300,112.42375354157691,117.15768169602165,0.7915844905814992
2018/07/11,1829.0,1829.0,1780.0,1782.0,7000,107.43425321167265,111.55093654942594,0.7835859339841235
2018/07/12,1800.0,1819.0,1791.0,1819.0,25600,109.56187113320564,114.53715372703827,0.7891291459164482
2018/07/13,1809.0,1810.0,1792.0,1799.0,5700,107.49561562149677,113.43912026215483,0.9626544704581012
2018/07/17,1800.0,1805.0,1797.0,1801.0,8800,106.3647160436493,112.09356715083717,0.9614345623113093
2018/07/18,1822.0,1822.0,1810.0,1815.0,1500,105.78447665190195,111.54270934336645,0.9610205613558561
2018/07/19,1828.0,1830.0,1812.0,1814.0,5700,106.80096700933245,112.6499124629052,0.9302125759752179
2018/07/20,1803.0,1804.0,1802.0,1803.0,1800,104.97161350685657,110.72890342209698,0.9283255628072564
2018/07/23,1800.0,1804.0,1798.0,1798.0,3100,101.17474525499645,105.79654076371277,0.9740211457011712
2018/07/24,1801.0,1815.0,1801.0,1808.0,1700,101.95703880821958,106.46738914948486,0.9715282915589178
2018/07/25,1809.0,1820.0,1803.0,1813.0,2200,101.1601723388028,105.46878760614877,0.9692340161354088
2018/07/26,1801.0,1823.0,1797.0,1821.0,3800,102.9155722322475,106.65702649631477,0.9691524910532725
2018/07/27,1849.0,1850.0,1805.0,1817.0,5800,102.42268275239279,106.40609267593118,0.9687750222236583
2018/07/30,1816.0,1816.0,1805.0,1805.0,2600,102.5233313495423,106.1917376643139,0.964845541084663
2018/07/31,1805.0,1844.0,1803.0,1819.0,2400,106.25521480345024,111.37330958019267,0.9786085173753596
2018/08/01,1815.0,1819.0,1807.0,1807.0,2400,104.80685133475376,109.64331667027223,0.9676990713430607
2018/08/02,1804.0,1810.0,1800.0,1800.0,4600,105.56684053144375,110.64574605622224,1.0034592801998585
2018/08/03,1817.0,1817.0,1751.0,1775.0,11800,103.36999431161551,109.25723018071507,1.0061275464043165
2018/08/06,1601.0,1676.0,1570.0,1646.0,38500,92.4210838915018,98.11375411833171,0.904978883745271
2018/08/07,1646.0,1646.0,1582.0,1591.0,20500,88.06691668828032,93.4819869634407,0.8753732374125894
2018/08/08,1597.0,1650.0,1595.0,1603.0,8800,89.97497638771065,95.71731142627958,0.8841414007831337
2018/08/09,1617.0,1632.0,1596.0,1629.0,10200,90.8762934335929,96.73746903813777,0.8733309339900782
2018/08/10,1604.0,1650.0,1600.0,1621.0,10200,92.40634177028868,98.04039729520564,0.8796209701688299
2018/08/13,1623.0,1627.0,1580.0,1620.0,15400,94.21111641387525,100.11353256636286,0.9034361930523364
2018/08/14,1604.0,1625.0,1589.0,1612.0,7800,92.48867143355788,98.87916449545966,0.8849672443244408
2018/08/15,1612.0,1619.0,1590.0,1590.0,3800,92.09742324643125,98.64333852141445,0.880034852028121
2018/08/16,1582.0,1592.0,1560.0,1563.0,8100,90.46083529176046,97.52232391161655,0.8718285192672534
2018/08/17,1564.0,1587.0,1547.0,1560.0,9800,90.44211840245126,97.34386899261528,0.862262835703301
2018/08/20,1560.0,1578.0,1551.0,1556.0,6500,90.62183065303228,97.78942528735615,0.8461997382374409
2018/08/21,1544.0,1577.0,1532.0,1550.0,10800,90.44645393770224,98.18562339234526,0.8475580590964022
2018/08/22,1541.0,1575.0,1532.0,1560.0,10000,89.78480149100982,97.3304867655146,0.8450672120325388
2018/08/23,1574.0,1600.0,1550.0,1573.0,11700,89.84310640336064,97.5395167887897,0.849385772813899
2018/08/24,1561.0,1596.0,1561.0,1576.0,9400,89.35520803647479,97.0049182799619,0.8419280397916947
2018/08/27,1595.0,1647.0,1595.0,1641.0,7500,92.83176818693025,100.71110453800354,0.8851169409814078
2018/08/28,1638.0,1656.0,1635.0,1650.0,5000,92.37531818403441,100.4248486909942,0.8881067627795711
2018/08/29,1651.0,1656.0,1628.0,1655.0,3600,92.47035281784257,100.0960062281873,0.8858691306911093
2018/08/30,1660.0,1677.0,1652.0,1656.0,3500,89.75400595188859,97.16651933808666,0.8747564175391382
2018/08/31,1650.0,1693.0,1636.0,1664.0,18600,91.04428241576267,98.66579064551595,0.892875214083696
2018/09/03,1656.0,1663.0,1630.0,1641.0,8300,89.91120277092868,97.55248008516291,1.0257759498092742
2018/09/04,1626.0,1648.0,1617.0,1632.0,6600,90.63192964471729,98.23607572075147,1.0221752439354712
2018/09/05,1658.0,1658.0,1630.0,1632.0,6800,90.61347164669017,98.69649442188273,1.029964464461427
2018/09/06,1621.0,1633.0,1605.0,1612.0,3400,86.95423095469333,95.20351576380503,1.1111082932857574
2018/09/07,1605.0,1622.0,1580.0,1580.0,4500,85.59421143043248,93.72109234093031,1.0698168827762775
2018/09/10,1564.0,1633.0,1559.0,1600.0,7000,86.01881030360042,94.06533500038496,1.038866323769917
2018/09/11,1605.0,1638.0,1605.0,1625.0,16000,85.41763894537783,93.77402541516163,1.0511710834066714
2018/09/12,1611.0,1611.0,1578.0,1584.0,6500,82.71428860281681,91.11324117187989,1.0377545676967883
2018/09/13,1585.0,1649.0,1569.0,1592.0,5900,81.76057689727826,89.91039725546645,1.0433193746597516
2018/09/14,1600.0,1626.0,1599.0,1599.0,7500,78.81470361704808,86.68115468855028,1.0329393444281771
2018/09/18,1605.0,1648.0,1590.0,1622.0,5700,78.8912830864895,86.26306706403084,1.0457438329726652
2018/09/19,1611.0,1638.0,1611.0,1620.0,5300,76.11837509676035,82.86873081949358,1.0283882705958365
2018/09/20,1609.0,1630.0,1609.0,1620.0,3500,75.75153439571287,82.27877889784074,1.0252941522849148
2018/09/21,1620.0,1687.0,1620.0,1621.0,19100,76.31926982863732,82.82022770040221,1.0150929665620263
2018/09/25,1611.0,1650.0,1611.0,1641.0,14200,78.64252304050147,85.00022332572958,0.9637267134706327
2018/09/26,1623.0,1635.0,1612.0,1628.0,3800,76.4392372920549,82.82165353964396,0.9595256711565044
2018/09/27,1623.0,1657.0,1623.0,1635.0,4400,77.9869543441551,84.86220992552109,0.9721062034546815
2018/09/28,1635.0,1650.0,1624.0,1624.0,8300,77.47803261941661,84.60450735100089,0.9614519870529254
2018/10/01,1632.0,1638.0,1626.0,1631.0,2300,77.14166059839539,84.40157417023877,0.9536453038769755
2018/10/02,1628.0,1657.0,1624.0,1625.0,8000,75.9175811300368,82.54451344927796,0.9480256116382052
2018/10/03,1626.0,1641.0,1614.0,1614.0,8800,75.32783279217365,82.28048888536499,0.9563828444541569
2018/10/04,1613.0,1631.0,1613.0,1629.0,1800,77.43576182805705,84.06892110216016,0.9640465790456407
2018/10/05,1627.0,1637.0,1605.0,1631.0,4700,79.71307615914843,86.23721519550641,0.9622426414714975
2018/10/09,1609.0,1650.0,1607.0,1625.0,22400,80.14461295656157,86.94384146265402,0.9761197230238403
2018/10/10,1627.0,1640.0,1626.0,1629.0,18000,79.68611947329883,86.2927567722791,0.9745651295624281
2018/10/11,1600.0,1627.0,1552.0,1626.0,8900,83.83753021029372,90.2916683898681,1.0015520572577739
2018/10/12,1609.0,1623.0,1597.0,1613.0,3100,83.1168057736472,89.48843650213011,1.0085168393399677
2018/10/15,1610.0,1618.0,1599.0,1601.0,5700,85.55331866482157,91.98189398419916,1.0415317947014444
2018/10/16,1599.0,1623.0,1568.0,1607.0,12400,85.13692467543996,91.86787369443275,1.0393334353138954
2018/10/17,1609.0,1614.0,1591.0,1597.0,8300,84.48284236432431,90.8956779485089,1.0190683051300093
2018/10/18,1600.0,1608.0,1550.0,1567.0,6700,83.615746603022,89.6476377811107,0.9985694365112989
2018/10/19,1566.0,1630.0,1566.0,1630.0,5800,87.84796896821393,94.30599776659776,1.0716912092122557
2018/10/22,1637.0,1637.0,1618.0,1632.0,1900,88.45989833065673,94.91949325002189,1.0832960082740526
2018/10/23,1635.0,1643.0,1613.0,1641.0,4200,90.87036749319932,97.62854434493615,1.115533307596957
2018/10/24,1640.0,1640.0,1587.0,1587.0,3900,87.75720748016636,94.67903841063452,1.0874111525411552
2018/10/25,1507.0,1641.0,1504.0,1535.0,16900,87.65343410084603,93.9486506152816,1.088425812495237
2018/10/26,1549.0,1573.0,1549.0,1569.0,2600,90.05618761528169,96.19213916084439,1.0924761014703317
2018/10/29,1579.0,1579.0,1501.0,1515.0,11400,86.06645038422319,92.12755835538663,1.0723146915415136
2018/10/30,1505.0,1538.0,1500.0,1536.0,4100,85.49541388082595,91.33289272449899,1.053537237783875
2018/10/31,1564.0,1564.0,1535.0,1535.0,7000,84.95597086187779,90.15690398768464,1.0298969182436852
2018/11/01,1554.0,1557.0,1536.0,1550.0,2700,89.19456916755146,94.3457404307398,1.0484391396272466
2018/11/02,1545.0,1569.0,1540.0,1569.0,2300,88.26259179855752,94.09846326511253,1.0228406692029408
2018/11/05,1561.0,1592.0,1545.0,1574.0,6000,89.93746111570539,95.45545593469248,1.0125846081388277
2018/11/06,1574.0,1576.0,1541.0,1545.0,2000,88.59905712507418,93.48458503594895,0.9905318067623818
2018/11/07,1573.0,1573.0,1550.0,1550.0,500,89.98943140929288,95.40747202503043,0.9929620059024055
2018/11/08,1566.0,1574.0,1566.0,1574.0,700,92.47393801445715,98.06172214956207,0.9774068924970533
2018/11/09,1548.0,1549.0,1539.0,1540.0,14300,93.44300251308036,98.65051186107043,0.9803146324329103
2018/11/12,1540.0,1540.0,1527.0,1535.0,5800,90.79802818324893,96.37455681029685,0.9384878577540847
2018/11/13,1533.0,1560.0,1533.0,1536.0,3900,94.54746130495082,100.03837628519341,0.9578938063376976
2018/11/14,1533.0,1585.0,1522.0,1540.0,17300,99.6034796706601,104.96540631649276,0.9584229239164683
2018/11/15,1511.0,1570.0,1511.0,1537.0,24300,100.42032202663293,105.29659783023821,0.9588638033445435
2018/11/16,1530.0,1530.0,1519.0,1520.0,46000,101.17466012654039,106.02061096378779,0.9823135081158306
2018/11/19,1512.0,1568.0,1512.0,1557.0,48500,103.0115451497679,108.49757988158566,0.9759862813157019
2018/11/20,1572.0,1572.0,1534.0,1550.0,7500,103.59382667000845,108.66726376331644,0.9775337893276083
2018/11/21,1531.0,1534.0,1500.0,1530.0,8100,104.44904201747602,109.68854029953515,0.9775105176494743
2018/11/22,1540.0,1558.0,1517.0,1520.0,15200,103.90413907677096,109.01965758356408,0.9372657878097955
2018/11/26,1508.0,1516.0,1505.0,1511.0,2900,101.7221006869048,107.36278311193507,0.9949191720851032
2018/11/27,1517.0,1517.0,1481.0,1499.0,11200,100.09470579784971,105.3205378521517,0.9778567667495802
2018/11/28,1498.0,1535.0,1487.0,1500.0,5000,98.86286927805172,104.79811616739305,0.9733194169664144
2018/11/29,1501.0,1519.0,1501.0,1516.0,5800,98.62874384776326,104.34322248593722,0.9852973553257968
2018/11/30,1514.0,1523.0,1482.0,1491.0,8700,97.14214790654212,102.51568093563972,0.9713246783136629
2018/12/03,1493.0,1518.0,1493.0,1510.0,3300,96.61934384807344,101.61898602531352,0.9570207906373888
2018/12/04,1506.0,1508.0,1498.0,1498.0,2900,98.70721625517952,104.41414703888796,0.97512126839805
2018/12/05,1500.0,1512.0,1490.0,1496.0,33300,98.28498537918041,104.54068166044482,0.9795675280153018
2018/12/06,1526.0,1550.0,1519.0,1521.0,35900,104.42814327185592,110.68755493868852,1.0309556267359963
2018/12/07,1539.0,1579.0,1522.0,1565.0,29000,108.1253313534759,114.38006315658491,1.0608552589832292
2018/12/10,1563.0,1563.0,1546.0,1554.0,4500,107.96317430292052,113.91356380899427,1.0909189085319402
2018/12/11,1555.0,1559.0,1498.0,1539.0,51000,106.87440816621509,113.88846742450495,1.086779615338268
2018/12/12,1539.0,1545.0,1502.0,1526.0,10000,103.58317192339159,110.82364499701877,1.0582727557253075
2018/12/13,1525.0,1545.0,1525.0,1543.0,2600,101.65401835612506,109.2948864714439,1.0377762379427191
2018/12/14,1528.0,1528.0,1509.0,1510.0,3800,97.8652328457215,104.4792278540772,1.0424287717971321
2018/12/17,1505.0,1535.0,1505.0,1530.0,12900,97.03588509308231,103.91253015229655,1.0135399559118974
2018/12/18,1510.0,1526.0,1500.0,1500.0,7700,97.27531149219661,104.34500883865007,1.0195193510174532
2018/12/19,1500.0,1501.0,1455.0,1497.0,10500,98.18351506346687,105.34797619570453,1.0217834374338788
2018/12/20,1461.0,1498.0,1457.0,1478.0,20700,101.1766883760521,108.39840736423834,1.030971629845838
2018/12/21,1453.0,1515.0,1414.0,1490.0,47100,102.18564801961676,110.58602686731625,1.0793443237277522
2018/12/25,1412.0,1490.0,1404.0,1471.0,46500,104.89059573319864,113.28029433392777,1.1446678406376922
2018/12/26,1441.0,1473.0,1437.0,1440.0,15400,100.4734567683363,108.33982064634533,1.1199809130049667
2018/12/27,1481.0,1481.0,1439.0,1467.0,27800,98.79786713935323,105.46470303457194,1.0971625079683254
2018/12/28,1466.0,1470.0,1442.0,1450.0,4600,97.93587803578092,104.74611219193338,1.0926387759540737
2019/01/04,1444.0,1498.0,1414.0,1447.0,32200,104.10480646830145,109.7602537830623,1.1184919228871002
2019/01/07,1455.0,1487.0,1431.0,1439.0,10200,99.6897347904103,104.62422715913445,0.9979790925963539
2019/01/08,1439.0,1474.0,1439.0,1467.0,9400,100.7991653378079,106.24556357944515,1.01684109425396
2019/01/09,1450.0,1458.0,1441.0,1446.0,3000,98.3603916322431,104.1049578961039,0.9896763447430569
2019/01/10,1440.0,1460.0,1436.0,1440.0,6400,99.83979790422114,105.32751315818362,0.9991365697503518
2019/01/11,1440.0,1449.0,1433.0,1440.0,4200,99.34598455798582,104.88032190115445,1.0227847723438876
2019/01/15,1440.0,1477.0,1439.0,1465.0,27800,100.53439491832093,105.93759879602614,1.0002128628988864
2019/01/16,1469.0,1490.0,1455.0,1475.0,10400,102.14505535545553,107.57051635160786,1.0126319745785672
2019/01/17,1473.0,1518.0,1473.0,1484.0,25600,103.6256801579231,108.20504715978399,1.0184483416062504
2019/01/18,1464.0,1515.0,1464.0,1501.0,10400,103.29786628439122,108.78628452467194,1.0293034737400286
2019/01/21,1514.0,1570.0,1510.0,1553.0,12700,104.76132846950745,110.08047043729987,1.0578291431387605
2019/01/22,1557.0,1557.0,1529.0,1533.0,3200,103.71683017823452,108.86647557744067,1.0490733492079245
2019/01/23,1532.0,1532.0,1507.0,1512.0,2200,100.15627467611854,105.87918587427319,1.0366852751577864
2019/01/24,1507.0,1540.0,1507.0,1533.0,2400,101.12360434635576,106.6954897792044,1.0531619766924707
2019/01/25,1535.0,1574.0,1529.0,1573.0,10400,102.54645116968186,108.17594890598421,1.1191060262016275
2019/01/28,1583.0,1584.0,1570.0,1581.0,4600,102.50374371475648,108.28695535634341,1.0528844696499882
2019/01/29,1575.0,1575.0,1537.0,1537.0,6800,100.5465025000725,106.4513000457008,1.0331254555080236
2019/01/30,1553.0,1553.0,1535.0,1536.0,1800,98.68047202135675,104.01534319895475,1.036076133776774
2019/01/31,1552.0,1558.0,1538.0,1548.0,2200,99.27051373602815,104.7749944800675,1.0266740483976167
2019/02/01,1550.0,1550.0,1521.0,1545.0,3400,97.45187293701306,103.7076938407705,1.0272067915315166
2019/02/04,1547.0,1570.0,1527.0,1553.0,13100,97.21783671179789,103.2315361575675,1.0662905644396024
2019/02/05,1562.0,1562.0,1525.0,1551.0,3100,100.31073791576279,106.56873643115452,1.066999999166964
2019/02/06,1531.0,1571.0,1531.0,1568.0,7000,103.16869370587565,110.04324601150502,1.0843217942164396
2019/02/07,1568.0,1580.0,1544.0,1574.0,5300,104.95815356304678,111.96478715343738,1.0774664389712267
2019/02/08,1596.0,1630.0,1581.0,1627.0,29800,108.63326213604039,116.22401595344299,1.154946420065967
2019/02/12,1626.0,1665.0,1613.0,1665.0,18100,106.5595325735448,114.24584971118787,1.2039174518804188
2019/02/13,1673.0,1679.0,1632.0,1666.0,13100,109.43949357898923,117.19369566809806,1.1913092255878426
2019/02/14,1666.0,1666.0,1650.0,1664.0,3100,106.93692653257168,113.89249204924496,1.1788148532786058
2019/02/15,1663.0,1675.0,1583.0,1675.0,16100,108.58922450513124,115.09648408023993,1.1225634029120506
2019/02/18,1681.0,1683.0,1675.0,1683.0,9900,105.13758130490898,111.94185719432454,1.050612727723746
2019/02/19,1682.0,1699.0,1681.0,1698.0,14000,104.89882888818454,111.8132722301878,1.0537152080337469
2019/02/20,1693.0,1750.0,1693.0,1740.0,20700,107.0058080524946,113.96264506821474,1.082867514339688
2019/02/21,1739.0,1739.0,1729.0,1734.0,7200,105.46490326187063,112.70739397594069,1.0808680792583947
2019/02/22,1731.0,1737.0,1722.0,1736.0,7300,104.9000892531889,112.29312439006837,1.082178005219276
2019/02/25,1742.0,1743.0,1720.0,1730.0,6600,101.96202149190742,108.49395638368269,1.0487075175046008
2019/02/26,1739.0,1739.0,1671.0,1727.0,14800,102.60227920936391,108.81589996327192,1.0438909511284344
2019/02/27,1736.0,1742.0,1725.0,1739.0,3200,102.78765137037628,109.56335187869179,1.0531076909670622
2019/02/28,1743.0,1760.0,1743.0,1753.0,7600,105.2490642944563,112.14670433149998,1.083453687918272
2019/03/01,1761.0,1767.0,1741.0,1750.0,3600,103.99341821585976,112.14045487929563,1.0703732601976899
2019/03/04,1752.0,1760.0,1745.0,1760.0,5800,106.60145458582929,115.11727068424152,1.0800851364415673
2019/03/05,1764.0,1768.0,1755.0,1760.0,5900,107.29792499704334,115.36851668095704,1.0834455431641519
2019/03/06,1757.0,1757.0,1742.0,1750.0,4400,106.63270713542765,114.31024824824152,1.082890855119031
2019/03/07,1744.0,1756.0,1732.0,1732.0,5100,106.21312763050659,113.86098714455677,1.0876142282217833
2019/03/08,1705.0,1733.0,1647.0,1700.0,15700,106.49509541743063,113.78182444133971,1.0695819215249198
2019/03/11,1708.0,1719.0,1705.0,1715.0,1900,107.3783094659076,114.44611661945207,1.021306916149682
2019/03/12,1711.0,1721.0,1710.0,1715.0,7800,105.22753398464499,112.3410745374271,1.0061047622214614
2019/03/13,1720.0,1720.0,1685.0,1699.0,3900,103.56778776598632,110.86359874525007,1.0113530778589064
2019/03/14,1710.0,1716.0,1691.0,1707.0,4400,103.21443139007984,110.62089653301823,1.0159506383609862
2019/03/15,1693.0,1700.0,1681.0,1695.0,5700,100.22417598183107,107.47356889047539,1.0085455812865722
2019/03/18,1688.0,1688.0,1667.0,1667.0,4000,97.81832738770873,104.76427393369245,0.9922004565880544
2019/03/19,1667.0,1669.0,1650.0,1662.0,3600,99.98031448210331,107.49210569267393,0.9930786770741302
2019/03/20,1656.0,1710.0,1655.0,1682.0,10900,98.11337996688312,105.06318705656479,1.0131594483906792
2019/03/22,1682.0,1682.0,1671.0,1671.0,1200,96.370491710938,104.07888258367224,0.9844985503155471
2019/03/25,1634.0,1709.0,1634.0,1683.0,7300,102.78041965892648,110.0059362570074,1.0222821362375638
2019/03/26,1684.0,1719.0,1677.0,1716.0,4300,104.60204896401429,111.59324147845197,1.0039647400428007
2019/03/27,1704.0,1714.0,1700.0,1708.0,1800,104.75335103997303,112.44281792520849,1.0077557745316983
2019/03/28,1707.0,1713.0,1693.0,1699.0,3000,103.39520334533627,110.64972914360479,1.0234723573445041
2019/03/29,1692.0,1692.0,1644.0,1660.0,4200,99.96737529321751,106.54845675798896,0.9783110140880785
2019/04/01,1658.0,1700.0,1620.0,1699.0,8300,101.22742030355705,107.65467715544996,1.0055267436298316
2019/04/02,1704.0,1705.0,1685.0,1685.0,6000,99.83897659839522,106.60082308047353,1.0060158788590052
2019/04/03,1694.0,1710.0,1685.0,1702.0,10700,101.40429484108545,108.64886791256656,1.0040203313023373
2019/04/04,1708.0,1728.0,1701.0,1728.0,14000,104.4705214220944,111.62179760123654,1.011663523789158
2019/04/05,1735.0,1735.0,1711.0,1711.0,4200,103.8141932652486,111.00954066504487,1.0013832928210102
2019/04/08,1711.0,1722.0,1695.0,1695.0,3000,103.58925215136519,110.77458957761819,1.004329788936008
2019/04/09,1695.0,1722.0,1690.0,1719.0,2300,103.70235132238521,110.99508459450543,1.0198469093382088
2019/04/10,1710.0,1710.0,1695.0,1710.0,4100,103.00981577749131,110.54992146784035,1.0245204594402246
2019/04/11,1710.0,1720.0,1698.0,1720.0,10000,103.49528349772257,110.97173469258772,1.0464803961946356
2019/04/12,1718.0,1719.0,1706.0,1706.0,2000,100.58245326323836,108.8056701468541,1.0406846467228903
2019/04/15,1707.0,1711.0,1702.0,1704.0,5800,100.14079977626187,108.43378167688458,1.0489353453242856
2019/04/16,1703.0,1703.0,1689.0,1689.0,600,99.37570857706076,107.51050331003825,1.0457548867115696
2019/04/17,1680.0,1699.0,1680.0,1684.0,1200,97.95009013795438,105.665540167866,1.0413776410333295
2019/04/18,1684.0,1701.0,1684.0,1700.0,6900,100.04553737989173,107.9278828161148,1.0553251555630545
2019/04/19,1687.0,1711.0,1685.0,1685.0,1400,98.77225782993325,107.1549965654633,1.0196704153084912
2019/04/22,1657.0,1700.0,1657.0,1675.0,3100,98.0111770644628,106.63765533081965,0.9845903890624917
2019/04/23,1662.0,1695.0,1662.0,1690.0,2400,99.31858150754319,108.21151703452743,0.9920314467133781
2019/04/24,1672.0,1694.0,1659.0,1659.0,2400,97.14130248446219,106.44903965198198,0.9897221348157368
2019/04/25,1656.0,1699.0,1656.0,1680.0,2400,98.52907315412985,107.70497426942333,1.0168725502839409
2019/04/26,1694.0,1730.0,1680.0,1702.0,6600,100.76198009009991,109.6526369553017,1.0218614222722737
2019/05/07,1715.0,1730.0,1700.0,1701.0,2900,99.22648767573943,107.52047576916797,1.0411947548335765
2019/05/08,1699.0,1729.0,1686.0,1700.0,3500,99.07024725203169,107.68913979160818,1.0576110194350863
2019/05/09,1700.0,1709.0,1660.0,1699.0,3800,100.33315338869674,109.41622246395437,1.050332567873013
2019/05/10,1688.0,1700.0,1648.0,1694.0,4000,101.47104317450709,110.25010736166725,1.0461156790137542
2019/05/13,1697.0,1700.0,1656.0,1696.0,1600,102.81019808062659,111.65090835282743,1.06517209260689
2019/05/14,1656.0,1843.0,1655.0,1843.0,28800,111.51744843510673,121.08291804577233,1.1622720967125089
2019/05/15,1810.0,1812.0,1762.0,1812.0,31200,108.83633416516531,118.35522357762851,1.1470488384777504
2019/05/16,1800.0,1819.0,1736.0,1817.0,29900,110.06447985939441,119.38779808041863,1.1515449939078326
2019/05/17,1818.0,1818.0,1780.0,1800.0,10000,106.83873213089106,115.63630225013826,1.1386361689532043
2019/05/20,1802.0,1836.0,1777.0,1800.0,22000,102.35410134668028,110.56480801560274,1.1292770215717887
2019/05/21,1792.0,1830.0,1770.0,1780.0,8500,97.82262715437959,105.78842699520872,1.126977408656091
2019/05/22,1790.0,1807.0,1790.0,1798.0,9200,98.04648980368691,106.90485741962155,1.1303227983943076
2019/05/23,1790.0,1802.0,1789.0,1799.0,21700,96.38227535229535,104.72227860922392,1.1321248629912903
2019/05/24,1772.0,1798.0,1772.0,1798.0,3900,95.00721644480123,102.72829449036225,1.1226724211157424
2019/05/27,1800.0,1810.0,1790.0,1810.0,13300,98.00788392333388,105.68381858237802,1.0995940359535419
2019/05/28,1815.0,1815.0,1795.0,1802.0,2100,96.19749093247249,103.90788225224938,1.0975993391857917
2019/05/29,1803.0,1803.0,1761.0,1796.0,5400,95.28368243986407,102.7056909335969,1.1067565607714185
2019/05/30,1790.0,1790.0,1755.0,1774.0,9800,94.60120460098904,101.78619925140997,1.1057943591690478
2019/05/31,1780.0,1804.0,1766.0,1770.0,14200,95.0076814377279,102.10774872008754,1.1196530431494123
2019/06/03,1780.0,1800.0,1780.0,1786.0,6400,98.23664367505688,105.62089415627882,1.131776045070369
2019/06/04,1789.0,1790.0,1766.0,1777.0,5300,98.71977554139416,105.83563283925442,1.1300352017211752
2019/06/05,1797.0,1810.0,1773.0,1806.0,15000,95.01364381271699,101.35959358760431,1.1133697355875938
2019/06/06,1818.0,1819.0,1797.0,1810.0,11400,95.60309544249232,102.09013911539826,1.1206787308597286
2019/06/07,1804.0,1871.0,1804.0,1830.0,14200,93.01126662592638,99.50508597051983,1.1068059840209556
2019/06/10,1837.0,1864.0,1829.0,1857.0,13400,94.02642290240438,100.26732842372934,1.0623017907579897
2019/06/11,1864.0,1880.0,1850.0,1858.0,12000,95.37052365585551,101.49806515421848,1.0564617453803695
2019/06/12,1855.0,1867.0,1855.0,1856.0,2500,101.57750284213283,108.25500939695448,1.0612532874005423
2019/06/13,1854.0,1854.0,1821.0,1821.0,3200,97.80239967880881,104.68650785786002,0.9952337456321859
2019/06/14,1830.0,1847.0,1827.0,1840.0,5400,99.50851402965066,106.36087261823918,1.0076438532842822
2019/06/17,1850.0,1860.0,1845.0,1856.0,11900,103.30443212749847,110.6935580804,1.0239662113172516
2019/06/18,1859.0,1860.0,1825.0,1825.0,4400,98.80862842618437,106.11497631004853,1.0281822295206633
2019/06/19,1831.0,1845.0,1810.0,1810.0,7300,95.92176060542782,102.24683082129064,1.0059153419644171
2019/06/20,1810.0,1814.0,1790.0,1795.0,8800,97.12811928152426,103.09497603808038,1.0080918430213073
2019/06/21,1801.0,1819.0,1790.0,1800.0,5000,99.66193304458822,106.20115931837579,1.0149293979874665
2019/06/24,1813.0,1833.0,1802.0,1819.0,5400,101.00066750067522,107.46931470586615,1.0205042415373191
2019/06/25,1827.0,1837.0,1810.0,1818.0,2300,101.94103543299731,108.45431595129207,1.0236080077485556
2019/06/26,1788.0,1820.0,1788.0,1800.0,4300,101.88476424134274,108.85520831207134,1.0185354884512385
2019/06/27,1800.0,1827.0,1800.0,1815.0,4000,101.13686878550052,107.74180207959816,1.0161425961338801
2019/06/28,1815.0,1860.0,1815.0,1834.0,6100,103.36909767888656,110.02841545191684,1.024211472086734
2019/07/01,1839.0,1849.0,1830.0,1831.0,2300,101.31786510700411,107.97094379634311,0.9875664738961215
2019/07/02,1812.0,1829.0,1801.0,1806.0,6300,102.81955535125415,109.32113634484037,0.968749621776793
2019/07/03,1809.0,1814.0,1807.0,1808.0,800,104.76852795712264,111.90281053849091,0.9735818652736571
2019/07/04,1807.0,1839.0,1807.0,1839.0,3100,104.39261232716383,110.86149400220167,1.0088370102305433
2019/07/05,1848.0,1878.0,1848.0,1865.0,7100,106.89824920343467,113.32309377070273,1.0395890076662928
2019/07/08,1874.0,1915.0,1874.0,1890.0,15900,110.21914910295385,116.72683375339315,1.049178682888807
2019/07/09,1904.0,1949.0,1904.0,1930.0,16800,108.5540087073042,114.92279433029738,1.0757504894084824
2019/07/10,1922.0,1940.0,1900.0,1912.0,6800,109.2819315464859,116.21026313047483,1.0598442109624062
2019/07/11,1911.0,1911.0,1890.0,1891.0,5100,106.57322536757185,112.58831234717171,1.048723317220884
2019/07/12,1880.0,1896.0,1880.0,1894.0,7300,109.70561914234487,115.55024110477285,1.0450578306264828
2019/07/16,1898.0,1935.0,1895.0,1935.0,8000,113.23812892258344,119.51548032369843,1.085009167935873
2019/07/17,1935.0,1935.0,1913.0,1918.0,3900,112.19685420692377,118.06674459347019,1.0763702387967546
2019/07/18,1911.0,1919.0,1880.0,1899.0,20900,113.2334431474299,119.37741667691822,1.137488255634322
2019/07/19,1895.0,1920.0,1895.0,1902.0,3400,111.53956014775115,117.70084974363701,1.1820751259423599
2019/07/22,1905.0,1911.0,1903.0,1910.0,3000,111.09102085401821,118.67397327812728,1.1558246245366464
2019/07/23,1915.0,1915.0,1915.0,1915.0,5600,110.27618709158018,117.93842813261494,1.1291663115194743
2019/07/24,1925.0,1925.0,1915.0,1920.0,5200,110.31495497957576,117.89594477930656,1.1239265832749283
2019/07/25,1925.0,1934.0,1921.0,1927.0,4200,109.85954398672253,118.42479679518603,1.124021092736851
2019/07/26,1909.0,1930.0,1909.0,1929.0,15000,111.33344911738318,119.96143629584051,1.1467036959745416
2019/07/29,1940.0,1970.0,1940.0,1965.0,10600,113.5379638551363,122.71581873971465,1.2010624907719556
2019/07/30,1980.0,1990.0,1971.0,1982.0,19100,113.1991368394931,121.25069804220057,1.206909183399781
2019/07/31,1992.0,2000.0,1980.0,1994.0,16500,116.6305325016634,124.77517441981058,1.2245867447374386
2019/08/01,2000.0,2000.0,1984.0,1994.0,7500,115.77406820928627,123.834903924884,1.263130495557528
2019/08/02,1996.0,1998.0,1951.0,1965.0,13800,118.25360090296171,125.80110926537667,1.2520466662810077
2019/08/05,2000.0,2046.0,1999.0,2011.0,47500,132.7120005223164,140.59354321743254,1.1605538591112607
2019/08/06,1961.0,2100.0,1961.0,2100.0,19200,145.31288321415917,153.72253126393326,1.1811324262264493
2019/08/07,2090.0,2129.0,2080.0,2125.0,12900,146.31200411906,154.19762009355392,1.1975935810439167
2019/08/08,2134.0,2179.0,2134.0,2178.0,21000,146.71931467658376,155.24687136715042,1.2030847147129724
2019/08/09,2148.0,2176.0,2077.0,2077.0,13500,138.12401849325974,146.56176753417077,1.0048806013696627
2019/08/13,2018.0,2093.0,1986.0,2027.0,24600,137.42809947750723,144.72403590118734,0.9452880731739169
2019/08/14,2026.0,2097.0,2014.0,2093.0,13700,141.50757644330395,149.06338968335373,1.0205005880398696
2019/08/15,2043.0,2097.0,2016.0,2093.0,15200,145.63207702662618,152.2558350623889,1.0321755581039267
2019/08/16,2100.0,2100.0,2067.0,2088.0,22700,145.98327266340746,152.97205363158844,1.0344552741335244
2019/08/19,2087.0,2095.0,2028.0,2062.0,14700,143.06145073448548,150.06223524924215,1.0033249248116878
2019/08/20,2066.0,2068.0,2051.0,2055.0,3500,142.4710932470455,148.3000530722949,0.9942860346976892
2019/08/21,2055.0,2070.0,2051.0,2070.0,3600,143.9158178954515,150.49023687012794,1.0048184256939419
2019/08/22,2100.0,2100.0,2056.0,2070.0,12500,142.96905184507202,149.17854470463737,1.0115805664826472
2019/08/23,2070.0,2082.0,2056.0,2056.0,15600,142.3672731775614,148.42859230612643,1.003809441650292
2019/08/26,2053.0,2069.0,2030.0,2056.0,22500,140.9875569153674,146.55941205531832,0.9941238835278777
2019/08/27,2068.0,2092.0,2031.0,2057.0,13800,139.03344433537586,144.91373372983628,0.9862172880941741
2019/08/28,2050.0,2058.0,2048.0,2050.0,6500,138.19444370888766,144.58291950115748,0.9848969162661237
2019/08/29,2036.0,2036.0,2003.0,2005.0,8500,135.32727742497985,141.3034522631226,0.9707902026149543
2019/08/30,2001.0,2027.0,2001.0,2007.0,5100,133.20057056725594,138.44253844792823,0.9473292117640794
2019/09/02,1983.0,1997.0,1953.0,1963.0,12400,131.73042217082957,136.71662772797518,0.8636943693298789
2019/09/03,1951.0,2004.0,1945.0,1986.0,18800,133.91471693966452,138.40086779686342,0.8740163276933478
2019/09/04,1994.0,1996.0,1976.0,1980.0,10900,132.6731279194706,137.27793464728947,0.8776653810866901
2019/09/05,1997.0,2015.0,1980.0,1995.0,13000,131.9880370533547,136.4984983199368,0.8383516687129534
2019/09/06,1999.0,2010.0,1995.0,2010.0,8000,133.8610581921105,139.39874858870348,0.865984634435089
2019/09/09,1998.0,2005.0,1993.0,1998.0,9000,131.05284602470533,135.86418677592158,0.9600260356354923
2019/09/10,2013.0,2017.0,2000.0,2000.0,6800,130.39861947598922,134.2092153252689,0.9562498857042778
2019/09/11,2002.0,2003.0,1994.0,1997.0,3300,131.95054709868336,134.64391301979555,0.9405924852245969
2019/09/12,2008.0,2015.0,2001.0,2003.0,9200,131.95551298943343,134.8811191245553,0.9345081315297175
2019/09/13,2000.0,2002.0,1999.0,1999.0,13700,131.30601924450147,134.23647649981956,0.8689583687317876
2019/09/17,2006.0,2037.0,2006.0,2037.0,10200,133.6867439001747,136.8874604274588,0.8812826906083662
2019/09/18,2040.0,2181.0,2040.0,2128.0,23300,141.59721915487555,145.99642128840088,0.9931772750865727
2019/09/19,2126.0,2135.0,2104.0,2116.0,6600,140.2781677166356,144.51769356803007,0.9963189460729718
2019/09/20,2130.0,2130.0,2103.0,2107.0,5900,140.5243212900757,145.08406157018848,0.9847886711739922
2019/09/24,2107.0,2124.0,2101.0,2109.0,5500,139.228256232113,144.31742569159655,0.970171146628675
2019/09/25,2110.0,2110.0,2096.0,2100.0,3500,140.78840320146588,145.0434561608086,0.9706212544140287
2019/09/26,2100.0,2105.0,2080.0,2090.0,5300,137.96599807099685,141.75448587194128,0.9745497818889882
2019/09/27,2088.0,2088.0,2050.0,2070.0,2100,140.51958578892192,144.38662005402844,0.9887472224078242
2019/09/30,2070.0,2081.0,1988.0,2041.0,30700,139.4597843781167,143.2773595786205,1.0273497688406779
2019/10/01,2047.0,2054.0,2002.0,2042.0,4800,139.35800789095228,142.98840673736785,1.017494350692107
2019/10/02,2041.0,2041.0,2012.0,2012.0,2700,138.00943906384325,140.78077091441676,1.0144173421533742
2019/10/03,1991.0,2004.0,1985.0,1996.0,3700,137.65103290273814,140.673412001662,1.0199169880995937
2019/10/04,2010.0,2010.0,1985.0,1987.0,8100,135.33276818309835,138.84757499210966,1.0151812831362397
2019/10/07,2002.0,2002.0,1987.0,1987.0,6700,134.25643188698652,136.9221648508863,1.029426115741257
2019/10/08,1998.0,2018.0,1998.0,2004.0,1800,134.07202539157308,136.8967773279357,1.0246591425180038
2019/10/09,2008.0,2079.0,2008.0,2070.0,10700,139.21059186666267,141.7063324760373,1.052788046282223
2019/10/10,2064.0,2064.0,2040.0,2050.0,3200,132.15357272100124,135.67815326823478,1.0591916495843083
2019/10/11,2049.0,2050.0,2001.0,2023.0,21700,130.5723482630648,133.8448554658744,1.0555600720074914
2019/10/15,2027.0,2069.0,2026.0,2057.0,6600,129.9739520426926,133.351858655661,1.0583143685085585
2019/10/16,2070.0,2081.0,2029.0,2035.0,9200,129.51419994494142,133.85901786485755,1.04998470413246
2019/10/17,2026.0,2039.0,2026.0,2029.0,2000,130.6728503189247,135.8992047146167,1.056728182153116
2019/10/18,2041.0,2045.0,2024.0,2029.0,3500,124.69657427800043,129.9166304725205,0.9837905541734975
2019/10/21,2025.0,2069.0,2025.0,2050.0,4300,125.97996443720265,130.75803935414285,1.005512594089458
2019/10/23,2060.0,2071.0,2060.0,2065.0,6400,127.04751110307015,131.22620188699884,1.0007030957564347
2019/10/24,2070.0,2070.0,2050.0,2066.0,7700,125.82607243976915,131.0866436353199,0.9982714150878887
2019/10/25,2069.0,2089.0,2069.0,2080.0,6800,123.17694587790162,128.35206352038793,0.9996842044045426
2019/10/28,2089.0,2089.0,2073.0,2088.0,8000,127.47053446751065,132.8997846916207,1.004340068448213
2019/10/29,2089.0,2100.0,2080.0,2083.0,12400,126.65835722410938,131.43435895537135,0.9946212952514062
2019/10/30,2098.0,2115.0,2085.0,2099.0,9400,131.21947659351562,135.11906213014362,0.9998786074315943
2019/10/31,2099.0,2118.0,2090.0,2118.0,9300,129.25839673407742,133.77948271688305,1.0289953738628819
2019/11/01,2118.0,2150.0,2118.0,2140.0,15700,132.7688638584978,135.7591361430601,1.0524549070198155
2019/11/05,2140.0,2192.0,2110.0,2172.0,22700,133.90624208688138,137.6939673056179,1.0289899984849165
2019/11/06,2170.0,2172.0,2122.0,2131.0,10900,130.2980059672342,134.07446245284657,1.0093035910662862
2019/11/07,2136.0,2163.0,2111.0,2129.0,4800,130.37076460695903,133.91594682695703,1.011046171654726
2019/11/08,2139.0,2145.0,2127.0,2142.0,6100,132.30269747566123,136.65751046289805,0.9605714931875989
2019/11/11,2148.0,2172.0,2148.0,2161.0,13000,134.37400900125732,138.1314072459118,0.9956717105028631
2019/11/12,2166.0,2250.0,2153.0,2245.0,66200,135.53568267952113,140.07029111429404,1.0424325703638067
2019/11/13,2287.0,2365.0,2287.0,2353.0,67000,143.13853000416853,147.48415834634378,1.1304857153376073
2019/11/14,2344.0,2363.0,2283.0,2322.0,27000,142.33919589387068,146.99891167090834,1.138859463067022
2019/11/15,2288.0,2356.0,2288.0,2356.0,25300,144.20489011866138,148.845385372524,1.1579987960053784
2019/11/18,2355.0,2373.0,2346.0,2373.0,10600,142.02348148705525,146.75293252201627,1.133106913004263
2019/11/19,2385.0,2440.0,2385.0,2440.0,23400,145.86579138940584,150.82654434155427,1.1666355665503882
2019/11/20,2430.0,2440.0,2403.0,2416.0,15400,146.714173264436,150.8847802829586,1.1661234057884649
2019/11/21,2423.0,2485.0,2420.0,2482.0,25900,153.42324729123703,157.44949096865813,1.2276182506565625
2019/11/22,2487.0,2570.0,2487.0,2528.0,36300,157.88978370891078,161.45632342064246,1.2526783609351597
2019/11/25,2554.0,2607.0,2554.0,2606.0,23000,161.50409997862715,165.30229126957622,1.3052990918914757
2019/11/26,2626.0,2664.0,2414.0,2480.0,65900,155.38591535771417,159.473648626163,1.051044940552856
2019/11/27,2466.0,2546.0,2466.0,2528.0,20400,159.4676927028466,162.88725291937948,1.083484214442191
2019/11/28,2540.0,2541.0,2431.0,2460.0,28300,154.32146237230856,157.65298173301414,1.057831552374179
2019/11/29,2520.0,2570.0,2495.0,2512.0,22800,161.6581940604174,165.3139184730201,1.0743760912156497
2019/12/02,2501.0,2514.0,2481.0,2504.0,19800,159.09913577559186,163.36722302181727,1.0653906627050795
2019/12/03,2497.0,2558.0,2485.0,2554.0,18400,160.69481027331852,164.747025943638,1.0820766655330663
2019/12/04,2540.0,2645.0,2529.0,2632.0,35700,166.68930855576582,169.45109578307523,1.1147403709989112
2019/12/05,2660.0,2804.0,2660.0,2760.0,58900,167.45320018542765,170.77075459434948,1.205520572787716
2019/12/06,2755.0,2798.0,2750.0,2790.0,29600,165.48322724746168,168.6074937335175,1.2218196771906669
2019/12/09,2805.0,2949.0,2805.0,2902.0,97800,169.1205087667848,172.40141143176436,1.2657506995489394
2019/12/10,2899.0,2899.0,2775.0,2788.0,64200,163.65109801524963,165.84307953498163,1.1650147300648168
2019/12/11,2797.0,2809.0,2624.0,2700.0,82800,163.40055008930656,165.75560915099504,1.0973866345924197
2019/12/12,2716.0,2764.0,2625.0,2657.0,42300,160.3719679884535,162.52769418694155,1.045659056853606
2019/12/13,2665.0,2671.0,2535.0,2572.0,76300,151.55408162469212,155.86064512121584,0.9324939375874389
2019/12/16,2572.0,2663.0,2565.0,2643.0,52600,155.10829184266467,158.5554677633434,0.9798668607420118
2019/12/17,2660.0,2782.0,2660.0,2776.0,62100,162.37623458482977,165.50395909645889,1.0361607356298712
2019/12/18,2726.0,2733.0,2600.0,2662.0,86300,155.9310350634534,159.1798146069714,0.9922833967230449
2019/12/19,2678.0,2700.0,2629.0,2662.0,37200,153.90299903281186,157.39385133558324,0.9754899033009322
2019/12/20,2664.0,2728.0,2578.0,2728.0,65300,155.02496517104265,157.21731498470166,1.0056502149081967
2019/12/23,2746.0,2746.0,2665.0,2715.0,55200,148.4205717880184,151.07127627051233,0.9756584815308649
2019/12/24,2715.0,2731.0,2673.0,2720.0,62600,148.63481691630284,151.45458268340363,0.9773028230698139
2019/12/25,2707.0,2745.0,2678.0,2684.0,55300,151.4682306588267,154.99419245609914,0.9740536899102948
2019/12/26,2681.0,2738.0,2640.0,2683.0,54500,153.48017822776723,158.637644081689,1.023307245327635
2019/12/27,2695.0,2736.0,2660.0,2695.0,56500,156.05462947248995,160.22263043693675,1.0127167024071773
2019/12/30,2709.0,2717.0,2680.0,2717.0,18500,155.26757853246767,160.4757110295364,1.0346649690267369
2020/01/06,2717.0,2735.0,2692.0,2720.0,26800,163.23171840023295,168.42435115467936,0.9431026087359422
2020/01/07,2720.0,2762.0,2720.0,2762.0,41500,161.34919951977085,165.72447373022038,0.8962269304126715
2020/01/08,2748.0,2759.0,2685.0,2692.0,80500,163.88361912782256,167.97313773491592,0.868978533976144
2020/01/09,2724.0,2757.0,2701.0,2747.0,14800,162.02805250314236,167.9214288353595,0.9665491725724934
2020/01/10,2749.0,2799.0,2726.0,2732.0,30300,161.9536777434577,167.260526406787,1.0215662885832841
2020/01/14,2712.0,2718.0,2648.0,2702.0,85000,157.79922245680206,163.47574173642815,1.0445578579092638
2020/01/15,2710.0,2770.0,2701.0,2757.0,48400,159.76622968498543,166.0443141823363,1.0703404641676662
2020/01/16,2766.0,2767.0,2715.0,2746.0,22400,157.7413752243291,165.1825590789703,0.9666487286681053
2020/01/17,2747.0,2755.0,2703.0,2711.0,16500,155.25639442788204,162.1034927221495,1.0229543754029353
2020/01/20,2720.0,2747.0,2720.0,2746.0,18300,152.11953955334306,158.79510528314512,0.9637637422307203
2020/01/21,2757.0,2873.0,2753.0,2833.0,123300,159.6985359142363,165.78378211381852,1.0433262448834866
2020/01/22,2835.0,2859.0,2824.0,2845.0,47300,161.24531851873414,166.8977042934978,1.0385234602229079
2020/01/23,2836.0,2840.0,2780.0,2803.0,27000,158.09540122186775,164.04723738355253,1.0172568979075143
2020/01/24,2820.0,2820.0,2740.0,2764.0,32400,153.19606110883493,159.02751043787157,1.008234854906507
2020/01/27,2700.0,2754.0,2700.0,2714.0,41000,151.84861644177266,156.83601689222914,0.9862777267543574
2020/01/28,2690.0,2698.0,2652.0,2652.0,50400,153.5838414257877,158.76002037896978,0.9707163114759149
2020/01/29,2678.0,2696.0,2656.0,2696.0,24300,154.32821335235306,160.1168784376014,0.9810984044279667
2020/01/30,2677.0,2686.0,2601.0,2638.0,51900,154.06564276299525,159.4973386680779,0.9513118503769161
2020/01/31,2635.0,2670.0,2622.0,2657.0,50400,154.06322507542123,159.74202214381967,0.9515981191225173
2020/02/03,2590.0,2663.0,2554.0,2659.0,75500,155.65322017394377,161.86826826238308,0.9652098223188558
2020/02/04,2655.0,2705.0,2635.0,2685.0,41400,156.3150403373539,162.69586171990534,0.9663566981453072
2020/02/05,2701.0,2744.0,2701.0,2728.0,31800,155.73451809448883,161.74255456341314,0.9738162279971531
2020/02/06,2758.0,2760.0,2670.0,2696.0,65300,148.8820428261055,154.72182853462974,0.9475396464113225
2020/02/07,2690.0,2690.0,2618.0,2640.0,79000,138.46315996023233,144.20650960808678,0.9249169818035913
2020/02/10,2450.0,2479.0,2360.0,2417.0,215000,127.87127620181602,132.75263353884435,0.7305208224405532
2020/02/12,2412.0,2416.0,2366.0,2385.0,85700,126.85802112939548,132.36458511918022,0.7209772932726873
2020/02/13,2364.0,2380.0,2303.0,2320.0,65100,123.69467899214663,129.39045574233364,0.677013331984746
2020/02/14,2310.0,2314.0,2244.0,2261.0,41300,119.10342505499753,125.03045350391359,0.6118347102872597
2020/02/17,2241.0,2241.0,2180.0,2210.0,53900,118.80108197834855,124.63687815187147,0.63365252336762
2020/02/18,2220.0,2220.0,2165.0,2176.0,22500,117.70175249201725,123.59700545851831,0.6256028795185208
2020/02/19,2172.0,2222.0,2172.0,2194.0,20700,115.48109465631956,121.68817069459851,0.6287897225500685
2020/02/20,2205.0,2270.0,2201.0,2205.0,38400,116.24986136746651,122.53171319704445,0.5705877643878239
2020/02/21,2180.0,2197.0,2100.0,2110.0,79000,111.35102404852843,116.86209250725406,0.5185355786603534
2020/02/25,1994.0,2045.0,1970.0,2005.0,97200,110.1601698382789,116.02123195207265,0.4104804734137931
2020/02/26,2005.0,2031.0,1962.0,2016.0,49700,111.43301940966855,116.957218344356,0.41221490002909555
2020/02/27,2029.0,2031.0,1945.0,1952.0,44300,108.49529338657409,114.16406576465246,0.372932311047722
2020/02/28,1919.0,1919.0,1840.0,1866.0,104800,108.94709036550643,114.02828531149036,0.29206935581685917
2020/03/02,1863.0,2015.0,1801.0,1952.0,59200,113.39268866036005,118.30269110260205,0.5355275311798895
2020/03/03,2082.0,2082.0,1954.0,1963.0,85300,114.93866727109656,119.98999815478346,0.5127421265412638
2020/03/04,1926.0,1961.0,1900.0,1926.0,23400,112.6481727269291,118.31600665557414,0.5028361768870868
2020/03/05,1960.0,1977.0,1940.0,1955.0,33400,113.54679999682433,119.2760058803988,0.5094660605484556
2020/03/06,1930.0,1930.0,1840.0,1849.0,54000,110.2104290129651,116.22876198989256,0.4867724013901496
2020/03/09,1775.0,1822.0,1718.0,1751.0,96400,109.49182650303379,116.24703256105362,0.6913411889860964
2020/03/10,1711.0,1819.0,1652.0,1802.0,95100,113.72834987376248,119.92238283953111,0.6404733308180169
2020/03/11,1802.0,1841.0,1750.0,1752.0,30100,113.07332803273296,118.52650585117483,0.6269030078521509
2020/03/12,1672.0,1715.0,1630.0,1651.0,59400,110.93257813626931,115.68699063528393,0.6325642866313905
2020/03/13,1500.0,1582.0,1459.0,1561.0,74900,113.33241881567947,116.97966292142729,0.5302303430702546
2020/03/16,1601.0,1658.0,1550.0,1600.0,52400,121.84994626926566,125.27484635237272,0.8177750678192045
2020/03/17,1560.0,1717.0,1551.0,1717.0,45300,130.9732541539925,131.14459998899912,0.8728370495046464
2020/03/18,1790.0,1859.0,1775.0,1833.0,117100,140.7871968810356,138.43759832505336,0.9299890841012906
2020/03/19,1815.0,1854.0,1704.0,1739.0,62000,135.97340873613413,131.14797071635826,0.8518933581701804
2020/03/23,1818.0,1818.0,1742.0,1808.0,32300,133.4404208598313,131.1574682445516,1.1119392598440732
2020/03/24,1837.0,1852.0,1806.0,1830.0,54300,126.3072755646967,129.42956450945346,1.0921591323468902
2020/03/25,1870.0,1908.0,1850.0,1888.0,29500,120.89939673363898,124.88301330003392,1.0355490975340025
2020/03/26,1873.0,1900.0,1814.0,1878.0,20900,124.56626313905919,125.03307963405499,1.045368300659185
2020/03/27,1909.0,1920.0,1850.0,1871.0,24700,123.26946844327426,122.91628359700186,0.9835756767325352
2020/03/30,1815.0,1849.0,1785.0,1840.0,60000,122.05449771784717,121.89880201106513,0.9428556029637416
2020/03/31,1830.0,1894.0,1829.0,1865.0,19900,125.82650823465555,127.14239541912072,0.9762118722613978
2020/04/01,1865.0,1869.0,1828.0,1842.0,37600,130.07872766746354,129.9087091470579,1.0138188915523474
2020/04/02,1802.0,1828.0,1775.0,1807.0,29000,127.49604019365248,127.38950317547035,0.9609240835019102
2020/04/03,1807.0,1827.0,1744.0,1764.0,26700,126.16593838623558,126.48640456492733,0.9540035706444032
2020/04/06,1725.0,1750.0,1709.0,1729.0,26900,119.49724580867232,120.07835380954934,0.9617077017999316
2020/04/07,1760.0,1805.0,1732.0,1794.0,16600,120.07187996208467,120.39441901430385,0.9770012554694324
2020/04/08,1754.0,1801.0,1743.0,1796.0,9300,117.69755294067994,118.45307695169952,0.9626526122777762
2020/04/09,1790.0,1817.0,1777.0,1804.0,21700,117.7089524443966,118.91331941794321,0.9551190481174107
2020/04/10,1783.0,1813.0,1774.0,1811.0,7300,119.06884038724708,119.17207375764949,0.9668582630011033
2020/04/13,1801.0,1814.0,1790.0,1810.0,16400,123.65530501097545,122.99492471135358,0.9329562936759014
2020/04/14,1788.0,1815.0,1788.0,1807.0,15200,121.0569793172699,121.38671626987177,0.913647082495421
2020/04/15,1795.0,1815.0,1795.0,1807.0,13600,122.27647747650761,122.01534701485079,0.9141178636511659
2020/04/16,1801.0,1810.0,1787.0,1796.0,3800,120.9814417195687,119.96345946410956,0.8823515456577494
2020/04/17,1796.0,1846.0,1785.0,1809.0,12400,119.78689733910888,120.33778573641081,0.8291798300085473
2020/04/20,1809.0,1854.0,1805.0,1826.0,20200,123.1413866226739,123.18661452200355,0.9297531999787447
2020/04/21,1819.0,1843.0,1783.0,1792.0,20700,122.41842532445388,121.54365115700129,0.8898521073975639
2020/04/22,1779.0,1784.0,1760.0,1782.0,10400,124.60023818593943,123.07691220112898,0.8914853917811537
2020/04/23,1803.0,1822.0,1777.0,1783.0,5200,121.85244200112247,120.59205565562627,0.8927140924159055
2020/04/24,1768.0,1769.0,1755.0,1769.0,5800,120.10671257656674,118.31649743655306,0.9323072255845086
2020/04/27,1770.0,1779.0,1760.0,1763.0,14900,114.85906189866878,114.57265878271244,0.9592384244025631
2020/04/28,1763.0,1787.0,1754.0,1764.0,21700,114.99413859069516,114.48734315518301,0.9582853179671635
2020/04/30,1804.0,1830.0,1800.0,1830.0,14300,116.80067106159795,117.56372847334107,0.9669171941738305
2020/05/01,1830.0,1830.0,1789.0,1803.0,9800,118.44617623184888,118.48119616659231,0.9429887736088528
2020/05/07,1787.0,1817.0,1787.0,1817.0,9800,116.33459493908627,116.23859252280708,1.024170966763532
2020/05/08,1820.0,1849.0,1805.0,1825.0,11700,113.95736979474691,114.46631471748248,1.0242751518125384
2020/05/11,1830.0,1880.0,1830.0,1875.0,16100,114.8950532734664,115.07312448533185,1.0113223150641701
2020/05/12,1876.0,1995.0,1876.0,1967.0,46300,110.40035916856827,110.93883198549153,1.1707073208114194
2020/05/13,1923.0,1948.0,1921.0,1928.0,17900,111.23968229665944,111.41344077447988,1.1615226322296652
2020/05/14,1913.0,1913.0,1864.0,1877.0,50100,109.25810094202733,109.80070871374903,1.1912981916988798
2020/05/15,1870.0,1893.0,1863.0,1870.0,11000,110.17599721366449,111.069361422753,1.1595876650107653
2020/05/18,1870.0,1933.0,1852.0,1909.0,10300,112.20806127053677,113.00557424805527,1.1611828087325935
2020/05/19,1947.0,1987.0,1924.0,1966.0,13900,114.98450588057325,115.22476635708352,1.1845024139158902
2020/05/20,1980.0,2059.0,1980.0,2042.0,30700,117.36577909660811,117.48526454021726,1.216865698810713
2020/05/21,2031.0,2090.0,2031.0,2085.0,12500,119.27461787133072,119.73478648247287,1.2314319955190107
2020/05/22,2093.0,2116.0,2091.0,2099.0,13100,120.91535700922924,121.74998242434457,1.239212533900383
2020/05/25,2146.0,2173.0,2140.0,2170.0,12000,122.43813695754275,123.46495857640862,1.2964655498666762
2020/05/26,2189.0,2221.0,2179.0,2216.0,16800,122.91070535020314,124.2773501400676,1.2994898942238535
2020/05/27,2238.0,2238.0,2123.0,2123.0,17300,115.9121044006763,117.21079589496254,1.2013656190297275
2020/05/28,2112.0,2166.0,2112.0,2166.0,12800,116.67197464353134,118.58578030179947,1.2005648354426315
2020/05/29,2166.0,2190.0,2151.0,2162.0,5100,115.01892291728433,118.13253616482935,1.1969080122607096
2020/06/01,2162.0,2193.0,2123.0,2193.0,11600,113.59686580207455,117.3257886260113,1.1446280235675943
2020/06/02,2207.0,2234.0,2207.0,2209.0,5700,113.63624936814922,117.37430160746463,1.125093004130652
2020/06/03,2235.0,2235.0,2175.0,2190.0,7500,111.40831792037899,116.03000629016178,1.1181240854401469
2020/06/04,2190.0,2207.0,2177.0,2184.0,8200,110.44617378410663,114.72620995825515,1.1181654735641986
2020/06/05,2208.0,2217.0,2179.0,2196.0,11500,109.61313836368775,114.03974002778348,1.11284759516411
2020/06/08,2212.0,2212.0,2128.0,2168.0,32900,106.45348305072993,111.17897171295526,1.1005856181072424
2020/06/09,2160.0,2200.0,2112.0,2183.0,41300,107.89175336356209,112.64991136007161,1.1064510786101502
2020/06/10,2183.0,2209.0,2173.0,2200.0,8100,108.30727984425828,113.39172147220324,1.114054018080039
2020/06/11,2200.0,2206.0,2186.0,2204.0,17100,113.27208769047392,117.42028815887213,1.014447675678834
2020/06/12,2101.0,2155.0,2101.0,2155.0,16900,110.87862603913831,115.33221452962468,1.0547296567914188
2020/06/15,2141.0,2145.0,2111.0,2111.0,12200,111.58947332512771,114.40496542555962,1.082910617114746
2020/06/16,2122.0,2150.0,2122.0,2124.0,7100,108.08856560643494,111.65211282317135,1.062160337990063
2020/06/17,2111.0,2145.0,2111.0,2145.0,7400,112.58761204375314,116.13228233931314,1.0760776828799803
2020/06/18,2145.0,2208.0,2145.0,2208.0,7100,118.09692734464188,121.20646038825618,1.07466247309154
2020/06/19,2208.0,2208.0,2178.0,2198.0,7600,115.48291305319877,119.26432061325916,0.9997815269288783
2020/06/22,2181.0,2210.0,2181.0,2200.0,6300,114.73972943989526,118.5444170145095,0.9355595553426767
2020/06/23,2200.0,2231.0,2189.0,2201.0,9200,113.79074758695783,117.73748285397234,0.9308843247523312
2020/06/24,2181.0,2215.0,2181.0,2200.0,6700,114.36998715243647,118.65260641850332,0.9335586298462933
2020/06/25,2151.0,2184.0,2151.0,2169.0,8100,114.55631384016642,118.84763803891174,0.9409198471763078
2020/06/26,2146.0,2149.0,2123.0,2137.0,16200,110.12297008196484,114.58363921187964,1.0175101666595585
2020/06/29,2100.0,2118.0,2091.0,2110.0,12900,113.84880635359724,117.88788609121008,0.9801882521291039
2020/06/30,2111.0,2118.0,2096.0,2110.0,27400,114.03427261223338,119.16153528524995,0.9748855717232122
2020/07/01,2097.0,2097.0,2073.0,2089.0,52500,113.01634405051367,118.6156768725801,0.983280140065339
2020/07/02,2089.0,2103.0,2084.0,2102.0,16300,112.01217638856183,117.78490646996389,0.990330763516945
2020/07/03,2122.0,2127.0,2100.0,2100.0,4100,109.77321604562329,115.52012905135847,1.0016242625384877
2020/07/06,2100.0,2188.0,2100.0,2153.0,9900,107.99706645831411,114.00562967122887,1.0991899723688796
2020/07/07,2103.0,2176.0,2101.0,2154.0,9000,106.42661136784082,111.83202757644628,1.1012663435923455
2020/07/08,2132.0,2147.0,2117.0,2130.0,6500,106.9077556491622,112.40964907192115,1.104053808971036
2020/07/09,2110.0,2141.0,2104.0,2130.0,7500,108.2103156013343,114.18600422575736,1.085894030439811
2020/07/10,2100.0,2139.0,2100.0,2138.0,9300,109.81946581954196,115.90559351188841,1.0967754760217245
2020/07/13,2138.0,2143.0,2095.0,2100.0,11500,102.57562362917851,108.23184238800441,1.0104004807598372
2020/07/14,2100.0,2125.0,2100.0,2106.0,6800,103.76922450682558,109.0868502833151,1.0198093041459184
2020/07/15,2106.0,2125.0,2099.0,2113.0,4700,103.07867459159768,108.63511862369258,1.008100311107006
2020/07/16,2103.0,2115.0,2100.0,2100.0,3700,102.21130933532253,107.44779089381271,1.042377564320476
2020/07/17,2080.0,2129.0,2075.0,2100.0,4900,104.4293504207422,109.71628275174423,1.0237573928866828
2020/07/20,2114.0,2115.0,2088.0,2115.0,11300,104.39296395025444,109.28231851289947,0.9965130659389216
2020/07/21,2111.0,2136.0,2110.0,2127.0,6300,104.93876860836546,110.09364498641385,0.9992456541630118
2020/07/22,2106.0,2138.0,2106.0,2138.0,17500,106.25406624153916,111.50495522772363,1.011038431176241
2020/07/27,2155.0,2186.0,2118.0,2185.0,15200,105.81598983404791,110.62326644069343,1.0297387919719614
2020/07/28,2187.0,2187.0,2152.0,2180.0,14500,105.38751767935483,110.44273293947565,1.0333439667962447
2020/07/29,2171.0,2180.0,2150.0,2175.0,12700,104.81302785237602,110.21092961785739,1.045311683085076
2020/07/30,2175.0,2175.0,2125.0,2163.0,26600,104.59931128862338,110.4399302215272,1.053121579050499
2020/07/31,2160.0,2163.0,2071.0,2120.0,27800,104.79283171765688,110.58513355810709,1.063267046769573
2020/08/03,2085.0,2148.0,2057.0,2059.0,15700,95.58230966249285,101.25987962543958,0.9839563433423564
2020/08/04,2051.0,2071.0,2028.0,2051.0,35400,89.06391830124144,94.1481145703399,0.9606423805684863
2020/08/05,2080.0,2196.0,2080.0,2196.0,30800,94.16920155050616,99.69996386691383,1.0924707988955495
2020/08/06,2196.0,2196.0,2164.0,2177.0,5000,91.8179904885584,96.65083167788396,1.0882030758794303
2020/08/07,2164.0,2185.0,2160.0,2178.0,5800,97.1371973304002,101.95433452036113,1.0853210764702326
2020/08/11,2186.0,2296.0,2170.0,2295.0,28500,101.8009390997174,106.12606847334985,1.1276124706606805
2020/08/12,2282.0,2344.0,2241.0,2339.0,17700,101.0456298019382,104.37320956886649,1.1292420819786515
2020/08/13,2365.0,2384.0,2325.0,2379.0,12500,99.76081185637527,103.84583393167162,1.1242025673658473
2020/08/14,2300.0,2375.0,2290.0,2333.0,17000,97.96188161885306,102.22928195696339,1.0996046919684772
2020/08/17,2330.0,2338.0,2299.0,2311.0,8600,99.78155453847916,104.0352418867226,1.0967531409781341
2020/08/18,2311.0,2400.0,2311.0,2359.0,12700,102.97148720556287,107.37618704425856,1.12744161179597
2020/08/19,2358.0,2369.0,2338.0,2338.0,3900,100.76768796661213,104.81248546777545,1.1181129102222873
2020/08/20,2302.0,2354.0,2302.0,2340.0,7000,101.91428379126093,105.89414272353575,1.1301881163257366
2020/08/21,2351.0,2375.0,2318.0,2355.0,13800,103.50150976134178,107.27274767660364,1.1194597680252012
2020/08/24,2345.0,2357.0,2233.0,2275.0,54000,97.53621096635156,101.76314765468418,0.9906288380559082
2020/08/25,2300.0,2312.0,2272.0,2294.0,14800,97.92325097074597,102.2210161819033,0.9863469891236254
2020/08/26,2300.0,2330.0,2233.0,2234.0,54500,95.82116254836528,99.97771594602587,0.919908434004393
2020/08/27,2265.0,2284.0,2242.0,2271.0,8300,99.85603513705017,104.45440989731831,0.9362140905128036
2020/08/28,2256.0,2288.0,2236.0,2264.0,38400,102.06685952976319,106.2675744777571,0.909714839381132
2020/08/31,2264.0,2325.0,2264.0,2300.0,12100,104.40982043242089,108.98777893445038,0.965242860900601
2020/09/01,2309.0,2309.0,2261.0,2283.0,2300,102.470029915007,107.48317264800602,0.9595664216107926
2020/09/02,2267.0,2320.0,2266.0,2309.0,9300,103.58359831096497,108.24097479662957,0.9770247551704097
2020/09/03,2291.0,2303.0,2250.0,2250.0,14600,101.34497425946034,106.0907030824657,0.9645863028310836
2020/09/04,2240.0,2261.0,2223.0,2227.0,3800,101.21889487081195,105.34737237971979,0.8425636984588633
2020/09/07,2227.0,2289.0,2227.0,2260.0,10400,104.4347368813209,108.99330381358546,0.799455982255845
2020/09/08,2237.0,2265.0,2228.0,2265.0,5300,104.09219700156389,108.85523848009446,0.7993472837925785
2020/09/09,2268.0,2313.0,2252.0,2313.0,7700,108.60865731116935,114.2552741532882,0.829643061816781
2020/09/10,2310.0,2319.0,2277.0,2302.0,8700,107.62768909294131,112.82266069526861,0.8169668361915635
2020/09/11,2302.0,2307.0,2281.0,2295.0,2800,107.85121933033852,112.92953551025214,0.7850024924697608
2020/09/14,2295.0,2380.0,2280.0,2378.0,17400,109.02025074274373,114.15817371956594,0.9000602714216783
2020/09/15,2368.0,2388.0,2366.0,2385.0,7300,109.82790302528873,115.21013573312926,0.9115792951852669
2020/09/16,2410.0,2427.0,2386.0,2413.0,10300,106.07588632868877,110.79103119339398,0.9228370295091037
2020/09/17,2430.0,2431.0,2380.0,2426.0,9600,108.38210651871074,113.05900703531134,0.8944713107445196
2020/09/18,2391.0,2412.0,2388.0,2390.0,7900,107.21020323706018,111.35145494981352,0.88530170852304
2020/09/23,2361.0,2379.0,2275.0,2300.0,12800,103.30164038730061,107.91384116365099,0.9502499659651003
2020/09/24,2254.0,2320.0,2254.0,2300.0,5600,105.09269994797774,109.83335900559068,0.95241896796655
2020/09/25,2277.0,2304.0,2222.0,2222.0,27000,101.21030454301052,105.37378459580347,0.9290889193501988
2020/09/28,2272.0,2292.0,2232.0,2267.0,7100,102.77839174569078,106.11861801981084,0.9412677509556909
2020/09/29,2241.0,2279.0,2240.0,2257.0,7300,102.76311989556899,106.85592899511317,0.9375653002885332
2020/09/30,2240.0,2252.0,2211.0,2236.0,17200,104.39137852946108,109.1368246482081,0.9375213754257647
2020/10/02,2286.0,2286.0,2055.0,2098.0,16900,-1.0,-1.0,-1.0
2020/10/05,2112.0,2140.0,2020.0,2088.0,18300,-1.0,-1.0,-1.0
2020/10/06,2088.0,2137.0,2088.0,2120.0,10400,-1.0,-1.0,-1.0
2020/10/07,2101.0,2147.0,2101.0,2142.0,4900,-1.0,-1.0,-1.0
2020/10/08,2142.0,2142.0,2040.0,2063.0,21700,-1.0,-1.0,-1.0
2020/10/09,2055.0,2081.0,2020.0,2020.0,26700,-1.0,-1.0,-1.0
2020/10/12,2037.0,2040.0,2001.0,2010.0,11400,-1.0,-1.0,-1.0
2020/10/13,2010.0,2012.0,1985.0,2012.0,15200,-1.0,-1.0,-1.0
2020/10/14,2012.0,2022.0,1990.0,2022.0,7200,-1.0,-1.0,-1.0
2020/10/15,2017.0,2017.0,2005.0,2015.0,5400,-1.0,-1.0,-1.0
2020/10/16,1994.0,2012.0,1994.0,2001.0,3900,-1.0,-1.0,-1.0
2020/10/19,2000.0,2024.0,1962.0,1970.0,20900,-1.0,-1.0,-1.0
2020/10/20,1998.0,1998.0,1971.0,1996.0,6600,-1.0,-1.0,-1.0
2020/10/21,1999.0,2004.0,1999.0,1999.0,500,-1.0,-1.0,-1.0
2020/10/22,1983.0,2003.0,1983.0,1998.0,1600,-1.0,-1.0,-1.0
2020/10/23,1992.0,2017.0,1988.0,2009.0,4100,-1.0,-1.0,-1.0
2020/10/26,2010.0,2036.0,2008.0,2036.0,2500,-1.0,-1.0,-1.0
2020/10/27,2012.0,2030.0,2006.0,2006.0,3000,-1.0,-1.0,-1.0
2020/10/28,2006.0,2029.0,2006.0,2029.0,3500,-1.0,-1.0,-1.0
2020/10/29,1996.0,2069.0,1996.0,2069.0,3700,-1.0,-1.0,-1.0
2020/10/30,2065.0,2065.0,2001.0,2032.0,10400,-1.0,-1.0,-1.0
2020/11/02,2023.0,2049.0,2017.0,2035.0,8600,-1.0,-1.0,0.9804481475093335
2020/11/04,2050.0,2083.0,2050.0,2075.0,2400,-1.0,-1.0,0.9753188089220947
2020/11/05,2082.0,2088.0,2050.0,2088.0,4200,-1.0,-1.0,0.9414192775734543
2020/11/06,2088.0,2088.0,2067.0,2077.0,4000,-1.0,-1.0,0.9299671733339572
2020/11/09,2089.0,2189.0,2089.0,2170.0,5100,-1.0,-1.0,1.064947412929115
2020/11/10,2170.0,2170.0,2100.0,2126.0,4000,-1.0,-1.0,1.0367411426287476
2020/11/11,2081.0,2143.0,2081.0,2141.0,6400,-1.0,-1.0,1.0266641970684933
2020/11/12,2141.0,2179.0,2121.0,2179.0,9700,-1.0,-1.0,1.0398943594160432
2020/11/13,2129.0,2170.0,2129.0,2156.0,3200,-1.0,-1.0,1.0426734094661023
2020/11/16,2106.0,2159.0,2106.0,2159.0,6900,-1.0,-1.0,1.0356211491565448
2020/11/17,2161.0,2169.0,2139.0,2160.0,2800,-1.0,-1.0,1.0337555630636386
2020/11/18,2160.0,2179.0,2155.0,2179.0,4400,-1.0,-1.0,1.0477626549405286
2020/11/19,2153.0,2155.0,2135.0,2136.0,1500,-1.0,-1.0,1.0249898646919258
2020/11/20,2130.0,2169.0,2124.0,2158.0,4400,-1.0,-1.0,1.0466592443577627
2020/11/24,2171.0,2186.0,2162.0,2178.0,7700,-1.0,-1.0,1.0088453965347695
2020/11/25,2191.0,2197.0,2166.0,2197.0,5600,-1.0,-1.0,1.0101308627042025
2020/11/26,2190.0,2198.0,2151.0,2198.0,3100,-1.0,-1.0,1.0052030803341043
2020/11/27,2197.0,2202.0,2179.0,2202.0,4900,-1.0,-1.0,0.9922167631742127
2020/11/30,2214.0,2224.0,2200.0,2224.0,4900,-1.0,-1.0,1.020304009150204
2020/12/01,2228.0,2232.0,2210.0,2220.0,2800,-1.0,-1.0,1.0142886142094285
2020/12/02,2232.0,2244.0,2214.0,2240.0,2500,-1.0,-1.0,1.0241697842718105
2020/12/03,2250.0,2264.0,2250.0,2264.0,1700,-1.0,-1.0,1.01966782706987
2020/12/04,2264.0,2285.0,2262.0,2285.0,2600,-1.0,-1.0,1.0298194936344434
2020/12/07,2290.0,2309.0,2289.0,2289.0,3400,-1.0,-1.0,0.9943246825004508
2020/12/08,2298.0,2299.0,2285.0,2290.0,3100,-1.0,-1.0,0.9955005068638344
2020/12/09,2290.0,2306.0,2290.0,2290.0,5100,-1.0,-1.0,0.9832387263785699
2020/12/10,2290.0,2300.0,2271.0,2300.0,6700,-1.0,-1.0,1.0424059544153097
2020/12/11,2275.0,2335.0,2275.0,2335.0,6700,-1.0,-1.0,1.0760508782720295
2020/12/14,2330.0,2344.0,2330.0,2339.0,4800,-1.0,-1.0,1.0750869191453902
2020/12/15,2312.0,2340.0,2312.0,2325.0,3100,-1.0,-1.0,1.0742143046777046
2020/12/16,2325.0,2325.0,2304.0,2304.0,3900,-1.0,-1.0,1.0633358422778483
2020/12/17,2299.0,2299.0,2232.0,2268.0,7600,-1.0,-1.0,1.0159875341830291
2020/12/18,2258.0,2258.0,2240.0,2245.0,6600,-1.0,-1.0,0.9908011658678706
2020/12/21,2260.0,2280.0,2260.0,2277.0,6200,-1.0,-1.0,1.0071149177556635
2020/12/22,2275.0,2292.0,2275.0,2276.0,7100,-1.0,-1.0,1.0229512387373443
2020/12/23,2277.0,2363.0,2277.0,2307.0,6500,-1.0,-1.0,1.0525878927902177
2020/12/24,2300.0,2326.0,2292.0,2326.0,4700,-1.0,-1.0,1.0563535470552035
2020/12/25,2340.0,2340.0,2306.0,2339.0,3100,-1.0,-1.0,1.0717634321205
2020/12/28,2346.0,2400.0,2346.0,2400.0,16800,-1.0,-1.0,1.1145491119966728
2020/12/29,2404.0,2426.0,2404.0,2420.0,3200,-1.0,-1.0,1.1050443910788392
2020/12/30,2425.0,2425.0,2402.0,2405.0,4300,-1.0,-1.0,1.109238548260432
2021/01/04,2420.0,2444.0,2420.0,2440.0,5800,-1.0,-1.0,1.092622643537016
2021/01/05,2430.0,2443.0,2424.0,2440.0,5200,-1.0,-1.0,1.0941408228772278
2021/01/06,2430.0,2433.0,2406.0,2420.0,11700,-1.0,-1.0,1.084768536282541
2021/01/07,2437.0,2442.0,2430.0,2441.0,6000,-1.0,-1.0,1.061204897005451
2021/01/08,2441.0,2500.0,2441.0,2500.0,13500,-1.0,-1.0,1.0784844411992651
2021/01/12,2450.0,2480.0,2450.0,2467.0,8200,-1.0,-1.0,1.0461405855632124
2021/01/13,2444.0,2485.0,2408.0,2479.0,5500,-1.0,-1.0,1.0433277610703853
2021/01/14,2499.0,2550.0,2499.0,2540.0,6100,-1.0,-1.0,1.0593501574037243
2021/01/15,2588.0,2592.0,2573.0,2581.0,5600,-1.0,-1.0,1.079905513613411
2021/01/18,2542.0,2556.0,2531.0,2555.0,3800,-1.0,-1.0,1.1209646990659885
2021/01/19,2584.0,2639.0,2569.0,2616.0,10500,-1.0,-1.0,1.1573276783552637
2021/01/20,2639.0,2647.0,2586.0,2623.0,7100,-1.0,-1.0,1.1607713549167844
2021/01/21,2642.0,2642.0,2618.0,2634.0,6900,-1.0,-1.0,1.1349740089835119
2021/01/22,2630.0,2671.0,2630.0,2671.0,8400,-1.0,-1.0,1.126186027955663
2021/01/25,2690.0,2711.0,2675.0,2711.0,8800,-1.0,-1.0,1.0910229395533189
2021/01/26,2710.0,2711.0,2681.0,2704.0,5600,-1.0,-1.0,1.0992335908854685
2021/01/27,2704.0,2720.0,2620.0,2720.0,5200,-1.0,-1.0,1.0898840462029362
2021/01/28,2670.0,2670.0,2556.0,2650.0,9100,-1.0,-1.0,1.0651028607551978
2021/01/29,2651.0,2651.0,2575.0,2593.0,4400,-1.0,-1.0,1.0733633115103003
2021/02/01,2570.0,2675.0,2556.0,2666.0,6000,-1.0,-1.0,1.0791240870310566
2021/02/02,2682.0,2689.0,2638.0,2689.0,7800,-1.0,-1.0,1.076288530208229
2021/02/03,2679.0,2684.0,2601.0,2644.0,3500,-1.0,-1.0,1.0339252295553558
2021/02/04,2647.0,2647.0,2600.0,2617.0,6000,-1.0,-1.0,1.020567025431925
2021/02/05,2634.0,2645.0,2614.0,2630.0,3600,-1.0,-1.0,1.016188359204749
2021/02/08,2597.0,2643.0,2597.0,2626.0,10500,-1.0,-1.0,1.025331575038894
2021/02/09,2626.0,2664.0,2600.0,2645.0,9900,-1.0,-1.0,1.0326174783789936
2021/02/10,2662.0,2745.0,2637.0,2669.0,23700,-1.0,-1.0,1.0411794049728857
2021/02/12,2660.0,2660.0,2581.0,2616.0,10300,-1.0,-1.0,0.9994883609613608
2021/02/15,2620.0,2645.0,2620.0,2637.0,4600,-1.0,-1.0,0.9720648849274486
2021/02/16,2649.0,2649.0,2584.0,2630.0,5300,-1.0,-1.0,0.9644247779625924
2021/02/17,2621.0,2626.0,2616.0,2620.0,3500,-1.0,-1.0,0.9642651426510699
2021/02/18,2591.0,2612.0,2572.0,2585.0,9300,-1.0,-1.0,0.9457595180496975
2021/02/19,2559.0,2585.0,2500.0,2523.0,14300,-1.0,-1.0,0.9101934105056826
2021/02/22,2550.0,2568.0,2501.0,2551.0,11000,-1.0,-1.0,0.8960127157460965
2021/02/24,2544.0,2589.0,2523.0,2560.0,19200,-1.0,-1.0,0.9099471692162886
2021/02/25,2570.0,2581.0,2566.0,2577.0,2700,-1.0,-1.0,0.8987587915249471
2021/02/26,2575.0,2595.0,2557.0,2588.0,8200,-1.0,-1.0,0.9129952066290759
2021/03/01,2567.0,2597.0,2543.0,2571.0,20700,-1.0,-1.0,0.8870095827834672
2021/03/02,2580.0,2589.0,2551.0,2575.0,9400,-1.0,-1.0,0.8869934023180388
2021/03/03,2560.0,2569.0,2535.0,2553.0,6800,-1.0,-1.0,0.8777824397655104
2021/03/04,2569.0,2569.0,2520.0,2544.0,15200,-1.0,-1.0,0.8705702647525951
2021/03/05,2544.0,2544.0,2400.0,2473.0,18200,-1.0,-1.0,0.8906171524213341
2021/03/08,2510.0,2548.0,2466.0,2496.0,9800,-1.0,-1.0,0.9258313570293999
2021/03/09,2500.0,2501.0,2456.0,2476.0,10800,-1.0,-1.0,0.9101537464692392
2021/03/10,2471.0,2476.0,2420.0,2446.0,13700,-1.0,-1.0,0.8853532717859945
2021/03/11,2446.0,2450.0,2341.0,2386.0,26200,-1.0,-1.0,0.8153920982186736
2021/03/12,2380.0,2396.0,2355.0,2389.0,8900,-1.0,-1.0,0.7928196560970246
2021/03/15,2389.0,2436.0,2385.0,2422.0,11700,-1.0,-1.0,0.8380748453837638
2021/03/16,2430.0,2440.0,2421.0,2439.0,10900,-1.0,-1.0,0.837324353213954
2021/03/17,2460.0,2533.0,2460.0,2532.0,4400,-1.0,-1.0,0.8948627378768335
2021/03/18,2561.0,2649.0,2559.0,2610.0,15400,-1.0,-1.0,0.9332900385752423
2021/03/19,2604.0,2689.0,2550.0,2689.0,10100,-1.0,-1.0,0.9924086793203731
2021/03/22,2696.0,2762.0,2696.0,2741.0,20700,-1.0,-1.0,1.0471875022797985
2021/03/23,2758.0,2758.0,2687.0,2735.0,8500,-1.0,-1.0,1.0569956734977464
2021/03/24,2700.0,2725.0,2646.0,2725.0,19500,-1.0,-1.0,1.0816588403575191
2021/03/25,2697.0,2714.0,2667.0,2680.0,2500,-1.0,-1.0,1.033759025199368
2021/03/26,2685.0,2747.0,2685.0,2712.0,5700,-1.0,-1.0,1.0359803200719138
2021/03/29,2739.0,2766.0,2722.0,2758.0,14300,-1.0,-1.0,1.033585172851052
2021/03/30,2744.0,2777.0,2720.0,2757.0,8200,-1.0,-1.0,1.0420738365549913
2021/03/31,2764.0,2776.0,2658.0,2776.0,8600,-1.0,-1.0,1.061149135881602
2021/04/01,2758.0,2794.0,2757.0,2770.0,10500,-1.0,-1.0,1.051342854735821
2021/04/02,2757.0,2790.0,2757.0,2789.0,6800,-1.0,-1.0,1.05561297845824
2021/04/05,2788.0,2788.0,2686.0,2769.0,3900,-1.0,-1.0,1.058443576140593
2021/04/06,2790.0,2790.0,2769.0,2773.0,4400,-1.0,-1.0,1.0782360376650566
2021/04/07,2773.0,2787.0,2763.0,2776.0,3600,-1.0,-1.0,1.0672095475339582
2021/04/08,2776.0,2811.0,2760.0,2790.0,7900,-1.0,-1.0,1.0915435056299523
2021/04/09,2790.0,2831.0,2790.0,2803.0,14500,-1.0,-1.0,1.1080575501711696
2021/04/12,2810.0,2834.0,2803.0,2804.0,10500,-1.0,-1.0,1.1914140127594874
2021/04/13,2800.0,2813.0,2794.0,2806.0,10700,-1.0,-1.0,1.1835680522078917
2021/04/14,2813.0,2834.0,2810.0,2828.0,7400,-1.0,-1.0,1.1967723605953777
2021/04/15,2799.0,2879.0,2795.0,2873.0,10700,-1.0,-1.0,1.219300899274069
2021/04/16,2882.0,2892.0,2860.0,2878.0,13200,-1.0,-1.0,1.1614824890007491
2021/04/19,2864.0,2949.0,2846.0,2949.0,13600,-1.0,-1.0,1.1262085907149644
2021/04/20,2949.0,2968.0,2922.0,2967.0,28700,-1.0,-1.0,1.148020531389943
2021/04/21,2952.0,2952.0,2866.0,2925.0,23300,-1.0,-1.0,1.151680318170273
2021/04/22,2894.0,2949.0,2894.0,2945.0,27500,-1.0,-1.0,1.1286754500002916
2021/04/23,2905.0,2961.0,2888.0,2961.0,29700,-1.0,-1.0,1.116589811983613
2021/04/26,2931.0,2959.0,2925.0,2941.0,2400,-1.0,-1.0,1.1181405145921695
2021/04/27,2940.0,2945.0,2908.0,2930.0,17000,-1.0,-1.0,1.1243102910119094
2021/04/28,2926.0,2929.0,2891.0,2912.0,7100,-1.0,-1.0,1.1173182348017354
2021/04/30,2910.0,2910.0,2875.0,2905.0,13400,-1.0,-1.0,1.0853492879007665
2021/05/06,2900.0,2930.0,2870.0,2874.0,5600,-1.0,-1.0,1.0924331815362214
2021/05/07,2859.0,2914.0,2859.0,2899.0,7100,-1.0,-1.0,1.0731029597416362
2021/05/10,2896.0,2915.0,2868.0,2899.0,10200,-1.0,-1.0,1.0515032655672623
2021/05/11,2904.0,2904.0,2850.0,2850.0,6900,-1.0,-1.0,1.1183450113026356
2021/05/12,2850.0,2850.0,2781.0,2794.0,9700,-1.0,-1.0,1.1634131578332187
2021/05/13,2750.0,2770.0,2730.0,2753.0,3400,-1.0,-1.0,1.1743834547270073
2021/05/14,2758.0,2900.0,2758.0,2823.0,31500,-1.0,-1.0,1.1706070305596896
2021/05/17,2860.0,2955.0,2801.0,2920.0,25800,-1.0,-1.0,1.1104038800637817
2021/05/18,2949.0,3020.0,2911.0,3020.0,39000,-1.0,-1.0,1.1309642786179963
2021/05/19,3000.0,3035.0,2968.0,2983.0,10800,-1.0,-1.0,1.126656686776254
2021/05/20,2958.0,2976.0,2947.0,2976.0,2900,-1.0,-1.0,1.1010041216654434
2021/05/21,2932.0,2977.0,2932.0,2945.0,8300,-1.0,-1.0,1.082103273534746
2021/05/24,2922.0,2944.0,2839.0,2882.0,17400,-1.0,-1.0,1.044814747347936
2021/05/25,2887.0,2941.0,2887.0,2935.0,10200,-1.0,-1.0,1.0783911371284487
2021/05/26,2934.0,2950.0,2925.0,2950.0,5500,-1.0,-1.0,1.0782686406049478
2021/05/27,2960.0,2983.0,2930.0,2948.0,13700,-1.0,-1.0,1.0799007423592153
2021/05/28,2960.0,2960.0,2946.0,2948.0,4200,-1.0,-1.0,1.0642302506194494
2021/05/31,2950.0,2980.0,2921.0,2927.0,11300,-1.0,-1.0,1.0942747822706589
2021/06/01,2927.0,2966.0,2927.0,2961.0,3600,-1.0,-1.0,1.0972168215053992
2021/06/02,2984.0,3050.0,2972.0,3035.0,14100,-1.0,-1.0,1.1075373500268775
2021/06/03,3045.0,3115.0,3035.0,3105.0,19500,-1.0,-1.0,1.1196223621621075
2021/06/04,3120.0,3210.0,3100.0,3155.0,21700,-1.0,-1.0,1.1538389261335815
2021/06/07,3170.0,3290.0,3170.0,3290.0,17000,-1.0,-1.0,1.2485280658938593
2021/06/08,3300.0,3430.0,3300.0,3370.0,32900,-1.0,-1.0,1.3169658729902887
2021/06/09,3310.0,3400.0,3230.0,3390.0,17500,-1.0,-1.0,1.3431709386902855
2021/06/10,3390.0,3460.0,3340.0,3460.0,16400,-1.0,-1.0,1.3755720168453396
2021/06/11,3460.0,3460.0,3340.0,3410.0,25700,-1.0,-1.0,1.2953923652420185
2021/06/14,3400.0,3410.0,3370.0,3385.0,9100,-1.0,-1.0,1.1281206207455803
2021/06/15,3370.0,3375.0,3310.0,3345.0,16200,-1.0,-1.0,1.1107266454428644
2021/06/16,3335.0,3345.0,3290.0,3340.0,13600,-1.0,-1.0,1.1103794095285477
2021/06/17,3340.0,3340.0,3275.0,3320.0,7200,-1.0,-1.0,1.1096844368891736
2021/06/18,3320.0,3320.0,3300.0,3305.0,6900,-1.0,-1.0,1.103497625305491
2021/06/21,3240.0,3260.0,3170.0,3220.0,24500,-1.0,-1.0,1.1816447777105692
2021/06/22,3255.0,3365.0,3250.0,3365.0,19600,-1.0,-1.0,1.1924023697861186
2021/06/23,3365.0,3390.0,3350.0,3360.0,17500,-1.0,-1.0,1.194404027770035
2021/06/24,3360.0,3415.0,3360.0,3405.0,15100,-1.0,-1.0,1.1957961930685517
2021/06/25,3415.0,3565.0,3385.0,3545.0,24400,-1.0,-1.0,1.2774425022615192
2021/06/28,3545.0,3555.0,3470.0,3500.0,23300,-1.0,-1.0,1.3024674218469643
2021/06/29,3445.0,3650.0,3445.0,3550.0,25700,-1.0,-1.0,1.3186174160930195
2021/06/30,3550.0,3565.0,3410.0,3540.0,8600,-1.0,-1.0,1.3086451055769475
2021/07/01,3550.0,3550.0,3375.0,3375.0,14500,-1.0,-1.0,1.1989914803182657
2021/07/02,3395.0,3420.0,3370.0,3395.0,6600,-1.0,-1.0,1.1883062949051697
2021/07/05,3395.0,3465.0,3375.0,3450.0,10900,-1.0,-1.0,1.1193027200079264
2021/07/06,3460.0,3485.0,3425.0,3435.0,7400,-1.0,-1.0,1.1124156175165882
2021/07/07,3395.0,3435.0,3395.0,3405.0,5800,-1.0,-1.0,1.1176843974973347
2021/07/08,3385.0,3385.0,3330.0,3355.0,9800,-1.0,-1.0,1.092672660432672
2021/07/09,3335.0,3335.0,3225.0,3270.0,10900,-1.0,-1.0,1.0828745064116774
2021/07/12,3340.0,3350.0,3275.0,3350.0,11100,-1.0,-1.0,1.078990179585595
2021/07/13,3345.0,3345.0,3245.0,3295.0,6700,-1.0,-1.0,1.047047168943757
2021/07/14,3285.0,3285.0,3210.0,3215.0,8300,-1.0,-1.0,1.0302261247414266
2021/07/15,3210.0,3210.0,3060.0,3160.0,17600,-1.0,-1.0,1.0406172889369487
2021/07/16,3155.0,3245.0,3125.0,3245.0,6400,-1.0,-1.0,1.0764941135217894
2021/07/19,3230.0,3250.0,3185.0,3250.0,9900,-1.0,-1.0,1.0711511585864082
2021/07/20,3240.0,3250.0,3190.0,3225.0,6200,-1.0,-1.0,1.075484166520639
2021/07/21,3225.0,3245.0,3160.0,3235.0,5200,-1.0,-1.0,1.0704795875348485
2021/07/26,3250.0,3330.0,3225.0,3325.0,10100,-1.0,-1.0,0.9955611167513062
2021/07/27,3330.0,3330.0,3270.0,3300.0,10100,-1.0,-1.0,0.9811627014663116
2021/07/28,3270.0,3295.0,3270.0,3270.0,1700,-1.0,-1.0,0.9909270111708223
2021/07/29,3300.0,3325.0,3255.0,3290.0,8300,-1.0,-1.0,0.9516205517833881
2021/07/30,3290.0,3370.0,3290.0,3340.0,5700,-1.0,-1.0,0.9605909924923366
2021/08/02,3325.0,3470.0,3325.0,3445.0,18200,-1.0,-1.0,1.0374867255171882
2021/08/03,3380.0,3500.0,3380.0,3455.0,6800,-1.0,-1.0,1.0468432819615303
2021/08/04,3460.0,3465.0,3405.0,3430.0,10300,-1.0,-1.0,1.044749623334453
2021/08/05,3410.0,3410.0,3340.0,3365.0,6300,-1.0,-1.0,1.0242885616840114
2021/08/06,3350.0,3450.0,3225.0,3420.0,15200,-1.0,-1.0,1.0769723094030612
2021/08/10,3460.0,3475.0,3340.0,3355.0,11700,-1.0,-1.0,1.0476775318805966
2021/08/11,3350.0,3350.0,3270.0,3320.0,10600,-1.0,-1.0,1.0287217357322094
2021/08/12,3320.0,3320.0,3265.0,3290.0,1900,-1.0,-1.0,1.051985944609012
2021/08/13,3245.0,3280.0,3245.0,3270.0,4700,-1.0,-1.0,1.0598581021785418
2021/08/16,3240.0,3240.0,3105.0,3155.0,9600,-1.0,-1.0,1.0159642203147758
2021/08/17,3160.0,3160.0,3005.0,3005.0,7600,-1.0,-1.0,0.9711312942368459
2021/08/18,3010.0,3150.0,3010.0,3085.0,9900,-1.0,-1.0,0.9909543627475823
2021/08/19,3085.0,3110.0,3025.0,3070.0,2400,-1.0,-1.0,0.9960995954074234
2021/08/20,3070.0,3070.0,3000.0,3015.0,7400,-1.0,-1.0,1.0045490737599105
2021/08/23,3015.0,3040.0,3005.0,3020.0,11600,-1.0,-1.0,0.9750676384409575
2021/08/24,3030.0,3065.0,3005.0,3020.0,7500,-1.0,-1.0,0.9654445475848497
2021/08/25,3020.0,3065.0,3010.0,3050.0,3900,-1.0,-1.0,0.9703037816342348
2021/08/26,3025.0,3045.0,3005.0,3030.0,3600,-1.0,-1.0,0.9790110528899696
2021/08/27,2970.0,2985.0,2912.0,2965.0,12100,-1.0,-1.0,0.9548537996238624
2021/08/30,2952.0,3025.0,2950.0,3015.0,3700,-1.0,-1.0,0.9359324697607254
2021/08/31,3005.0,3030.0,2978.0,3025.0,3700,-1.0,-1.0,0.9242655997589883
2021/09/01,3025.0,3135.0,3025.0,3120.0,7500,-1.0,-1.0,0.9438044460662697
2021/09/02,3145.0,3215.0,3145.0,3210.0,3100,-1.0,-1.0,0.9555002545212155
2021/09/03,3240.0,3250.0,3100.0,3215.0,12000,-1.0,-1.0,0.9398718954120796
2021/09/06,3210.0,3240.0,3175.0,3210.0,7500,-1.0,-1.0,0.9060768490107775
2021/09/07,3250.0,3265.0,3235.0,3265.0,1900,-1.0,-1.0,0.9035368954341193
2021/09/08,3275.0,3275.0,3220.0,3245.0,3500,-1.0,-1.0,0.8942507954526667
2021/09/09,3240.0,3270.0,3205.0,3240.0,6400,-1.0,-1.0,0.8994288049284681
2021/09/10,3250.0,3300.0,3250.0,3265.0,6100,-1.0,-1.0,0.910617696532817
2021/09/13,3265.0,3265.0,3210.0,3210.0,1300,-1.0,-1.0,0.9239619400226126
2021/09/14,3210.0,3255.0,3200.0,3225.0,3200,-1.0,-1.0,0.9172235702027741
2021/09/15,3185.0,3210.0,3150.0,3165.0,2600,-1.0,-1.0,0.9140222997088248
2021/09/16,3165.0,3195.0,3150.0,3150.0,1200,-1.0,-1.0,0.9712927706614257
2021/09/17,3170.0,3190.0,3150.0,3155.0,2800,-1.0,-1.0,0.9442560283143735
2021/09/21,3100.0,3150.0,3060.0,3120.0,11700,-1.0,-1.0,0.9631258288369862
2021/09/22,3085.0,3135.0,3085.0,3100.0,5000,-1.0,-1.0,0.9686255051386645
2021/09/24,3110.0,3125.0,3090.0,3105.0,7600,-1.0,-1.0,0.9481958933560447
2021/09/27,3130.0,3130.0,3105.0,3120.0,2200,-1.0,-1.0,0.9698200277505667
2021/09/28,3120.0,3165.0,3120.0,3160.0,1100,-1.0,-1.0,0.9777784494244607
2021/09/29,3115.0,3115.0,3020.0,3030.0,8200,-1.0,-1.0,0.9664342661556569
2021/09/30,3055.0,3060.0,2985.0,3040.0,7800,-1.0,-1.0,0.9768986460478818
2021/10/01,2986.0,2986.0,2899.0,2921.0,10400,111.4453908417987,112.79619913464933,0.9481158897100813
2021/10/04,2968.0,2988.0,2932.0,2965.0,7000,116.37832100148864,117.78219811048716,0.9046191115641274
2021/10/05,2922.0,2961.0,2879.0,2927.0,5700,116.28884680504923,116.65880200424763,0.905716185882689
2021/10/06,2920.0,2977.0,2888.0,2974.0,10600,118.13328851166717,117.71890709446726,0.8872091624121495
2021/10/07,2974.0,2974.0,2924.0,2935.0,3900,121.5481111991525,121.42651730888856,0.8807766645573787
2021/10/08,2949.0,2964.0,2929.0,2958.0,1800,123.31177242136751,122.96309630963027,0.8866843609240361
2021/10/11,2987.0,2987.0,2960.0,2979.0,500,122.52032869947158,121.98819309377204,0.9008833047026313
2021/10/12,2997.0,2997.0,2907.0,2907.0,3800,120.79293974743806,120.17425025973402,0.8559521141720866
2021/10/13,2902.0,2907.0,2880.0,2880.0,3100,119.58770746774012,118.62520787772075,0.8593026811661307
2021/10/14,2880.0,2938.0,2851.0,2863.0,3600,116.98427687813123,116.68613498331194,0.8513103618755461
2021/10/15,2863.0,2935.0,2863.0,2933.0,1100,118.04660773206537,117.15606797649625,0.8858437402090241
2021/10/18,2935.0,2935.0,2915.0,2915.0,700,120.67358422151375,120.0314735241967,0.8955793495267137
2021/10/19,2915.0,2969.0,2915.0,2969.0,1300,119.98890193734908,119.32711552278481,0.920867551328649
2021/10/20,2955.0,2969.0,2954.0,2969.0,1400,120.01255671750648,119.9521281400982,0.9255044974305342
2021/10/21,2950.0,2968.0,2931.0,2964.0,1500,121.3006419399072,120.09794591748893,0.9381196736322376
2021/10/22,2967.0,2978.0,2961.0,2961.0,1800,120.32813906393113,119.6419232973351,0.935410058920778
2021/10/25,2963.0,2970.0,2937.0,2937.0,1600,118.49967609618442,117.03973661571028,0.9495589545240819
2021/10/26,2987.0,2987.0,2950.0,2950.0,1100,118.66257579266485,117.85179291692889,0.9419151064063084
2021/10/27,2988.0,2988.0,2970.0,2983.0,900,118.32152117128028,117.72424200447398,0.9507666627479737
2021/10/28,2984.0,2984.0,2980.0,2980.0,200,116.60342083069912,116.03160067419267,0.9491928559085904
2021/10/29,2933.0,2985.0,2933.0,2963.0,2400,115.96201450641817,115.0786289534056,0.9791589273612701
2021/11/01,2949.0,2964.0,2862.0,2862.0,4000,110.5083142560829,110.59714369018307,0.8959130205606506
2021/11/02,2863.0,2899.0,2769.0,2826.0,13700,109.31641769663956,109.08252164327246,0.8775739469295407
2021/11/04,2826.0,2916.0,2815.0,2916.0,4400,112.98869667265204,112.0972655492487,0.9416340186392318
2021/11/05,2919.0,2924.0,2874.0,2897.0,2500,114.57965750781072,113.31632742899846,0.9345450357084477
2021/11/08,2932.0,2956.0,2911.0,2956.0,2100,114.67472237381517,112.57280941604526,0.9830425086545334
2021/11/09,2956.0,2978.0,2930.0,2978.0,5200,119.1259062473544,118.01245312739921,0.993203838434161
2021/11/10,2996.0,3060.0,2881.0,3020.0,12400,122.84775467753715,121.46406019595481,1.0225907994947079
2021/11/11,3005.0,3020.0,2948.0,3010.0,4800,120.41083860228548,118.38148199528946,1.0211180063967291
2021/11/12,3010.0,3020.0,2975.0,2985.0,2300,118.69971147015923,115.56024256753,1.0040867638878883
2021/11/15,2985.0,2985.0,2926.0,2952.0,4400,118.96018708977121,115.59092669367779,1.0131009645404476
2021/11/16,2971.0,2971.0,2900.0,2928.0,5700,118.3042159876794,114.65738262069509,1.007403957769217
2021/11/17,2900.0,2949.0,2900.0,2938.0,1900,116.84689674097466,113.81787498950307,1.014758992089078
2021/11/18,2938.0,2946.0,2905.0,2911.0,3000,118.02963045237152,115.58714215863324,1.0064229879016193
2021/11/19,2911.0,2929.0,2901.0,2901.0,3400,115.3654291789345,113.57773460283067,1.001340204402821
2021/11/22,2900.0,2915.0,2872.0,2885.0,5200,116.40715776901538,114.27791947768316,0.9864741294698476
2021/11/24,2871.0,2906.0,2871.0,2895.0,3800,118.25386917660694,115.36061744939138,1.0003500696450103
2021/11/25,2881.0,2881.0,2840.0,2841.0,4700,116.27571728226155,113.46538180223307,0.9908506017774386
2021/11/26,2832.0,2843.0,2785.0,2790.0,4900,117.41824003407835,114.03512312068547,0.9987633389054897
2021/11/29,2782.0,2904.0,2624.0,2903.0,4600,121.99142241224862,117.5638023617894,1.1120021443351993
2021/11/30,2900.0,2900.0,2775.0,2775.0,3600,120.35336729236374,114.63038348847432,1.119873275459308
2021/12/01,2753.0,2820.0,2721.0,2746.0,4100,117.61016919054792,112.28647891744423,1.1095445185880835
2021/12/02,2748.0,2769.0,2613.0,2714.0,5500,115.79886527414742,110.4722592820037,1.1112425559576067
2021/12/03,2714.0,2740.0,2700.0,2740.0,8100,114.44368696316485,108.77047218593776,1.056070366730362
2021/12/06,2712.0,2732.0,2688.0,2719.0,5100,112.91614011418143,107.39269119883907,1.0397320944213144
2021/12/07,2725.0,2798.0,2706.0,2792.0,5700,113.40134729775286,107.76519482662745,1.0282416463868052
2021/12/08,2827.0,2899.0,2826.0,2888.0,3900,117.18754730895304,112.07894668887862,1.0566435760736355
2021/12/09,2888.0,2888.0,2846.0,2884.0,2500,116.79529814633058,111.87583255674967,1.0509479208168964
2021/12/10,2879.0,2880.0,2858.0,2858.0,500,114.7144375447918,110.4111260585829,1.0206276993519448
2021/12/13,2843.0,2858.0,2811.0,2835.0,3600,113.13083647838369,109.71024588246128,1.0519862606218309
2021/12/14,2847.0,2847.0,2784.0,2818.0,2500,113.76646679339673,109.42903558659785,1.0501856349684395
2021/12/15,2818.0,2818.0,2700.0,2778.0,5100,113.36083982613552,108.58490231717161,1.0255247513385668
2021/12/16,2778.0,2829.0,2776.0,2823.0,4600,114.79438493485135,110.8371475418486,1.0305397926759514
2021/12/17,2773.0,2789.0,2765.0,2765.0,3500,115.47275300937724,111.29423537241065,1.0337042546728015
2021/12/20,2765.0,2765.0,2723.0,2759.0,4800,115.86227719143605,111.66364037389924,1.066425927915169
2021/12/21,2749.0,2850.0,2699.0,2827.0,13100,115.14441563751494,111.05102503009172,1.086259134564091
2021/12/22,2820.0,2830.0,2780.0,2819.0,7300,113.4769429997246,109.40694119241373,1.0841382213859
2021/12/23,2811.0,2828.0,2792.0,2792.0,3500,111.15626426562646,107.05248433154078,1.0557582892107236
2021/12/24,2842.0,2842.0,2807.0,2827.0,3200,111.93621907204054,108.18765287804193,1.0657100129621275
2021/12/27,2855.0,2855.0,2818.0,2848.0,9200,111.125230473589,107.27577059844602,1.000245911441682
2021/12/28,2876.0,2934.0,2866.0,2917.0,6600,114.31315307277062,109.3649167861394,1.0075339415532023
2021/12/29,2907.0,3000.0,2907.0,2991.0,10600,118.072895505209,112.2770300457028,1.03567707388812
2021/12/30,2974.0,2974.0,2924.0,2973.0,2300,115.35532979663294,109.751142969353,1.081120640633168
2022/01/04,2996.0,2996.0,2949.0,2987.0,3400,113.46426473559738,108.00683112594913,1.0998274952554823
2022/01/05,2990.0,3025.0,2971.0,2971.0,7100,113.24156629864,108.1340357291197,1.0925526448461194
2022/01/06,2921.0,2962.0,2806.0,2824.0,17300,111.63843192208334,105.80076124088156,1.0550789713394584
2022/01/07,2824.0,2854.0,2778.0,2780.0,7500,109.87423998966213,103.35791710093778,1.0124073465195271
2022/01/11,2733.0,2810.0,2733.0,2800.0,5000,113.26436287852384,106.13583564331006,1.0176666939409196
2022/01/12,2798.0,2815.0,2770.0,2815.0,2900,112.33378339047313,104.84004949075583,1.0034504373173467
2022/01/13,2801.0,2838.0,2797.0,2811.0,2100,111.48168079721574,103.36888584785433,1.0119754913287713
2022/01/14,2811.0,2811.0,2736.0,2750.0,7800,108.04391448850525,100.02619417749405,1.0433992115448876
2022/01/17,2750.0,2772.0,2730.0,2740.0,3700,106.89510152866913,99.61778404976594,1.006158509927392
2022/01/18,2724.0,2742.0,2706.0,2711.0,4400,105.01122247239012,97.21260835750671,1.008832921217757
2022/01/19,2701.0,2710.0,2652.0,2652.0,6800,104.99280189695239,97.41155144789734,1.0350197356035922
2022/01/20,2602.0,2628.0,2574.0,2574.0,7000,101.18416112904836,93.79562869345114,0.9677997684131331
2022/01/21,2560.0,2587.0,2560.0,2576.0,3200,100.33009424818134,92.91319480666195,0.9646815969809724
2022/01/24,2576.0,2588.0,2519.0,2564.0,4000,98.80773523550968,91.25152368578817,0.9541650663104292
2022/01/25,2560.0,2560.0,2490.0,2500.0,12800,97.27697959969186,90.08551431793394,0.9490057845602208
2022/01/26,2485.0,2536.0,2471.0,2491.0,2800,97.08658544994863,90.04247262638948,0.9466457765119568
2022/01/27,2519.0,2519.0,2430.0,2444.0,7600,99.37016241729856,92.04671164120732,0.8782651545328393
2022/01/28,2434.0,2470.0,2421.0,2469.0,2300,98.58952073276079,91.7625555615026,0.8153867797336052
2022/01/31,2450.0,2517.0,2433.0,2499.0,4400,97.51658242569924,90.46840412903413,0.8394288787331352
2022/02/01,2508.0,2566.0,2508.0,2539.0,2700,98.89790050073731,91.97957964676738,0.8549035629363961
2022/02/02,2600.0,2688.0,2591.0,2670.0,6500,105.06507614824775,97.56937680471121,0.9194043167067267
2022/02/03,2669.0,2678.0,2642.0,2671.0,4000,106.18713526812648,99.15024958927461,0.9258793859236714
2022/02/04,2671.0,2674.0,2650.0,2664.0,1500,106.23633742220377,99.21451503423154,0.9429233035197039
2022/02/07,2664.0,2690.0,2642.0,2661.0,8800,109.28966026330973,101.22549431428168,1.0358028527807837
2022/02/08,2666.0,2724.0,2640.0,2640.0,16500,107.93722299203701,99.3712727530263,0.9941332377267312
2022/02/09,2709.0,2745.0,2652.0,2740.0,13100,110.04168942591693,101.53482393135566,1.1152015851543178
2022/02/10,2740.0,2740.0,2703.0,2716.0,4800,110.66011162162117,102.30280475757291,1.0970755681043953
2022/02/14,2716.0,2716.0,2661.0,2685.0,4100,113.11750593690122,103.04853797463431,1.1361959251839897
2022/02/15,2685.0,2699.0,2675.0,2675.0,1100,115.35024063402103,104.38726911918788,1.1381457068417593
2022/02/16,2700.0,2739.0,2655.0,2655.0,4200,111.78590501342032,102.1094461036264,1.0808766024615861
2022/02/17,2655.0,2726.0,2655.0,2722.0,900,116.91218841887377,105.88158250076714,1.1376425330788889
2022/02/18,2715.0,2715.0,2665.0,2671.0,4800,117.16945256509352,106.1213023851596,1.1037376541137365
2022/02/21,2671.0,2682.0,2633.0,2633.0,5200,115.66096964931059,104.70915176034539,1.134266802991815
2022/02/22,2601.0,2609.0,2555.0,2555.0,4900,111.96288890814459,100.97141357125963,1.104357610045854
2022/02/24,2548.0,2601.0,2538.0,2563.0,4300,115.53110619710371,103.132323831663,1.1348766903832903
2022/02/25,2564.0,2650.0,2564.0,2631.0,2500,111.22045779945813,101.0248569008187,1.211111158859022
2022/02/28,2669.0,2674.0,2613.0,2613.0,3100,113.6513332447419,102.47115790393066,1.1115086958580263
2022/03/01,2613.0,2705.0,2612.0,2623.0,7200,111.59125939885766,101.7395107306226,1.1115340698249812
2022/03/02,2590.0,2600.0,2572.0,2591.0,3300,113.66285317052834,103.92206360252987,1.122150347311619
2022/03/03,2603.0,2640.0,2603.0,2604.0,1600,111.42011167849168,102.51840870944508,1.0932506917905318
2022/03/04,2611.0,2625.0,2582.0,2582.0,3100,115.97459801670978,107.30734167784055,1.0850206951614734
2022/03/07,2582.0,2582.0,2537.0,2541.0,2200,116.0183258279831,107.45188555932721,1.1136877633494304
2022/03/08,2527.0,2527.0,2455.0,2455.0,6200,116.09777681489565,108.04355729060322,1.1041602284049543
2022/03/09,2431.0,2453.0,2399.0,2407.0,9500,115.60050499069487,107.40472112682637,1.085888665381737
2022/03/10,2483.0,2505.0,2400.0,2485.0,6500,118.42435479501322,109.54950747444201,1.1126479974273056
2022/03/11,2480.0,2512.0,2446.0,2512.0,3300,124.1829460959801,114.00203557903801,1.0552261893426178
2022/03/14,2494.0,2524.0,2470.0,2513.0,1500,122.03874358205051,112.71435011573556,1.0540944926459235
2022/03/15,2513.0,2562.0,2513.0,2513.0,2200,121.62992632014173,111.76972409262483,1.045880583791237
2022/03/16,2540.0,2546.0,2511.0,2519.0,1600,115.52181455504243,106.50713244675617,1.0332673376414745
2022/03/17,2523.0,2532.0,2509.0,2511.0,2700,109.07108915315776,101.75434241689263,1.0007305134744164
2022/03/18,2511.0,2512.0,2486.0,2492.0,4100,102.9149704282945,97.67045032483985,1.0344273825513983
2022/03/22,2524.0,2525.0,2483.0,2493.0,4300,97.08410914240304,92.93070731317582,0.999560009905806
2022/03/23,2490.0,2516.0,2490.0,2500.0,4100,92.93852136272803,89.41928789312601,0.9779053706918183
2022/03/24,2492.0,2500.0,2473.0,2473.0,3100,94.30967828313418,91.06490103681307,0.9867049357469415
2022/03/25,2474.0,2500.0,2474.0,2500.0,4300,95.54557154223326,92.30803631635321,0.9771353956952507
2022/03/28,2522.0,2522.0,2476.0,2478.0,7600,94.47975926043209,90.75695165391124,0.9417786555198128
2022/03/29,2480.0,2500.0,2472.0,2500.0,10200,94.46647119155669,90.04997338721103,0.9412727982537371
2022/03/30,2468.0,2501.0,2459.0,2481.0,1800,93.04525754487135,88.75545362245902,0.9481757367839259
2022/03/31,2467.0,2520.0,2467.0,2508.0,3400,95.64256224577653,91.06437210378947,0.9647701511769894
2022/04/01,2508.0,2520.0,2478.0,2489.0,4200,96.3014557387919,90.49884202211813,0.9485747723416306
2022/04/04,2505.0,2505.0,2474.0,2474.0,5700,96.92524653820041,90.71422335294503,0.9087845087692803
2022/04/05,2472.0,2489.0,2441.0,2446.0,9700,94.26636779722742,88.44394915485158,0.9007435479164597
2022/04/06,2479.0,2479.0,2413.0,2413.0,11100,94.48920936818624,88.93612263815389,0.8891917651758396
2022/04/07,2403.0,2403.0,2321.0,2322.0,19600,91.95557143257656,85.81812170777377,0.8538660451352016
2022/04/08,2331.0,2345.0,2227.0,2244.0,24900,88.31103807989157,82.7025922084858,0.8337045358429179
2022/04/11,2232.0,2244.0,2170.0,2182.0,17900,85.70085802224384,80.49211443214035,0.8447823890744642
2022/04/12,2177.0,2182.0,2156.0,2169.0,12700,87.32716569948127,81.23568661776262,0.8561874473555046
2022/04/13,2186.0,2186.0,2152.0,2167.0,6900,84.55515629950719,79.14505299750194,0.8418008833396573
2022/04/14,2193.0,2193.0,2137.0,2165.0,13400,82.20879472782963,77.37412995828134,0.8405008932487531
2022/04/15,2165.0,2165.0,2130.0,2130.0,7500,81.08525311590368,76.52939512104425,0.8533017408065634
2022/04/18,2170.0,2170.0,2087.0,2122.0,48900,79.70452516293103,74.88372644013094,0.9055848525137821
2022/04/19,2128.0,2130.0,2105.0,2117.0,12800,76.9445919753269,72.50139340236763,0.8969870892238311
2022/04/20,2113.0,2125.0,2110.0,2113.0,25900,75.66498305245864,71.22200983565365,0.8915960702538027
2022/04/21,2121.0,2164.0,2121.0,2130.0,13500,76.61809213363102,72.11965212858146,0.8876213899791775
2022/04/22,2130.0,2150.0,2108.0,2117.0,18600,76.5483280370223,71.86501459547463,0.9180973421052506
2022/04/25,2111.0,2114.0,2108.0,2114.0,3600,78.73415235022895,73.47495472114447,0.9400548105075479
2022/04/26,2120.0,2131.0,2115.0,2120.0,4500,78.56547095587064,73.31941953922785,0.9388746998034186
2022/04/27,2111.0,2115.0,2090.0,2107.0,10000,79.6699824326826,74.23391775816998,0.9474804071877767
2022/04/28,2110.0,2120.0,2080.0,2095.0,12400,77.39456636508831,72.06464936433254,0.897066840328544
2022/05/02,2101.0,2135.0,2101.0,2122.0,10300,80.75250342318485,74.96424714434005,0.9030848008481966
2022/05/06,2136.0,2144.0,2116.0,2134.0,15900,80.0292929935408,74.27012983016496,0.8964408593898353
2022/05/09,2158.0,2158.0,2118.0,2118.0,12500,81.93975795312092,75.93322642100813,0.9896667851805269
2022/05/10,2116.0,2139.0,2116.0,2133.0,18300,81.82515847038941,76.59181545289242,0.9998918489058817
2022/05/11,2133.0,2140.0,2111.0,2124.0,15300,81.62830187308535,77.12062213024711,1.0027530857742113
2022/05/12,2124.0,2134.0,2005.0,2005.0,25600,77.63604162786488,73.62037539825353,0.9327637310521824
2022/05/13,2025.0,2132.0,2010.0,2074.0,56100,78.0738435091448,74.22540024899291,0.9642178121730225
2022/05/16,2140.0,2159.0,2101.0,2142.0,37200,76.88699133894941,73.97033318683314,0.9838609469999058
2022/05/17,2143.0,2145.0,2110.0,2120.0,19400,74.79899635391772,71.74163163643674,0.9743905886202229
2022/05/18,2126.0,2133.0,2066.0,2082.0,32000,72.73464694656808,70.18620481387063,0.9500819360372009
2022/05/19,2041.0,2089.0,2019.0,2051.0,40600,73.3434545538177,70.24592218949547,0.9608486538803672
2022/05/20,2057.0,2091.0,2050.0,2063.0,14500,74.18707538364016,71.07033407000498,0.9649209932154243
2022/05/23,2063.0,2123.0,2063.0,2112.0,38500,76.98188503450719,73.99686698026939,0.9604477241069784
2022/05/24,2123.0,2135.0,2114.0,2126.0,13800,77.32647589949956,74.02733012654006,0.9708558797900617
2022/05/25,2126.0,2160.0,2115.0,2157.0,26500,78.50265373952149,74.83655698222037,0.9798767582276792
2022/05/26,2157.0,2177.0,2128.0,2128.0,9500,77.45947439110435,73.47014994025845,0.9679090166608648
2022/05/27,2150.0,2151.0,2128.0,2128.0,15600,78.56626304263955,74.48473733699961,0.9554852940067152
2022/05/30,2130.0,2150.0,2115.0,2140.0,16200,77.0943992718793,73.13293854075809,0.9622043407258122
2022/05/31,2150.0,2155.0,2124.0,2130.0,45000,75.98164476822868,72.4432655869927,0.9649545355351962
2022/06/01,2130.0,2256.0,2130.0,2241.0,35300,77.84068669697783,73.97909426272162,1.0045747925992587
2022/06/02,2246.0,2310.0,2244.0,2305.0,33000,78.68757860467383,75.4801984628804,1.0422160713824091
2022/06/03,2329.0,2334.0,2276.0,2302.0,15800,76.06471965752277,73.94676917825666,1.03824275537713
2022/06/06,2289.0,2316.0,2281.0,2292.0,10000,72.41912468278943,70.44669805041227,1.013224933586553
2022/06/07,2302.0,2328.0,2290.0,2301.0,7700,70.77027179402042,68.82669779129927,1.0123672572189346
2022/06/08,2311.0,2312.0,2286.0,2310.0,8300,69.65363339952066,67.69745741994419,1.0012605569968687
2022/06/09,2318.0,2348.0,2310.0,2348.0,12900,69.5718981239272,67.43667561878452,0.9998849927993141
2022/06/10,2333.0,2349.0,2328.0,2349.0,7300,71.66944846326066,69.27311637996428,1.0051329203514283
2022/06/13,2328.0,2332.0,2301.0,2311.0,8500,73.77239956048756,70.37949099717851,1.0551770039344561
2022/06/14,2290.0,2295.0,2261.0,2291.0,26000,75.72112652883773,72.02810095990401,1.0643916463813692
2022/06/15,2289.0,2289.0,2265.0,2278.0,10100,75.88467589506712,72.61090175718041,1.0775955238109263
2022/06/16,2309.0,2309.0,2275.0,2275.0,7800,75.23134938510071,72.03723073533126,1.0838330205629307
2022/06/17,2263.0,2288.0,2249.0,2269.0,24900,76.58926417047701,72.79169042312023,1.1314734876719472
2022/06/20,2275.0,2291.0,2264.0,2274.0,10800,76.75861651748362,73.74695295540023,1.1679572276726926
2022/06/21,2275.0,2304.0,2275.0,2302.0,7700,75.28549108780896,72.2183229794276,1.1571489509814608
2022/06/22,2298.0,2326.0,2220.0,2306.0,26000,75.78375920791153,72.20540011540749,1.1448255147755952
2022/06/23,2306.0,2316.0,2287.0,2290.0,9600,74.20263918810497,70.71745371305902,1.1280466852956128
2022/06/24,2313.0,2329.0,2304.0,2311.0,12000,71.52492483747139,68.54051827614515,1.110000694936578
2022/06/27,2345.0,2360.0,2323.0,2345.0,15000,72.42744165050632,69.77773362579616,1.14781985384468
2022/06/28,2307.0,2393.0,2307.0,2393.0,26500,71.80227194266922,68.89630093577233,1.1499254076586383
2022/06/29,2400.0,2409.0,2385.0,2391.0,9000,72.54904960658783,69.32583937272807,1.164755610083741
2022/06/30,2358.0,2376.0,2314.0,2348.0,14900,75.66992680786444,72.11359613748309,1.1623481669651963
2022/07/01,2350.0,2376.0,2325.0,2325.0,7100,76.00231600554638,72.61311495687345,1.1215189508496428
2022/07/04,2330.0,2349.0,2281.0,2285.0,10400,72.4220296908108,69.04026812187159,1.045606141263736
2022/07/05,2300.0,2330.0,2291.0,2330.0,7000,73.52939912535501,70.55216406230106,1.0636435807943765
2022/07/06,2299.0,2330.0,2299.0,2330.0,3000,74.3504610709113,71.44139224426203,1.0769403116564753
2022/07/07,2329.0,2360.0,2321.0,2342.0,4900,74.09494991574928,71.21511949909754,1.0643160691188955
2022/07/08,2342.0,2377.0,2321.0,2321.0,8300,74.78815466622375,71.91686165941779,1.0611178013916673
2022/07/11,2350.0,2364.0,2347.0,2350.0,7300,74.74537554912578,71.56604399269048,1.0033385328779276
2022/07/12,2344.0,2366.0,2343.0,2356.0,5100,77.96810710884945,74.7043692959128,1.0207920643024506
2022/07/13,2360.0,2368.0,2356.0,2361.0,5600,79.34364324928531,76.32612880754638,1.0191090437506378
2022/07/14,2357.0,2377.0,2357.0,2370.0,2500,79.60442533776673,76.84139493854094,1.0134916085873091
2022/07/15,2370.0,2397.0,2370.0,2382.0,12300,76.7334892715667,74.94471250353662,1.0058423034858843
2022/07/19,2382.0,2402.0,2382.0,2402.0,12600,75.65875500730773,73.93653456485016,0.9857565472208984
2022/07/20,2417.0,2420.0,2387.0,2388.0,18200,73.46490928188804,72.2236561579691,0.9602503249847314
2022/07/21,2380.0,2397.0,2367.0,2390.0,19800,71.9580086424384,70.95954888836988,0.9722580413986233
2022/07/22,2399.0,2419.0,2399.0,2419.0,4000,72.53981118574563,71.62301803527976,0.968767676466055
2022/07/25,2419.0,2454.0,2401.0,2445.0,22000,73.88967365026646,72.86820392875242,0.9986861724762504
2022/07/26,2457.0,2465.0,2440.0,2455.0,4100,75.2413325198091,74.19753819945252,1.0050403076355972
2022/07/27,2468.0,2468.0,2420.0,2422.0,11200,73.7089375842312,73.07375087474028,0.9843980916486046
2022/07/28,2440.0,2440.0,2420.0,2425.0,4800,73.62060103306153,72.89807261440832,0.9606951815739454
2022/07/29,2425.0,2459.0,2425.0,2437.0,10600,71.60447445753148,71.48885370098124,0.9592916428401334
2022/08/01,2464.0,2468.0,2437.0,2460.0,6100,70.8662078755211,70.67704110294046,0.9983021904263595
2022/08/02,2460.0,2469.0,2422.0,2436.0,11600,70.62685617570854,70.71340083042669,1.0096157416818137
2022/08/03,2421.0,2469.0,2421.0,2469.0,12300,71.57300832495783,71.63429563313693,1.0352693588467865
2022/08/04,2369.0,2458.0,2331.0,2455.0,92700,72.42386699196169,72.89078173505199,0.984558981415055
2022/08/05,2402.0,2436.0,2382.0,2394.0,24300,69.11597760778993,69.35901847296333,0.9486998736354861
2022/08/08,2385.0,2385.0,2292.0,2293.0,28900,67.4721373246193,67.81584283154751,0.9113339292192382
2022/08/09,2284.0,2326.0,2282.0,2324.0,9100,68.99313730976195,69.24328351656533,0.9252605976223461
2022/08/10,2320.0,2320.0,2301.0,2310.0,6900,70.20653401616096,70.31344367462864,0.9250080277555357
2022/08/12,2302.0,2319.0,2302.0,2304.0,15000,69.05227996256953,69.85917483732085,0.902316268993208
2022/08/15,2311.0,2320.0,2302.0,2320.0,6900,70.09932397326776,71.31207664202154,0.907230947150162
2022/08/16,2309.0,2315.0,2285.0,2301.0,13400,72.7411225709135,74.00974141162614,0.8963346411207478
2022/08/17,2301.0,2326.0,2301.0,2320.0,6800,70.99025751443439,72.09180575154012,0.8871671083761166
2022/08/18,2320.0,2330.0,2316.0,2320.0,2100,71.23311909684143,72.02748560548588,0.8932950875679891
2022/08/19,2316.0,2339.0,2316.0,2320.0,3600,71.84956096667625,72.55664268021405,0.9127742124199819
2022/08/22,2302.0,2320.0,2300.0,2320.0,3200,73.35221279726089,73.83522839537702,0.9033901262538971
2022/08/23,2320.0,2320.0,2300.0,2310.0,1500,74.55272919358991,75.04518833579272,0.9121563585265788
2022/08/24,2310.0,2329.0,2285.0,2314.0,20000,74.29145070016979,74.65321066237948,0.9148966287390222
2022/08/25,2310.0,2313.0,2296.0,2299.0,4000,73.9117971063913,74.29114784897483,0.906693856349802
2022/08/26,2300.0,2300.0,2287.0,2297.0,6300,74.76499503129908,75.48166799354361,0.9159477957931594
2022/08/29,2297.0,2297.0,2258.0,2276.0,11600,75.24641672869873,75.72375319704818,0.9311071165537435
2022/08/30,2283.0,2293.0,2270.0,2285.0,1300,75.2531042920219,75.24246771204807,0.9209997904609774
2022/08/31,2273.0,2285.0,2273.0,2282.0,2800,74.07701835155784,73.79786272106574,0.9243945029161434
2022/09/01,2273.0,2273.0,2238.0,2250.0,11300,72.32852475869895,71.8346673833663,0.9243975514226538
2022/09/02,2250.0,2259.0,2238.0,2257.0,19600,73.95278922655642,73.30389459325391,0.9297264691716355
2022/09/05,2257.0,2271.0,2251.0,2251.0,2900,75.30476485542688,74.21220435215794,0.9993780286170423
2022/09/06,2250.0,2268.0,2231.0,2238.0,5700,74.22606347451074,73.41233973278507,0.9976855733388199
2022/09/07,2238.0,2257.0,2210.0,2240.0,8700,75.95203367580527,74.93747410279698,1.004363429518101
2022/09/08,2237.0,2241.0,2200.0,2236.0,6300,73.78994905739334,72.79536527158638,0.951221123324104
2022/09/09,2236.0,2257.0,2236.0,2257.0,2600,74.43655052808377,73.56270856543303,0.953128859622542
2022/09/12,2257.0,2292.0,2257.0,2272.0,4000,75.50348607669227,74.9782501588686,0.9775557446085987
2022/09/13,2272.0,2279.0,2270.0,2270.0,2500,75.44373754470747,75.07521378147285,0.9752044567176281
2022/09/14,2256.0,2260.0,2256.0,2260.0,600,78.31873977442106,76.86670379040646,0.9960300084239357
2022/09/15,2279.0,2279.0,2229.0,2240.0,4500,77.35447560276955,76.20555467255944,0.9891728731300993
2022/09/16,2225.0,2254.0,2217.0,2246.0,4100,78.76099487667774,77.12329775456377,1.0094621446921244
2022/09/20,2258.0,2258.0,2240.0,2248.0,2100,77.64940583603048,76.3907800967378,0.9993565013788531
2022/09/21,2246.0,2255.0,2245.0,2255.0,1300,78.93739467357436,77.39055719391118,1.0145795299323923
2022/09/22,2250.0,2295.0,2210.0,2210.0,4100,79.28807400089278,77.66226825190185,0.9925148067905186
2022/09/26,2199.0,2214.0,2160.0,2214.0,8300,81.18635421567161,79.46727010303847,1.0035501640296351
2022/09/27,2218.0,2227.0,2170.0,2194.0,6800,78.86851038573089,77.16887878098333,0.990419458787214
2022/09/28,2204.0,2216.0,2187.0,2209.0,9500,82.2918600335091,80.10138594648072,0.9906583605621383
2022/09/29,2180.0,2219.0,2173.0,2173.0,10000,79.67905168221256,77.65216772936206,0.9822874827428626
2022/09/30,2173.0,2224.0,2173.0,2198.0,3200,83.46970651052744,81.4112974531193,0.9943476142848161
2022/10/03,2203.0,2206.0,2180.0,2191.0,2600,80.17869604578463,78.94851671153738,0.96957519045012
2022/10/04,2212.0,2219.0,2180.0,2219.0,5100,78.14232974031525,77.4358645633708,0.9406248026703162
2022/10/05,2239.0,2239.0,2213.0,2214.0,2700,75.56607497576458,75.57339676438845,0.9363035716181921
2022/10/06,2217.0,2242.0,2217.0,2224.0,7700,76.7931185680728,76.45110369575403,0.9389372916261909
2022/10/07,2212.0,2250.0,2212.0,2227.0,5400,77.87734082174336,77.46092930564305,0.9414245645649032
2022/10/11,2234.0,2234.0,2220.0,2222.0,2600,81.73250235220587,80.98827634936309,0.9780037247902932
2022/10/12,2232.0,2234.0,2220.0,2222.0,5200,82.24854156519739,81.4801858539921,0.9794861436858356
2022/10/13,2222.0,2230.0,2211.0,2213.0,4300,84.11223978642123,82.81304977004336,0.9899462041483322
2022/10/14,2234.0,2234.0,2213.0,2232.0,2300,81.65551128309406,81.14054753690755,0.9498676286988154
2022/10/17,2230.0,2251.0,2230.0,2249.0,4300,83.63493319488322,82.8858684746735,0.9835787177048723
2022/10/18,2254.0,2260.0,2250.0,2258.0,2500,81.81997107924947,81.05741014889747,0.9748582121552757
2022/10/19,2258.0,2259.0,2250.0,2255.0,4100,81.5193122500089,80.83975077671302,0.9722426057441494
2022/10/20,2255.0,2259.0,2242.0,2244.0,3400,80.47864650610568,79.91850203134022,0.9742870843693118
2022/10/21,2255.0,2257.0,2245.0,2245.0,3800,81.21633479802875,80.66346957680953,0.96697783668844
2022/10/24,2258.0,2258.0,2226.0,2243.0,7400,80.97253626286577,80.75027709128474,0.9742651317201169
2022/10/25,2245.0,2245.0,2232.0,2240.0,4000,81.10314724055839,80.3619867036683,0.9638675001894287
2022/10/26,2241.0,2243.0,2237.0,2237.0,400,79.54712964031073,78.72906126621433,0.9580440542067387
2022/10/27,2253.0,2253.0,2237.0,2240.0,3300,79.22191707114187,78.87970644997736,0.9916953466983949
2022/10/28,2240.0,2240.0,2230.0,2230.0,4100,80.22478711700153,79.30908986119962,0.9808733228072779
2022/10/31,2249.0,2249.0,2230.0,2244.0,2500,84.26038360415019,83.0917759126589,0.9851525825720004
2022/11/01,2242.0,2242.0,2229.0,2230.0,3000,84.16144021156308,82.70277231521803,0.9739339426037091
2022/11/02,2235.0,2241.0,2228.0,2237.0,5000,82.62420079588473,81.26507259666221,0.9756168216802487
2022/11/04,2237.0,2239.0,2210.0,2239.0,5300,84.1399558734386,82.37178562766644,1.010386505618793
2022/11/07,2240.0,2248.0,2240.0,2240.0,3600,81.22699769192884,79.74037448779465,0.9763920108157786
2022/11/08,2238.0,2261.0,2238.0,2258.0,12700,79.66754730953767,78.19356324825976,0.9718794021782656
2022/11/09,2260.0,2272.0,2252.0,2252.0,5900,78.31019692618156,76.80606022991442,0.9730355939287827
2022/11/10,2247.0,2262.0,2243.0,2251.0,6000,79.77516071639357,77.78211883987144,0.9791935071724827
2022/11/11,2263.0,2330.0,2257.0,2318.0,24000,81.35421266393841,80.12229662185209,0.9877123423703809
2022/11/14,2330.0,2394.0,2318.0,2394.0,20800,86.35644480669012,84.8944634931556,1.009115036263498
2022/11/15,2391.0,2428.0,2371.0,2371.0,14600,86.2361841645847,84.54735285987633,0.9926342354836867
2022/11/16,2370.0,2389.0,2366.0,2387.0,4800,86.05768101100433,84.35149809192934,0.9958890252915485
2022/11/17,2390.0,2390.0,2365.0,2384.0,2500,86.78732386245026,84.78012600587445,1.0046843101452327
2022/11/18,2384.0,2384.0,2334.0,2340.0,8500,85.99915442846677,83.83987700111193,0.9889038253540067
2022/11/21,2338.0,2360.0,2338.0,2349.0,5200,86.75112939624532,84.32083073073377,0.980404068198744
2022/11/22,2340.0,2346.0,2321.0,2322.0,6200,83.59324314976017,81.18715150586362,0.9662048056320667
2022/11/24,2326.0,2336.0,2323.0,2330.0,4200,85.23862376305921,82.29328054408944,0.9655390278660323
2022/11/25,2340.0,2366.0,2340.0,2363.0,5200,86.09856319772439,83.30949305710972,0.982743504916808
2022/11/28,2398.0,2403.0,2379.0,2388.0,18200,82.61341845483634,79.96838875605788,1.0002889285694299
2022/11/29,2388.0,2395.0,2379.0,2389.0,7800,85.4570964036067,83.29870756972026,1.0060862971905211
2022/11/30,2388.0,2388.0,2380.0,2386.0,3100,86.78635274968033,84.75318468636137,1.00881494724284
2022/12/01,2390.0,2400.0,2385.0,2400.0,10400,86.94939327679107,85.75536114202072,1.0163437637195003
2022/12/02,2400.0,2404.0,2375.0,2384.0,6500,87.79559237384606,87.18006885889578,1.0365140496296212
2022/12/05,2389.0,2400.0,2383.0,2385.0,9600,88.05334215444601,87.69986089073087,1.034353584912599
2022/12/06,2388.0,2409.0,2388.0,2400.0,4700,87.71611266254861,87.70665767808907,1.0359389429616703
2022/12/07,2401.0,2426.0,2400.0,2412.0,11800,87.06012414227291,85.82981733540448,1.0392961984893418
2022/12/08,2419.0,2448.0,2413.0,2434.0,6900,87.9196432795591,86.53929911778035,1.059075437106983
2022/12/09,2450.0,2459.0,2447.0,2450.0,5000,87.37344760169684,86.3326158864346,1.0453559724669328
2022/12/12,2460.0,2465.0,2455.0,2465.0,1800,89.44142866228391,87.87283483238329,0.990219775645837
2022/12/13,2467.0,2474.0,2425.0,2452.0,9700,88.4992310162998,87.37194487353298,0.9806814000738455
2022/12/14,2433.0,2444.0,2428.0,2439.0,4500,88.74338416609132,88.09356664823612,0.9731475018830891
2022/12/15,2428.0,2437.0,2425.0,2437.0,2100,89.44900539151868,88.04010222170128,0.9934959889137258
2022/12/16,2435.0,2439.0,2429.0,2435.0,2300,91.32368908487696,89.6121689051098,1.0011291434145972
2022/12/19,2425.0,2438.0,2422.0,2438.0,3600,90.63686693493115,88.63564023030624,1.0522289508353149
2022/12/20,2438.0,2440.0,2418.0,2440.0,10300,92.64404006078622,89.2184103859324,1.110186448042042
2022/12/21,2438.0,2440.0,2426.0,2431.0,5700,93.34258496368412,89.797623806518,1.114874695747575
2022/12/22,2431.0,2455.0,2425.0,2442.0,14300,95.02181483297034,91.18887224085886,1.1470603586890984
2022/12/23,2440.0,2448.0,2433.0,2448.0,4800,95.00145773288065,90.64688940071322,1.1653566368128965
2022/12/26,2447.0,2450.0,2440.0,2450.0,5800,93.42242943275106,89.43370008719384,1.0858141531707075
2022/12/27,2474.0,2474.0,2446.0,2450.0,6400,92.3148218723615,88.16188990788248,1.081418399384085
2022/12/28,2450.0,2450.0,2422.0,2450.0,2500,89.89320739627566,85.7728448254529,1.0817533321303483
2022/12/29,2440.0,2460.0,2433.0,2460.0,3300,91.30036032721088,86.98219925128062,1.0891379634363205
2022/12/30,2427.0,2457.0,2427.0,2457.0,2300,92.36663149773628,88.27921771417525,1.0849080851054196
2023/01/04,2426.0,2443.0,2422.0,2422.0,5700,92.9817234422001,88.98862022776123,1.06454656950877
2023/01/05,2436.0,2436.0,2418.0,2425.0,2600,94.74086282186109,91.75742684377374,1.0563706248819538
2023/01/06,2425.0,2430.0,2419.0,2419.0,3200,95.40535898425684,92.5773418881649,1.0424094321604025
2023/01/10,2429.0,2434.0,2420.0,2425.0,1900,93.37979233845846,91.48526411649269,1.0149897349934482
2023/01/11,2425.0,2431.0,2419.0,2420.0,4400,93.50854860381743,91.30855903671879,1.0025819568019014
2023/01/12,2425.0,2431.0,2415.0,2429.0,5200,93.07287627143887,90.82121753644364,1.0290496026895042
2023/01/13,2425.0,2429.0,2418.0,2420.0,1400,94.75429257505522,91.44864115013588,1.043772255329273
2023/01/16,2412.0,2428.0,2412.0,2416.0,4700,96.75014856722271,92.86836033754862,1.0272511721187196
2023/01/17,2424.0,2432.0,2419.0,2424.0,4100,96.66056734730967,92.96064471653163,1.0217921339767395
2023/01/18,2429.0,2436.0,2425.0,2425.0,3900,93.74804454747722,90.72163207014134,1.0053791937966738
2023/01/19,2416.0,2431.0,2416.0,2425.0,4200,99.09116746900425,95.33807179608557,0.9993222083229762
2023/01/20,2430.0,2434.0,2425.0,2430.0,22200,97.77374366851743,94.34747456911043,0.9879065327547176
2023/01/23,2437.0,2441.0,2433.0,2440.0,3100,97.57713531133668,94.4050907025952,0.9751019815436315
2023/01/24,2440.0,2456.0,2430.0,2445.0,6500,97.19867336723195,94.01771790037111,0.9641378050311988
2023/01/25,2447.0,2450.0,2440.0,2446.0,3500,96.81825048374381,93.78921816108033,0.960539637404966
2023/01/26,2450.0,2450.0,2433.0,2442.0,2200,95.56380130854251,93.05157071164015,0.9640115756238784
2023/01/27,2450.0,2450.0,2438.0,2446.0,2100,96.66172296960521,93.78339241319449,0.9630762729771263
2023/01/30,2446.0,2449.0,2425.0,2425.0,9000,95.51277479504644,92.8060943909446,0.931469165767275
2023/01/31,2430.0,2446.0,2423.0,2425.0,6200,94.64106515295444,91.68000969243477,0.935545129942465
2023/02/01,2430.0,2441.0,2425.0,2426.0,5300,91.48181007840768,89.21809208500488,0.9373035545479845
2023/02/02,2430.0,2436.0,2422.0,2423.0,3100,90.18295468389171,88.6262825701888,0.9394054494457219
2023/02/03,2425.0,2431.0,2410.0,2417.0,7600,90.49911104399368,88.90008845953759,0.9336739447042602
2023/02/06,2414.0,2414.0,2394.0,2402.0,9200,88.81706677768774,87.83914211004851,0.9231268159488537
2023/02/07,2403.0,2403.0,2380.0,2382.0,9000,88.92057195607401,87.98273625638252,0.8966218288168674
2023/02/08,2383.0,2388.0,2377.0,2377.0,7600,86.66826716391482,85.3635122734999,0.8951688821124701
2023/02/09,2377.0,2386.0,2377.0,2382.0,7500,88.05774137051581,86.71325478645069,0.8976106678718014
2023/02/10,2380.0,2398.0,2363.0,2394.0,13100,87.2564219317585,86.63517980810298,0.9252501236423262
2023/02/13,2450.0,2517.0,2450.0,2508.0,54800,92.22357494921037,91.18700797193962,1.0077461653953206
2023/02/14,2539.0,2549.0,2519.0,2549.0,7300,92.74346099336177,91.54189031515112,1.0239422852387154
2023/02/15,2555.0,2555.0,2525.0,2526.0,8100,94.99781424131373,93.1735527484042,1.0180417688488645
2023/02/16,2528.0,2546.0,2517.0,2546.0,7700,91.96863512845404,90.26926467617412,1.0311283956037867
2023/02/17,2552.0,2552.0,2475.0,2498.0,19700,92.19372833794137,90.34820119173384,0.9856126319791002
2023/02/20,2529.0,2570.0,2526.0,2570.0,7600,95.40545082330651,93.26167334141917,1.0052461990356556
2023/02/21,2571.0,2634.0,2571.0,2632.0,7500,99.17599955682684,97.01170897999366,1.0291954285329814
2023/02/22,2638.0,2670.0,2638.0,2670.0,7900,99.81821546111786,97.96887279933102,1.0477200046342932
2023/02/24,2692.0,2699.0,2671.0,2699.0,13600,98.93391769177356,96.79806427259103,1.0636407280756972
2023/02/27,2699.0,2699.0,2680.0,2680.0,6200,99.20884829103774,97.11623061817278,1.064236158886572
2023/02/28,2680.0,2690.0,2674.0,2690.0,2300,100.30920104959873,97.60946417783062,1.0645273335516678
2023/03/01,2680.0,2680.0,2633.0,2646.0,7800,97.95306106899085,95.07518490369506,1.0498853923369642
2023/03/02,2650.0,2677.0,2633.0,2677.0,4000,99.35801622608454,96.99103034015387,1.0529925592950973
2023/03/03,2677.0,2677.0,2656.0,2657.0,2000,95.74901145176985,94.00899390807103,1.038618547564347
2023/03/06,2662.0,2663.0,2626.0,2640.0,4400,92.79788403218069,91.5264633132143,1.0340868661143587
2023/03/07,2660.0,2676.0,2647.0,2676.0,8900,95.45546532405761,93.8044989370326,1.0369176458320748
2023/03/08,2670.0,2760.0,2670.0,2757.0,7600,99.53416439080708,98.2175802778417,1.0597246459116936
2023/03/09,2764.0,2883.0,2764.0,2860.0,14000,103.29827753253349,101.69483068398178,1.1129042813923806
2023/03/10,2854.0,2858.0,2802.0,2820.0,9000,100.36972509021057,99.4390688857339,1.1496072411311558
2023/03/13,2753.0,2776.0,2715.0,2760.0,17500,99.86480302656163,99.4711119786396,1.148091400777625
2023/03/14,2748.0,2748.0,2652.0,2703.0,19400,100.14990562675567,100.88294618867613,1.2423218172551496
2023/03/15,2661.0,2714.0,2661.0,2665.0,9300,100.09432210245319,100.02772573726728,1.223554284524641
2023/03/16,2603.0,2678.0,2600.0,2613.0,11000,102.68396065752916,102.01590992508913,1.2270020764893919
2023/03/17,2657.0,2745.0,2604.0,2739.0,6800,107.87559673588511,107.09860308844638,1.3093865358193006
2023/03/20,2739.0,2739.0,2627.0,2627.0,5600,106.46393117252532,105.61755530943044,1.2894256923825538
2023/03/22,2627.0,2663.0,2614.0,2642.0,11200,107.88677994117239,106.52902344963933,1.2744778040054114
2023/03/23,2621.0,2655.0,2590.0,2612.0,12000,108.28159737642437,106.92874002379415,1.2245176215879112
2023/03/24,2610.0,2658.0,2606.0,2656.0,6600,109.20619682493337,107.66082932716911,1.2242796344431912
2023/03/27,2689.0,2689.0,2618.0,2647.0,4600,108.63561900870316,107.44781187774606,1.2338938841229177
2023/03/28,2628.0,2672.0,2619.0,2619.0,2600,107.55493242484549,106.09115998108503,1.2193948497324312
2023/03/29,2620.0,2660.0,2619.0,2645.0,7200,107.15877788397596,105.12072479288881,1.2136557204765748
2023/03/30,2629.0,2630.0,2590.0,2630.0,1900,105.00974896401101,102.91235603497788,1.2188143206161333
2023/03/31,2629.0,2659.0,2629.0,2635.0,2500,104.44817356388185,102.73607065497951,1.2346126772542885
2023/04/03,2685.0,2702.0,2655.0,2694.0,4600,107.14761539766565,105.43575752354049,1.2959696755334265
2023/04/04,2694.0,2715.0,2694.0,2714.0,1300,108.99762362431069,106.91720857686143,1.2902787019249211
2023/04/05,2673.0,2728.0,2661.0,2675.0,5200,109.01259129511527,107.45305804844318,1.308331638366859
2023/04/06,2654.0,2668.0,2603.0,2603.0,5600,109.71838883605484,108.19321451764414,1.2525413198276332
2023/04/07,2620.0,2642.0,2616.0,2616.0,2300,114.32163464319514,112.50565384823031,1.1883134709022087
2023/04/10,2616.0,2629.0,2605.0,2622.0,3000,116.63339499852097,114.8824275976661,1.0308751279021386
2023/04/11,2621.0,2656.0,2618.0,2624.0,5300,114.09574292063252,113.18981280252316,1.0235340809579554
2023/04/12,2609.0,2631.0,2609.0,2620.0,1800,115.56930418919981,113.86438639887919,1.0146221886981444
2023/04/13,2613.0,2640.0,2610.0,2640.0,2700,117.67432450800858,115.8743227444982,1.0074173737376901
2023/04/14,2670.0,2695.0,2639.0,2671.0,13500,119.23646317507055,117.79518379330976,1.0377814579138107
2023/04/17,2671.0,2715.0,2671.0,2691.0,5600,119.1868625156838,117.62437442492306,0.9708956750141853
2023/04/18,2720.0,2748.0,2701.0,2748.0,5300,122.22534869162915,120.57183838166988,0.990022905358402
2023/04/19,2748.0,2759.0,2732.0,2758.0,2300,124.18807883241172,122.514220658219,0.9934578053633353
2023/04/20,2758.0,2760.0,2740.0,2760.0,5000,124.58333564122266,122.47961843610484,1.0086850098371072
2023/04/21,2759.0,2782.0,2759.0,2775.0,1900,124.38587253878563,122.71399258109751,1.012483768812486
2023/04/24,2794.0,2794.0,2766.0,2778.0,3600,122.20548892788155,121.03666365419316,1.0070439375942233
2023/04/25,2778.0,2818.0,2778.0,2818.0,3600,124.00736711540168,122.2731217884961,1.0188304444578866
2023/04/26,2789.0,2848.0,2789.0,2832.0,3200,124.80802575746573,123.57483084262178,1.0335067846185482
2023/04/27,2842.0,2850.0,2824.0,2848.0,5700,128.2527800155306,127.0544849556382,1.055658519217501
2023/04/28,2854.0,2895.0,2854.0,2887.0,5100,126.4426595699743,125.5284217819267,1.068446987756733
2023/05/01,2901.0,2910.0,2881.0,2890.0,5800,125.41475613021571,124.41440501813608,1.0249942443700724
2023/05/02,2905.0,2910.0,2864.0,2903.0,7000,125.9843665721817,125.5737054973654,1.0305658153406165
2023/05/08,2910.0,2976.0,2903.0,2976.0,10300,127.7424371579049,127.42909664565936,1.084500772453398
2023/05/09,2976.0,2999.0,2969.0,2975.0,8400,124.80513594942713,123.83747596136723,1.0929091199874004
2023/05/10,2990.0,2990.0,2973.0,2973.0,2100,125.99225407215096,124.21854616312262,1.0900810489467192
2023/05/11,2970.0,3015.0,2959.0,3015.0,7800,132.93428476577768,132.04481415598926,1.1282567970409862
2023/05/12,3005.0,3150.0,2986.0,3080.0,29400,133.54451230371916,132.0572924269689,1.0733102731778155
2023/05/15,3110.0,3230.0,3100.0,3160.0,16900,132.19221550627307,129.97550313755505,1.067238705442005
2023/05/16,3160.0,3165.0,3080.0,3150.0,16800,132.73591013096348,130.39090685568826,1.0608719552830501
2023/05/17,3150.0,3150.0,3050.0,3085.0,15300,132.5053785880335,130.8878491942336,1.0315973436652688
2023/05/18,3085.0,3100.0,2921.0,3000.0,21300,126.31501307242972,126.08573820708182,0.9752523694223595
2023/05/19,3000.0,3035.0,2986.0,3005.0,8600,126.42194201336132,126.5032573895017,0.9727894813022717
2023/05/22,3005.0,3160.0,3005.0,3145.0,10200,129.34172538735257,129.65774372185973,0.9943221459778184
2023/05/23,3125.0,3155.0,3090.0,3100.0,14100,125.98601869670256,126.70708879623906,1.0231707795688736
2023/05/24,3065.0,3185.0,3065.0,3145.0,13200,126.77313387567814,127.12021090709023,1.0399378704085112
2023/05/25,3145.0,3220.0,3145.0,3175.0,11400,128.8742371938513,130.53004383264414,1.0439756614358846
2023/05/26,3190.0,3220.0,3180.0,3210.0,4100,130.67231104526144,132.67130838083895,1.036081382813339
2023/05/29,3225.0,3225.0,3155.0,3175.0,6000,130.0093237446475,132.00741556008904,1.047424403195312
2023/05/30,3155.0,3190.0,3155.0,3160.0,4600,129.18550076221175,131.41672225316313,1.0460050887510566
2023/05/31,3175.0,3175.0,3140.0,3140.0,5500,124.55663044374457,127.49023542493813,1.0604119224621689
2023/06/01,3135.0,3155.0,3100.0,3100.0,11700,118.36708869917811,120.5424352968747,1.0487729964029995
2023/06/02,3100.0,3135.0,3080.0,3095.0,8000,118.40090106691927,119.07609745492121,1.0125161122571065
2023/06/05,3155.0,3155.0,3085.0,3090.0,6800,116.81657018498586,117.76993125782471,0.9947673687478581
2023/06/06,3060.0,3085.0,3025.0,3055.0,19600,114.13226587275372,115.59553501835514,0.9961117565700958
2023/06/07,3055.0,3055.0,3000.0,3010.0,16500,115.27992474258872,116.34608332337555,1.0235035471643639
2023/06/08,3010.0,3010.0,2950.0,2967.0,20000,112.80559764692055,113.53629634552902,1.0420706719680632
2023/06/09,2979.0,3000.0,2941.0,3000.0,23800,110.13576466076289,111.56652028531029,1.0294788800031947
2023/06/12,3030.0,3060.0,2970.0,3060.0,19300,110.1748983329643,112.43663157924122,0.930877242063646
2023/06/13,3060.0,3060.0,3010.0,3015.0,11800,106.1382194671651,109.15256057890785,0.9129806946254773
2023/06/14,3040.0,3040.0,2981.0,2995.0,18100,103.31287435848083,106.34350216124801,0.8973652610028046
2023/06/15,3015.0,3020.0,2996.0,3015.0,9100,104.60829845608149,107.90731285131825,0.9117903401138984
2023/06/16,3025.0,3045.0,3020.0,3035.0,4200,103.0316905086744,106.75234261721451,0.9648047782576938
2023/06/19,3045.0,3050.0,3005.0,3015.0,11800,102.39297506934129,105.28946854594443,0.9823060735521025
2023/06/20,3000.0,3020.0,2962.0,2989.0,22100,102.06729573040889,105.53044935877058,0.9774799070787107
2023/06/21,2990.0,3045.0,2987.0,3010.0,8700,101.66081335068795,105.36976007900824,0.977230750206943
2023/06/22,3045.0,3075.0,3015.0,3035.0,23700,104.27056288820928,106.86531526520797,1.0039255968714493
2023/06/23,3040.0,3060.0,3020.0,3045.0,14700,106.4810326371514,108.6050697748244,0.9747637614357257
2023/06/26,3020.0,3075.0,3005.0,3050.0,13400,106.8841326202055,108.6136575967318,0.9681183027627547
2023/06/27,3070.0,3075.0,3030.0,3055.0,7900,106.12849770261421,108.04096111881192,0.9726050594778923
2023/06/28,3090.0,3130.0,3085.0,3130.0,15200,105.70964961667404,107.84070626810023,0.9745250535211831
2023/06/29,3130.0,3265.0,3130.0,3235.0,16700,109.4160830033104,112.25069204938434,1.0523657737227083
2023/06/30,3250.0,3250.0,3135.0,3175.0,12100,106.71432367399744,110.09222899100659,0.9910519820433336
2023/07/03,3200.0,3315.0,3200.0,3310.0,19500,112.24322289592108,116.7015040031157,1.1658713826789686
2023/07/04,3320.0,3400.0,3320.0,3375.0,15800,114.51661811339974,118.01667935125974,1.2506579680018695
2023/07/05,3355.0,3385.0,3315.0,3325.0,11400,111.7518829468455,114.85283711956595,1.229546191407259
2023/07/06,3325.0,3420.0,3305.0,3395.0,14400,117.1728712686223,119.83132543323339,1.2815236486420216
2023/07/07,3380.0,3405.0,3330.0,3365.0,15900,118.69916561401335,121.35383216089195,1.2655461444050713
2023/07/10,3375.0,3395.0,3325.0,3360.0,13500,119.09352534276978,122.0309283757594,1.191994520644739
2023/07/11,3355.0,3430.0,3355.0,3395.0,20500,117.84771618237828,121.34852877183467,1.2063031987843547
2023/07/12,3395.0,3415.0,3350.0,3350.0,13000,117.6137999550982,120.64348742797762,1.2047422921390718
2023/07/13,3350.0,3420.0,3350.0,3400.0,18800,117.90060069139781,121.0831390430605,1.2297512306817469
2023/07/14,3390.0,3400.0,3310.0,3345.0,11600,116.13802406110054,118.69071967675025,1.2413017478725106
2023/07/18,3370.0,3385.0,3350.0,3360.0,3600,116.0677373425753,118.17748800005907,1.2533784656835412
2023/07/19,3360.0,3410.0,3325.0,3405.0,7600,119.98016914863578,121.78259009409278,1.2810413485472254
2023/07/20,3380.0,3530.0,3380.0,3530.0,28800,126.38973463141924,127.42699569227729,1.356754556570709
2023/07/21,3530.0,3530.0,3415.0,3435.0,29300,122.70536537774208,122.77842682892137,1.2932417127616842
2023/07/24,3435.0,3480.0,3435.0,3450.0,11200,119.52204214418146,120.19887780605659,1.1725231998815646
2023/07/25,3455.0,3580.0,3455.0,3580.0,15500,123.39372875372032,123.98921336135457,1.2914382468805974
2023/07/26,3575.0,3575.0,3455.0,3540.0,15700,124.00200049342406,124.56416769167853,1.272782367741489
2023/07/27,3565.0,3620.0,3550.0,3610.0,23600,125.89336077429141,126.40512732013119,1.265923816558994
2023/07/28,3565.0,3590.0,3530.0,3570.0,9900,124.32240907696168,124.08882050952043,1.329461664534011
2023/07/31,3585.0,3600.0,3535.0,3575.0,13600,122.6369316993341,122.64629725231717,1.2140870268463706
2023/08/01,3565.0,3620.0,3555.0,3620.0,20400,122.49443306374602,122.41846976193615,1.2217610791548226
2023/08/02,3605.0,3630.0,3555.0,3575.0,35800,122.81213610072051,121.45781382314635,1.2392604155680107
2023/08/03,3610.0,3610.0,3420.0,3450.0,58400,122.05804923711176,119.61319129972242,1.0862745095575872
2023/08/04,3470.0,3485.0,3435.0,3455.0,14700,126.31157879062668,123.54267842384274,1.0889541990717726
2023/08/07,3475.0,3570.0,3460.0,3540.0,17100,135.21188076630614,131.90611956347234,1.0642836642888198
2023/08/08,3565.0,3725.0,3555.0,3670.0,27900,136.56734180941652,133.4752046746129,1.1424594641624735
2023/08/09,3670.0,3670.0,3570.0,3610.0,15900,134.99808876632423,132.3881107129816,1.1231869196774407
2023/08/10,3635.0,3695.0,3585.0,3650.0,14600,139.26418916439408,135.70223252895713,1.1151919385169902
2023/08/14,3730.0,3780.0,3695.0,3710.0,15500,144.0115038828329,139.1660635798399,1.1509657292275768
2023/08/15,3780.0,3845.0,3740.0,3830.0,16600,149.05016510942463,144.03988676052643,1.255069933699063
2023/08/16,3805.0,3805.0,3715.0,3740.0,12600,148.29662082464716,143.10638050916685,1.2374646978071602
2023/08/17,3750.0,3760.0,3580.0,3610.0,27900,142.39855765771043,137.47022440285838,1.1738601911633149
2023/08/18,3595.0,3625.0,3555.0,3575.0,13800,141.74583422982687,137.37388336659157,1.1736645961065517
2023/08/21,3620.0,3635.0,3530.0,3615.0,18000,142.13965573282218,138.5164834552018,1.1636719792963302
2023/08/22,3600.0,3605.0,3540.0,3555.0,6200,137.45196444108203,133.90810609695657,1.1323816280968535
2023/08/23,3560.0,3560.0,3455.0,3495.0,19800,133.59423642411315,130.4834282981152,1.1079629230100443
2023/08/24,3500.0,3565.0,3485.0,3540.0,7900,135.81841577667166,133.1051263255319,1.023342306785631
2023/08/25,3540.0,3560.0,3510.0,3560.0,6300,140.36612007212042,135.37164069034645,1.0573319652254622
2023/08/28,3580.0,3620.0,3545.0,3610.0,6600,137.45501420228692,134.07925445724752,1.05806946517965
2023/08/29,3610.0,3610.0,3520.0,3540.0,13000,135.5434749557306,132.38986927924213,1.027861331412883
2023/08/30,3550.0,3550.0,3480.0,3480.0,9200,132.49113379016617,129.41133691729073,1.0037288802361273
2023/08/31,3485.0,3520.0,3470.0,3520.0,11200,132.6661822914464,129.84419287211762,0.9974915810836714
2023/09/01,3515.0,3515.0,3475.0,3495.0,4500,130.89865204553698,127.200706642922,0.9786144288399518
2023/09/04,3500.0,3610.0,3500.0,3610.0,28200,134.4734246661026,130.3122771780734,1.0476721130204678
2023/09/05,3630.0,3760.0,3625.0,3760.0,22700,140.49353473407257,136.12263750175885,1.1136838127321678
2023/09/06,3760.0,3760.0,3700.0,3735.0,5600,137.59378056410873,133.50617692657696,1.0983771488673628
2023/09/07,3730.0,3730.0,3675.0,3730.0,8100,141.90898020869724,137.01626833802632,1.0071588677550956
2023/09/08,3730.0,3730.0,3690.0,3730.0,7600,143.00287434031142,137.69726896385143,1.054519520842589
2023/09/11,3730.0,3805.0,3685.0,3805.0,17400,147.2244981512452,140.4945415583893,1.0532329006634307
2023/09/12,3800.0,3835.0,3775.0,3835.0,12100,147.49143198883945,141.0206947632513,1.0483410338799037
2023/09/13,3835.0,3935.0,3770.0,3915.0,19500,147.3413253511773,141.8283843463467,1.086747915463432
2023/09/14,3915.0,3915.0,3770.0,3825.0,22700,143.51321072215737,138.4509023032265,0.9746785595598743
2023/09/15,3825.0,3825.0,3745.0,3770.0,13300,137.99322675228578,133.99672939910647,0.9610755207682866
2023/09/19,3745.0,3915.0,3715.0,3865.0,17800,143.20444952097392,137.7588401282566,1.0033148310208755
2023/09/20,3865.0,3865.0,3790.0,3805.0,10300,139.55737894332177,134.70838793629412,1.014827472329205
2023/09/21,3790.0,3800.0,3740.0,3760.0,8500,141.83884084327423,136.77902953639168,1.0450811068499075
2023/09/22,3725.0,3840.0,3695.0,3775.0,10600,139.08639739460992,133.76875798633998,1.0759786128923448
2023/09/25,3780.0,3795.0,3710.0,3755.0,9900,137.18014208889565,132.5452120866495,1.045850924236223
2023/09/26,3735.0,3755.0,3680.0,3730.0,10900,139.79431017630796,134.24824149383946,1.0480348113366837
2023/09/27,3730.0,3760.0,3680.0,3760.0,9900,137.62385068268753,132.7027659941071,1.0560495814434716
2023/09/28,3740.0,3750.0,3710.0,3740.0,10600,142.6796330184099,137.13155869970484,1.1002889272764425
2023/09/29,3740.0,3740.0,3700.0,3725.0,12600,137.97757875574123,133.91676734038379,1.1359642348480414
2023/10/02,3730.0,3820.0,3730.0,3815.0,19600,143.72630525265603,138.9983005984434,1.1646602191167865
2023/10/03,3815.0,3815.0,3610.0,3665.0,26600,142.71602283504075,138.41119043171904,1.1292562787306708
2023/10/04,3610.0,3685.0,3315.0,3435.0,55800,137.8367034371041,133.75504129417726,1.0388487411365956
2023/10/05,3505.0,3580.0,3485.0,3575.0,12100,141.2756998764832,136.51188162185375,0.9913772047830405
2023/10/06,3595.0,3610.0,3545.0,3575.0,5600,140.44173929640183,135.19766906296198,1.0020066865757096
2023/10/10,3590.0,3780.0,3590.0,3740.0,11000,139.97670776854233,136.21769323403913,0.9913743184056426
2023/10/11,3695.0,3695.0,3570.0,3570.0,11500,132.79706664831915,130.1151199770564,0.9445075927400489
2023/10/12,3590.0,3650.0,3590.0,3630.0,4100,132.44462600399393,129.8673751283432,0.9420427660489809
2023/10/13,3630.0,3630.0,3545.0,3545.0,9300,133.145279297862,130.58245280053112,0.9240280313374601
2023/10/16,3610.0,3610.0,3425.0,3495.0,22400,131.4323924791613,128.47283837089103,0.9495134487570964
2023/10/17,3495.0,3535.0,3475.0,3535.0,12700,132.68965998763787,129.87283912973803,0.9455548894337517
2023/10/18,3520.0,3595.0,3500.0,3580.0,4000,135.05093169756373,131.76440758202958,0.9474232076700807
2023/10/19,3510.0,3525.0,3430.0,3455.0,7900,132.2963774107988,128.89060228889826,0.9422877615082335
2023/10/20,3400.0,3460.0,3380.0,3380.0,7800,129.5151110994026,125.61561991054691,0.9362157930973327
2023/10/23,3340.0,3400.0,3315.0,3315.0,11300,128.60525445060003,124.5812395522533,0.917515483123911
2023/10/24,3315.0,3345.0,3230.0,3320.0,16600,130.02495901676141,126.1487965337832,0.8872854438167007
2023/10/25,3320.0,3440.0,3320.0,3400.0,17900,133.33405948169295,129.32369596688784,0.8984804778468775
2023/10/26,3365.0,3405.0,3350.0,3400.0,10000,135.63318165525988,130.03789399316034,0.9153522227980785
2023/10/27,3430.0,3430.0,3335.0,3375.0,12100,132.3659469560658,127.47534020125248,0.9041843321097679
2023/10/30,3360.0,3390.0,3315.0,3350.0,24300,134.16471197120006,129.09359474333405,0.8712907584375321
2023/10/31,3380.0,3390.0,3340.0,3375.0,16500,135.74952453661243,130.17715045952158,0.8670048668840212
2023/11/01,3420.0,3430.0,3365.0,3405.0,11900,133.24372727008466,127.82506480432868,0.8494446193887645
2023/11/02,3455.0,3505.0,3400.0,3430.0,24300,130.4173621620447,126.346831938801,0.8653820681052687
2023/11/06,3500.0,3520.0,3360.0,3435.0,45100,129.0587161953112,125.64891918009988,0.8610261298365031
2023/11/07,3435.0,3490.0,3375.0,3490.0,18700,133.48973722210863,129.69361237406437,0.8842323680272777
2023/11/08,3530.0,3530.0,3370.0,3420.0,14700,130.85534656261652,128.38930426219594,0.8727166786411292
2023/11/09,3450.0,3450.0,3405.0,3445.0,5800,128.6643637999175,126.9281383712904,0.8627300870244075
2023/11/10,3445.0,3540.0,3315.0,3425.0,161300,128.22762697346,125.05874254661265,0.9387658723182322
2023/11/13,3495.0,3715.0,3430.0,3700.0,72600,132.63234517932904,129.43690551111843,1.1100694976928622
2023/11/14,3720.0,3845.0,3705.0,3730.0,25600,134.67566203370188,131.75613751404612,1.1359178149540674
2023/11/15,3700.0,3830.0,3630.0,3805.0,30600,133.2904015592687,131.87081703784636,1.1754630472248082
2023/11/16,3770.0,3790.0,3730.0,3780.0,8800,132.49564314417,131.6241314924177,1.1803551942611725
2023/11/17,3740.0,3855.0,3740.0,3820.0,16300,135.61264597521682,134.29808847345095,1.171200295893176
2023/11/20,3820.0,3905.0,3820.0,3840.0,15300,136.82273355352348,135.91146861965728,1.2242718629129534
2023/11/21,3860.0,3885.0,3840.0,3840.0,5800,139.40192795223123,139.32026782396457,1.221353726633115
2023/11/22,3845.0,3860.0,3810.0,3810.0,8700,138.74228663323052,138.80841719945474,1.2055628289460607
2023/11/24,3815.0,3815.0,3760.0,3770.0,13500,134.19440974330965,134.65736526809252,1.1305418266634844
2023/11/27,3780.0,3840.0,3770.0,3780.0,11500,133.2808952614653,133.20617978040164,1.131234867117316
2023/11/28,3790.0,3920.0,3790.0,3875.0,27900,136.07853962916957,136.01290765654383,1.162123669746294
2023/11/29,3880.0,3930.0,3830.0,3875.0,9700,136.31924031888923,136.37889007509634,1.1702893827458896
2023/11/30,3835.0,4050.0,3835.0,4040.0,29500,141.88806823605717,140.79885863302667,1.223608405625663
2023/12/01,4045.0,4155.0,4000.0,4130.0,31000,143.94189566958372,142.07817167136898,1.3235190324964132
2023/12/04,4075.0,4130.0,4025.0,4130.0,18400,144.9699867470751,142.7673621467847,1.3558835587258613
2023/12/05,4120.0,4120.0,4015.0,4015.0,14200,142.3327827877384,139.2653548556008,1.3457795249814266
2023/12/06,4015.0,4070.0,4015.0,4055.0,8000,139.16728580717276,137.20906627080214,1.341802494577327
2023/12/07,4055.0,4055.0,4000.0,4030.0,10000,138.94591829880497,136.21546790531067,1.3234011640302439
2023/12/08,3985.0,4035.0,3935.0,3980.0,21500,140.29064766535572,137.0864844064083,1.3380344322682147
2023/12/11,3980.0,4010.0,3950.0,4005.0,4200,137.95133794332693,134.83559685289856,1.142289891835738
2023/12/12,4025.0,4055.0,4005.0,4015.0,7000,139.37028029604534,136.7812112396877,1.1426103256166722
2023/12/13,4015.0,4040.0,3940.0,4040.0,8900,141.64464821678175,139.08885407200358,1.1485604666396374
2023/12/14,4015.0,4025.0,3960.0,3980.0,14600,140.15920662235646,138.87116027801392,1.2329854688790138
2023/12/15,3980.0,4140.0,3980.0,4060.0,19300,139.20718526115948,139.4208605311497,1.2006546253713128
2023/12/18,4085.0,4140.0,4045.0,4100.0,14900,139.82642694833712,140.48286138624619,1.2334400125333118
2023/12/19,4105.0,4210.0,4100.0,4165.0,28000,136.51893104313268,139.3763696118942,1.2427652335497086
2023/12/20,4185.0,4285.0,4185.0,4235.0,33700,136.50564012782834,140.39098175087997,1.2538416233308936
2023/12/21,4190.0,4190.0,4110.0,4155.0,18700,136.09480173646313,139.58426241958384,1.2275894995676282
2023/12/22,4125.0,4245.0,4125.0,4240.0,16600,136.99559947869773,140.69677667836928,1.2684252666913278
2023/12/25,4250.0,4250.0,4090.0,4100.0,20400,132.88439055970323,136.21155897971434,1.207015181835862
2023/12/26,4100.0,4135.0,4100.0,4110.0,10300,133.21278786195978,137.0058097377638,1.205743877765248
2023/12/27,4150.0,4150.0,4025.0,4105.0,17600,131.03370461008055,135.22374608082896,1.1907331301820714
2023/12/28,4170.0,4225.0,4125.0,4165.0,10600,131.7215785099651,135.85243163440862,1.1811232747174116
2023/12/29,4165.0,4220.0,4125.0,4165.0,17900,132.18396386871837,135.5121037443058,1.1750092266034944
2024/01/04,4200.0,4315.0,4165.0,4285.0,50000,137.0620713584703,138.8254350745679,1.061781905410798
2024/01/05,4300.0,4370.0,4290.0,4340.0,35200,139.61671829010947,140.60165797726015,1.0882685006971604
2024/01/09,4360.0,4365.0,4265.0,4350.0,25400,139.0689423199701,139.81864293174536,1.0772733220402557
2024/01/10,4350.0,4405.0,4325.0,4345.0,31600,137.86358784953526,139.64556693224992,1.06559422369451
2024/01/11,4370.0,4420.0,4295.0,4350.0,49500,135.1444376317955,137.6344338413813,1.0497329408053753
2024/01/12,4360.0,4445.0,4355.0,4380.0,35200,132.8780571608644,138.0954250675021,1.0480971262484111
2024/01/15,4425.0,4580.0,4420.0,4580.0,42300,136.34766488768634,141.6410172905236,1.0223950518692515
2024/01/16,4575.0,4590.0,4515.0,4590.0,22000,138.95680016293846,143.9006972187407,1.0288348128764577
2024/01/17,4610.0,4710.0,4590.0,4670.0,38500,145.42528988874787,149.26558976986328,1.0626708431310279
2024/01/18,4670.0,4820.0,4670.0,4770.0,58300,146.4476136804908,151.20016888073073,1.1086746266649212
2024/01/19,4720.0,4720.0,4605.0,4690.0,48100,142.50485464158325,148.16310542351013,1.0476652088812115
2024/01/22,4735.0,4790.0,4710.0,4780.0,23300,144.22372713078124,149.75053484885268,1.1391966040649841
2024/01/23,4800.0,4880.0,4795.0,4850.0,29600,148.28962465099036,153.95182627480986,1.1503021413737082
2024/01/24,4890.0,4920.0,4805.0,4825.0,28000,149.17161480887873,154.47946850199352,1.1487095301021097
2024/01/25,4815.0,5010.0,4815.0,4985.0,73200,154.1463911643048,159.50842509343576,1.2372450973468763
2024/01/26,4985.0,5020.0,4850.0,4900.0,46300,153.43506826239147,159.0216635198823,1.2451910076701713
2024/01/29,4900.0,4905.0,4810.0,4860.0,26900,152.60781910059688,157.06686138498162,1.1319638071264708
2024/01/30,4860.0,4860.0,4770.0,4810.0,21900,150.29022889345197,155.0481503960985,1.1199986670137208
2024/01/31,4810.0,4930.0,4810.0,4885.0,21500,151.7518389279691,155.66961431990484,1.130733557067611
2024/02/01,4885.0,5080.0,4885.0,5000.0,40600,157.0214254024906,160.03067971445114,1.202082041431482
2024/02/02,5000.0,5040.0,4955.0,5020.0,21800,158.01724712694778,161.12821956843513,1.1999760824797878
2024/02/05,5020.0,5030.0,4935.0,5010.0,22200,158.8878936434519,161.4646009390111,1.1644820609872573
2024/02/06,5010.0,5050.0,4925.0,5000.0,22400,160.71033237937132,163.95818231432352,1.1739691246014643
2024/02/07,4975.0,4975.0,4740.0,4765.0,32300,153.2137222803975,155.96859476312798,1.0302043780257573
2024/02/08,4745.0,4795.0,4710.0,4795.0,14100,150.63144213232334,155.92704890418594,1.0280666558874192
2024/02/09,4755.0,4840.0,4710.0,4760.0,45600,149.11157150558955,154.4513699530232,1.0349167672584647
2024/02/13,4820.0,5000.0,4740.0,5000.0,57400,142.62025677162828,149.674879912961,1.047494037822769
2024/02/14,4950.0,5170.0,4910.0,5130.0,43300,148.13800503711684,156.1895366341711,1.0920631425701157
2024/02/15,5140.0,5200.0,4955.0,5160.0,40400,147.1059813433525,156.47611695255824,1.0843883110219688
2024/02/16,5170.0,5300.0,5100.0,5240.0,51700,149.95539153534176,159.19458467796443,1.0794961659010167
2024/02/19,5330.0,5540.0,5280.0,5500.0,77100,153.15807684619764,162.12263634954343,1.128477809321725
2024/02/20,5500.0,5700.0,5420.0,5510.0,71100,149.9180461486104,158.85775519392195,1.1255319870910954
2024/02/21,5510.0,5670.0,5460.0,5490.0,47100,145.65658239561395,154.5871846048643,1.1267576748802326
2024/02/22,5530.0,5640.0,5520.0,5550.0,64700,144.38610683217058,153.6725546944657,1.1155307674148027
2024/02/26,5560.0,5580.0,5380.0,5400.0,85500,140.84121240591566,150.1822616929343,1.0585564756725445
2024/02/27,5350.0,5380.0,5210.0,5240.0,55400,136.2471471178825,144.96466329331383,1.0300735287647014
2024/02/28,5250.0,5460.0,5250.0,5400.0,55300,143.2262311405837,152.42016730429071,1.0765815070414981
2024/02/29,5420.0,5610.0,5390.0,5610.0,40700,147.13568367760686,156.21455094626015,1.1233412924012256
2024/03/01,5560.0,5580.0,5110.0,5110.0,82500,134.57682836892042,143.35114689991664,0.9783713259857506
2024/03/04,5110.0,5190.0,4960.0,5060.0,157700,134.93754845622004,144.23017943450063,0.9484617576854983
2024/03/05,5100.0,5260.0,5090.0,5230.0,44900,137.9824521401037,146.94232849140684,0.9589275331521505
2024/03/06,5240.0,5480.0,5230.0,5430.0,49400,139.73722952408085,147.94625271688656,0.980613229690336
2024/03/07,5470.0,5610.0,5460.0,5540.0,64400,140.01679096867818,147.573023693662,0.9908607565833785
2024/03/08,5550.0,5610.0,5450.0,5520.0,31500,138.80522950554783,145.8379707801836,1.0434472464876947
2024/03/11,5420.0,5420.0,5070.0,5130.0,49300,133.2621039536865,139.46263590268174,1.0157190412316188
2024/03/12,4930.0,5170.0,4870.0,5140.0,74300,133.42397876058257,139.37108410751463,1.0216464964652343
2024/03/13,5240.0,5240.0,5060.0,5170.0,34600,136.5107773649556,143.5735281169777,1.028926386816537
2024/03/14,5070.0,5210.0,5010.0,5190.0,37500,138.24454936267145,144.55690226928536,1.0286298409232373
2024/03/15,5240.0,5420.0,5190.0,5300.0,441500,136.64287704372336,141.96131264885588,0.9973971078939297
2024/03/18,5390.0,5580.0,5300.0,5580.0,40600,144.02253194714817,150.55228975098817,0.9172538162983106
2024/03/19,5580.0,5680.0,5490.0,5680.0,27100,147.61194656750425,153.40322172287713,0.9198710944297737
2024/03/21,5720.0,5880.0,5640.0,5850.0,34000,150.45864394409676,156.77425393668818,0.9505963095783277
2024/03/22,5870.0,5940.0,5710.0,5770.0,26300,145.50034303382316,150.9947643496975,0.9291336906484108
2024/03/25,5760.0,5790.0,5630.0,5730.0,28400,147.1752604335298,152.89324848434683,0.9830907828607749
2024/03/26,5700.0,5770.0,5670.0,5670.0,23200,147.47152963524536,153.11202442670228,0.9748706978249126
2024/03/27,5720.0,5860.0,5640.0,5760.0,37500,148.9653263209179,155.2379307474098,0.9893304954373335
2024/03/28,5600.0,5930.0,5560.0,5760.0,37400,151.48297106511095,157.90610889958057,1.043883770708575
2024/03/29,5720.0,5880.0,5610.0,5750.0,22500,151.57774145243147,157.9113040745598,0.9782973680917678
2024/04/01,5730.0,5750.0,5400.0,5570.0,41600,146.42235549460955,153.30144155013434,1.1904486570732664
2024/04/02,5570.0,5690.0,5540.0,5650.0,29500,147.8170380604126,155.13190121054853,1.199707931828274
2024/04/03,5530.0,5820.0,5530.0,5770.0,24900,152.06755008195918,158.1062482887835,1.2461401172202966
2024/04/04,5840.0,5840.0,5730.0,5770.0,12700,153.1129779300897,159.13310972979198,1.1817648207399112
2024/04/05,5650.0,5820.0,5650.0,5750.0,15900,155.12273773395242,159.84715431986413,1.1335383460109605
2024/04/08,5740.0,5830.0,5660.0,5690.0,11300,152.40735358965472,157.21272045010494,1.1590930059834472
2024/04/09,5650.0,5770.0,5650.0,5690.0,9800,152.2392013526194,156.79504467502886,1.1421451405991792
2024/04/10,5730.0,5770.0,5660.0,5740.0,11900,155.43678748680225,160.30538247550885,1.161832561898336
2024/04/11,5640.0,5700.0,5600.0,5640.0,12300,152.50891438573404,156.16057883491712,1.126956038160793
2024/04/12,5690.0,5810.0,5620.0,5720.0,20100,154.38728739654536,156.65555343680154,1.1543940350819635
2024/04/15,5700.0,5740.0,5560.0,5630.0,17100,152.06015119528058,154.02962468780004,1.0601862497455483
2024/04/16,5630.0,5680.0,5500.0,5530.0,20800,149.91018016827329,152.2752570832238,1.0710081926017705
2024/04/17,5550.0,5600.0,5400.0,5480.0,24800,149.7297751068116,152.23051831800464,1.0787094243031956
2024/04/18,5430.0,5510.0,5410.0,5450.0,8700,148.6049458700143,150.43148209644684,1.0664953724601618
2024/04/19,5440.0,5440.0,5070.0,5300.0,37700,147.1750788296037,147.99343801445647,1.0107826939452265
2024/04/22,5300.0,5340.0,5150.0,5250.0,24900,144.3361006341197,144.6130487907311,1.011761708166716
2024/04/23,5280.0,5340.0,5250.0,5270.0,18500,142.52970800013028,143.23846372639838,1.013251649407272
2024/04/24,5320.0,5420.0,5320.0,5420.0,10000,141.40539572254966,142.89229967677562,1.0105374674427272
2024/04/25,5390.0,5390.0,5300.0,5300.0,7000,140.7403740016768,142.00740225324887,1.029627423070387
2024/04/26,5370.0,5520.0,5350.0,5480.0,11500,144.39068783791237,145.37368027533265,1.0260372192073108
2024/04/30,5640.0,5850.0,5580.0,5780.0,44000,151.16197468690072,150.64582326173743,1.071958971375441
2024/05/01,5700.0,5720.0,5580.0,5630.0,20800,143.09281122040477,143.5596579873793,1.051301200231018
2024/05/02,5590.0,5610.0,5480.0,5550.0,14800,141.19963566406844,141.5648578881481,1.0224113558187584
2024/05/07,5600.0,5710.0,5530.0,5560.0,12100,140.72868992788736,142.74628612505717,0.9707837681061625
2024/05/08,5550.0,5600.0,5410.0,5470.0,16200,140.25746733236662,141.80488253063265,0.9691110995855491
2024/05/09,5470.0,5530.0,5390.0,5470.0,23300,138.79164184275544,139.27867290999765,0.9759428091970904
2024/05/10,5470.0,5470.0,5350.0,5400.0,25600,134.7793384633899,134.72162923818064,0.9457941606797182
2024/05/13,5380.0,5570.0,5250.0,5570.0,47200,136.77802661961536,136.844650420126,0.9999187302005931
2024/05/14,5510.0,5530.0,5080.0,5260.0,70100,129.9222504017892,130.0665684974448,0.9418925489236809
2024/05/15,5220.0,5600.0,5100.0,5390.0,101200,136.97389084234786,136.5042012804922,0.9651960021162868
2024/05/16,5400.0,5570.0,5330.0,5520.0,43400,144.5417661649745,145.03693096721912,0.9834496543345282
2024/05/17,5520.0,5540.0,5260.0,5340.0,42400,141.14801508045664,139.91032469552147,0.9451829900597623
2024/05/20,5400.0,5490.0,5310.0,5390.0,22200,136.36551587733723,134.72081018155257,0.9875070206114555
2024/05/21,5400.0,5470.0,5320.0,5410.0,22400,138.71774190856573,136.68592021724558,0.9941594212801438
2024/05/22,5370.0,5630.0,5370.0,5530.0,22700,139.7069834368584,138.25968023314053,1.0245118898013659
2024/05/23,5560.0,5610.0,5490.0,5530.0,18100,137.19413001842088,135.69357437725705,1.015616937657967
2024/05/24,5500.0,5670.0,5500.0,5640.0,36500,140.55811984046184,137.47332525977578,1.028520871526508
2024/05/27,5680.0,5680.0,5470.0,5490.0,29300,138.83533100383795,135.053032536118,0.9418647258904079
2024/05/28,5480.0,5480.0,5190.0,5230.0,39900,133.44381380215086,129.08238249932026,0.896565545531071
2024/05/29,5210.0,5340.0,5140.0,5140.0,35000,131.13535646746607,127.21380687237962,0.88977611524558
2024/05/30,5140.0,5180.0,5080.0,5100.0,35600,134.65949772752873,129.70173537075178,0.8878453956595485
2024/05/31,5100.0,5210.0,4970.0,4970.0,287400,131.52728927024765,126.42116712695805,0.8690508580731087
2024/06/03,5020.0,5130.0,4930.0,4970.0,52000,133.13190974988615,127.60016170646931,0.877320641851464
2024/06/04,4940.0,4965.0,4835.0,4930.0,37300,135.06998068814912,129.46432889057812,0.8735659412544878
2024/06/05,4860.0,4965.0,4850.0,4960.0,25800,136.62905174415786,132.2903757626414,0.8914371206602854
2024/06/06,4960.0,5000.0,4855.0,4865.0,21500,134.0506277839496,130.32681387157515,0.8715060042143754
2024/06/07,4865.0,4865.0,4755.0,4820.0,33900,134.00751457603536,129.7169468209062,0.8656257727058136
2024/06/10,4805.0,4940.0,4805.0,4915.0,13900,133.44836842130755,129.23434979019294,0.8638822932016907
2024/06/11,4920.0,4920.0,4800.0,4800.0,36500,134.3229514585986,129.84859625812186,0.8453981618405804
2024/06/12,4800.0,4840.0,4730.0,4780.0,33000,137.53642887390137,132.85449919446845,0.8480940485069249
2024/06/13,4815.0,4835.0,4665.0,4820.0,26000,138.25338072076644,134.24611756369225,0.9160713942220776
2024/06/14,4785.0,4785.0,4700.0,4750.0,20900,135.9090867017298,131.0791826068149,0.8762145575994547
2024/06/17,4685.0,4710.0,4595.0,4635.0,23600,134.63913315098236,130.41493986727656,0.8815926532093721
2024/06/18,4685.0,4745.0,4625.0,4745.0,18600,137.73796636324812,133.5016062469921,0.8972809054690897
2024/06/19,4745.0,4745.0,4650.0,4650.0,9100,134.47640585976887,129.93459533660334,0.8751657400382461
2024/06/20,4750.0,4985.0,4750.0,4950.0,71700,140.43449785740688,137.42330631238445,0.9264466061072713
2024/06/21,4945.0,4990.0,4850.0,4945.0,57500,137.93064418697776,134.98276940512318,0.8983715366275865
2024/06/24,4945.0,5120.0,4935.0,5080.0,42800,140.34988142476524,137.38024986779988,0.9341559558801295
2024/06/25,5080.0,5190.0,5040.0,5040.0,21400,137.03329031903766,133.39575268046107,0.9111130493360664
2024/06/26,5050.0,5200.0,5050.0,5160.0,12900,137.9541279736119,135.1927541880655,0.9276212795710851
2024/06/27,5160.0,5340.0,5160.0,5240.0,19800,136.83276121591192,133.13627554247043,0.9928745030046098
2024/06/28,5250.0,5350.0,5210.0,5330.0,19100,140.75654101757766,136.74272855890132,1.0118641707132567
2024/07/01,5270.0,5350.0,5230.0,5230.0,17700,134.57197681851827,129.83911050644724,1.0425481565017163
2024/07/02,5280.0,5330.0,5140.0,5170.0,28800,127.75731803678467,123.67823356118642,1.0189203990527445
2024/07/03,5150.0,5350.0,5130.0,5340.0,19900,131.94048986227628,128.94452496510866,1.0467230543116361
2024/07/04,5370.0,5390.0,5240.0,5250.0,16300,123.87046336626457,121.48677515926569,1.0241305808602068
2024/07/05,5250.0,5260.0,5150.0,5180.0,10000,121.8652307746998,120.35097606858953,0.9951240403992504
2024/07/08,5180.0,5240.0,5120.0,5200.0,17700,122.15935304130228,121.07016777369464,1.0265812964296854
2024/07/09,5200.0,5250.0,5110.0,5170.0,19500,117.94200947527942,117.6167512542546,1.01081008070879
2024/07/10,5170.0,5180.0,5050.0,5080.0,13000,115.7973779925116,115.79444726046664,0.9885536031971537
2024/07/11,5080.0,5120.0,5040.0,5080.0,14000,114.71738848840933,114.41094034065915,1.0032807928525833
2024/07/12,5050.0,5200.0,5040.0,5180.0,20600,121.77622812357427,119.79110507508214,1.0319718489671807
2024/07/16,5180.0,5310.0,5180.0,5230.0,17300,122.53952533367686,120.7017067112614,1.0489286367562296
2024/07/17,5230.0,5240.0,4930.0,4950.0,37800,116.36279914262926,113.6467042890813,0.9891245657234706
2024/07/18,4950.0,4975.0,4880.0,4950.0,31400,113.54225068194744,110.51909283146406,0.9876108070621138
2024/07/19,4885.0,4960.0,4885.0,4930.0,6900,115.72516526939705,113.49039944591972,1.0112258345658691
2024/07/22,4955.0,4955.0,4835.0,4885.0,10200,116.92879954881037,114.23463721626874,0.931910728211047
2024/07/23,4905.0,4925.0,4835.0,4875.0,9700,112.4018190328786,109.83573460308685,0.928079603067503
2024/07/24,4875.0,4980.0,4865.0,4865.0,10700,114.66241509906989,112.3344646239723,0.9395290541517308
2024/07/25,4840.0,4950.0,4810.0,4820.0,18100,115.96564315467755,113.08426089741062,0.9837036183793949
2024/07/26,4865.0,4905.0,4820.0,4845.0,12000,118.03029462338965,115.15610066900335,0.9749215348661464
2024/07/29,4910.0,4995.0,4880.0,4950.0,19600,119.39797740092706,116.53032093302144,0.9686215080126277
2024/07/30,4925.0,4965.0,4835.0,4860.0,19600,116.6582415257898,113.92483624439376,0.9528124817456003
2024/07/31,4830.0,4985.0,4810.0,4985.0,22300,116.63852453948178,114.86357822747433,0.9633950499917895
2024/08/01,4915.0,4915.0,4770.0,4780.0,37200,116.86652105844142,116.24170531084718,0.9768613598953272
2024/08/02,4640.0,4760.0,4465.0,4615.0,50700,119.74846461936812,119.73227948328635,0.9781803547307674
2024/08/05,4360.0,4510.0,4130.0,4230.0,39300,122.51558012993642,122.5378980585132,1.0473881158914728
2024/08/06,4500.0,4630.0,4310.0,4450.0,17400,113.21714807455491,114.15616077490895,1.0081350433389704
2024/08/07,4205.0,4715.0,4205.0,4620.0,70200,117.45469374239799,117.35384990872674,1.0235219978658667
2024/08/08,4620.0,4720.0,4480.0,4620.0,30300,118.00825898263541,118.44155141702389,1.0511080822023182
2024/08/09,4620.0,4775.0,4500.0,4545.0,34000,112.13576051761278,112.52140090955855,1.0481285855657525
2024/08/13,4545.0,4740.0,4545.0,4710.0,21000,109.42178441880894,110.29911719173751,1.0243449555268036
2024/08/14,4765.0,4830.0,4720.0,4825.0,19600,112.45845933121277,112.96817851464131,1.03783327780385
2024/08/15,4820.0,4850.0,4720.0,4720.0,21200,112.58949348521561,113.26844722769364,1.007889877331679
2024/08/16,4775.0,4950.0,4775.0,4880.0,23100,112.79131778438898,114.01400272243293,1.0729428836260768
2024/08/19,4850.0,4945.0,4850.0,4890.0,14900,114.20252885388284,114.80107122106892,1.0716675731562182
2024/08/20,4890.0,5010.0,4890.0,4990.0,22400,117.47886998204986,119.08749903634192,1.0815437991874635
2024/08/21,4915.0,4980.0,4835.0,4940.0,25600,119.21656157477855,120.7752479772858,1.0729888383719788
2024/08/22,4970.0,5050.0,4925.0,4940.0,22800,117.91408577618012,119.44640001285873,1.0747804646752022
2024/08/23,4955.0,5010.0,4930.0,4935.0,9300,114.26964201003746,117.02394173468129,1.0553460982815408
2024/08/26,4980.0,5010.0,4915.0,4950.0,14200,115.74639328939527,118.48903723487103,1.0369202791001766
2024/08/27,4980.0,4995.0,4895.0,4900.0,11600,104.4251711812999,104.96786685128026,1.0190221372181985
2024/08/28,4940.0,4995.0,4880.0,4995.0,20300,104.66412451231662,105.15807201262012,1.0344107651556804
2024/08/29,4980.0,5160.0,4980.0,5110.0,45100,107.60402630049978,108.28485863958849,1.0754245474652309
2024/08/30,5080.0,5230.0,5080.0,5160.0,27800,104.89179621001284,105.35790835932406,1.066254292011967
2024/09/02,5120.0,5120.0,5040.0,5070.0,5600,103.6850630370241,104.5388861317135,0.9828537373060342
2024/09/03,5100.0,5110.0,4970.0,5010.0,7800,102.95714375803989,103.09544487012586,0.9650821696517253
2024/09/04,4890.0,4935.0,4790.0,4790.0,17900,104.05754218645386,104.28331690257639,0.957663511660905
2024/09/05,4740.0,4770.0,4690.0,4750.0,10200,103.81574358464127,104.07922414025862,0.9914353259908656
2024/09/06,4730.0,4755.0,4640.0,4715.0,15500,102.9475762338945,103.24973980914658,0.9780455429281957
2024/09/09,4620.0,4645.0,4510.0,4595.0,23800,101.21864971806399,101.54377403786594,0.9656832987253738
2024/09/10,4610.0,4730.0,4605.0,4635.0,12300,100.37300265315876,100.49100692787047,0.9752956972514225
2024/09/11,4610.0,4635.0,4495.0,4515.0,15000,101.33692666786646,102.17549335775573,0.9672654977022153
2024/09/12,4600.0,4640.0,4545.0,4620.0,20900,101.75683380786599,102.47278407755068,0.9661546966076818
2024/09/13,4620.0,4620.0,4515.0,4550.0,9200,102.53028863466287,103.62785680941418,0.9469515770126118
2024/09/17,4540.0,4615.0,4515.0,4615.0,13500,103.64479329545296,104.4809941069956,0.9752909631193226
2024/09/18,4675.0,4675.0,4550.0,4600.0,23100,102.4248430385135,103.41310290605082,0.9684793910664435
2024/09/19,4665.0,4700.0,4605.0,4695.0,12400,102.81930529990376,103.38109591722542,0.9601785280772598
2024/09/20,4765.0,4860.0,4760.0,4805.0,23400,102.46960653861699,103.19435373469872,0.9809581919664351
2024/09/24,4855.0,4895.0,4770.0,4770.0,9900,102.63097476894697,103.43751266333348,0.965333870790579
2024/09/25,4770.0,4770.0,4690.0,4755.0,13500,101.98429880637264,103.11837235001515,0.9645601115855785
2024/09/26,4765.0,4765.0,4705.0,4745.0,17000,99.97372195205334,101.15721238825402,0.9540186333838528
2024/09/27,4735.0,4770.0,4700.0,4770.0,11900,100.45499593041467,101.5214566421097,0.9379458628548356
2024/09/30,4655.0,4745.0,4620.0,4720.0,17400,99.95748885614233,100.9986161780309,0.9556133628509244
2024/10/01,4710.0,4785.0,4695.0,4735.0,9300,102.53525827326135,103.59168056557246,0.9426750216199596
2024/10/02,4735.0,4750.0,4695.0,4705.0,12700,101.77285372896284,102.82901065546804,0.9504140891751734
2024/10/03,4795.0,4840.0,4675.0,4805.0,29700,100.3081031548395,101.64795886679964,0.9767931746643423
2024/10/04,4760.0,4760.0,4650.0,4670.0,23900,101.79539070902237,103.03921371790668,0.9530247182567595
2024/10/07,4715.0,4845.0,4715.0,4835.0,13500,101.27651154484198,102.08442501027358,0.9909034735384508
2024/10/08,4830.0,4830.0,4760.0,4785.0,3400,101.76327933645732,102.85142731067073,0.9952762947155189
2024/10/09,4820.0,4820.0,4770.0,4810.0,3300,102.30206415678083,103.1377959965757,0.9974865688409396
2024/10/10,4795.0,4850.0,4760.0,4850.0,8100,103.21683053588634,104.16817308360987,0.993875362347853
2024/10/11,4870.0,4870.0,4805.0,4810.0,4200,99.85527151563122,101.12190938155706,0.9962376456736516
2024/10/15,4860.0,4880.0,4780.0,4790.0,14800,103.0753101775748,104.04723514588984,0.9739694504509444
2024/10/16,4830.0,4830.0,4670.0,4740.0,11600,101.84800491222101,102.64619890584417,0.9755912187675351
2024/10/17,4790.0,4790.0,4710.0,4735.0,7300,100.72301832969085,101.65251057039433,0.9755882246799438
2024/10/18,4770.0,4775.0,4685.0,4710.0,7900,103.1880340328272,103.81399578975515,0.9768446787807367
2024/10/21,4740.0,4755.0,4670.0,4755.0,12100,104.38398898303258,105.34978065021228,0.9882330015353703
2024/10/22,4750.0,4770.0,4695.0,4770.0,15900,102.60079487122992,103.35275190809412,1.0019838052099401
2024/10/23,4780.0,4780.0,4570.0,4610.0,18000,102.27339582388845,103.63197270730922,0.9737028119032182
2024/10/24,4610.0,4620.0,4555.0,4560.0,8800,101.26626863187073,102.51107605153416,0.9636500051317768
2024/10/25,4540.0,4575.0,4450.0,4470.0,32600,101.3510523510142,102.75679972571432,0.951616771049667
2024/10/28,4535.0,4660.0,4520.0,4625.0,10600,101.24537869210285,102.91380440490198,0.9755076987918166
2024/10/29,4615.0,4635.0,4565.0,4610.0,14300,103.10032568854834,104.42111792899054,0.963555881040334
2024/10/30,4610.0,4700.0,4610.0,4685.0,17200,103.2516488812225,104.93451670551784,0.9713726577468783
2024/10/31,4700.0,4715.0,4580.0,4620.0,33000,102.16365582743225,103.5296281131946,0.9740006257110341
2024/11/01,4620.0,4630.0,4550.0,4550.0,13100,103.30457562040594,104.53531413830521,0.9698723599433189
2024/11/05,4550.0,4560.0,4510.0,4545.0,21200,101.9641414543114,103.35211902507339,0.9665285135450045
2024/11/06,4525.0,4550.0,4480.0,4490.0,10900,102.53711810952103,103.51176191822246,0.9366703120560758
2024/11/07,4490.0,4645.0,4470.0,4500.0,69300,102.17727492483141,102.88642343140283,0.9253778890653226
2024/11/08,4500.0,4580.0,4475.0,4575.0,34200,103.73773429367003,104.43205481745505,0.9390345519660107
2024/11/11,4615.0,4630.0,4580.0,4625.0,10400,101.6280266346966,102.40391607934065,0.9598755426627704
2024/11/12,4605.0,4690.0,4605.0,4615.0,10500,102.06736977362746,102.89095277936958,0.9571572984427337
2024/11/13,4610.0,4635.0,4520.0,4520.0,17400,100.51297407200792,100.70963100747363,0.9489109343522688
2024/11/14,4520.0,4690.0,4520.0,4610.0,34000,101.0907191585834,101.1865356208478,0.9703848268111872
2024/11/15,4680.0,4770.0,4630.0,4750.0,30900,101.88346860802693,101.8652528893384,0.9943563665863818
2024/11/18,4750.0,4835.0,4720.0,4800.0,26400,102.8017808021336,102.94646796988866,1.00501973589407
2024/11/19,4800.0,4880.0,4780.0,4780.0,45700,102.3045669136538,102.4746713436759,0.9940849208086304
2024/11/20,4770.0,4815.0,4660.0,4675.0,11100,101.3524503671434,101.62290369324812,0.9764784862246699
2024/11/21,4675.0,4825.0,4675.0,4820.0,9800,102.52203337544788,102.66553684184287,0.9986779483387972
2024/11/22,4820.0,4850.0,4800.0,4820.0,4800,100.91476379770374,100.94997242768785,1.0224554602121299
2024/11/25,4820.0,4885.0,4820.0,4885.0,22400,101.84784612745644,102.80755601816026,1.0337274764822264
2024/11/26,4880.0,4885.0,4765.0,4785.0,18100,100.72893041494343,101.17656846423544,1.0223735649538472
2024/11/27,4785.0,4785.0,4625.0,4650.0,39700,101.85927647737117,102.50506964086833,1.0025536623389049
2024/11/28,4650.0,4715.0,4650.0,4710.0,8600,101.12705702303847,101.47502549646832,1.019692145227155
2024/11/29,4645.0,4685.0,4645.0,4645.0,4700,99.69907179300279,100.42697214802452,0.9999723746707903
2024/12/02,4660.0,4660.0,4550.0,4550.0,10500,100.00734826859149,100.00348400311695,0.9824921093512075
2024/12/03,4570.0,4675.0,4570.0,4625.0,14900,99.93914371687063,100.24709556770172,0.984593026375321
2024/12/04,4620.0,4635.0,4485.0,4490.0,20900,99.94981140138492,100.23251218017819,0.9603806574921522
2024/12/05,4525.0,4525.0,4480.0,4480.0,10900,98.07519055027257,98.98033355029813,0.9576686474295367
2024/12/06,4485.0,4495.0,4440.0,4470.0,10200,97.30494835727995,98.39328663629941,0.9914206997608481
2024/12/09,4470.0,4495.0,4460.0,4470.0,4700,99.61550027913228,99.82700855258847,0.9682960685804284
2024/12/10,4470.0,4490.0,4455.0,4455.0,4600,97.39015262216527,98.07513665991792,0.9626353769223311
2024/12/11,4465.0,4465.0,4430.0,4435.0,11800,100.19002963688001,100.6088538329872,0.9555601164596874
2024/12/12,4490.0,4515.0,4455.0,4475.0,10400,98.36568422623291,99.07374192428438,0.9586458240513521
2024/12/13,4485.0,4485.0,4365.0,4365.0,15500,95.78254682002972,96.3569162744428,0.9522976980247017
2024/12/16,4365.0,4370.0,4340.0,4365.0,15100,98.41356405588725,99.06550439687503,0.8939095178448174
2024/12/17,4365.0,4365.0,4285.0,4315.0,26200,97.74749507858488,97.85005332234414,0.8869511338367172
2024/12/18,4300.0,4390.0,4280.0,4335.0,24600,98.30141565069613,98.37146021138756,0.8937911554596356
2024/12/19,4360.0,4375.0,4325.0,4345.0,9500,98.35579228381222,98.42871233061862,0.9077230080595846
2024/12/20,4370.0,4375.0,4300.0,4300.0,13000,97.71451704568362,98.11562227863818,0.9185265769556701
2024/12/23,4370.0,4615.0,4355.0,4600.0,28700,97.34342201359824,97.85038168522408,0.9378110260812946
2024/12/24,4600.0,4700.0,4555.0,4695.0,12900,100.9648579081243,100.89694323680004,0.9569963595347
2024/12/25,4695.0,4695.0,4615.0,4650.0,5700,100.10379839304787,100.02250116728784,0.945535663481752
2024/12/26,4640.0,4815.0,4640.0,4775.0,11400,97.57117713602057,97.81742369895339,0.9700551564821268
2024/12/27,4820.0,4930.0,4785.0,4860.0,15300,100.39902913584685,100.54275198147758,0.9942999177452057
2024/12/30,4860.0,4900.0,4835.0,4855.0,7900,100.00662087259803,100.560488077687,1.0401360671989632
2025/01/06,4905.0,4905.0,4760.0,4765.0,9100,97.4645380244259,97.69073362055371,1.0575569133545504
2025/01/07,4820.0,4820.0,4715.0,4765.0,7500,98.35343769333998,99.35562970844708,1.0460992276641947
2025/01/08,4720.0,4790.0,4720.0,4720.0,5100,98.61841041081023,99.1355535747569,1.0424186271896885
2025/01/09,4710.0,4740.0,4640.0,4645.0,11000,99.2340431972429,100.06150201200376,1.0447409274409583
2025/01/10,4625.0,4625.0,4560.0,4570.0,5800,98.22224590802018,98.69638509911917,1.0437998793432544
2025/01/14,4570.0,4610.0,4530.0,4585.0,6600,99.16259360132527,99.44403848657574,1.0722305919494148
2025/01/15,4590.0,4605.0,4540.0,4565.0,8100,98.56976398256971,98.92832014415113,1.0642882935052882
2025/01/16,4565.0,4610.0,4560.0,4560.0,5100,97.18289395011799,97.37495698605967,1.0724594976474107
2025/01/17,4560.0,4575.0,4515.0,4555.0,4400,97.72545872495287,98.11814119563593,1.066612407992685
2025/01/20,4595.0,4630.0,4575.0,4575.0,4100,97.83319319475943,98.18672013871159,1.0002400206801847
2025/01/21,4615.0,4630.0,4600.0,4605.0,2400,98.62789506816198,98.38177096605688,1.0059715672843508
2025/01/22,4630.0,4660.0,4585.0,4625.0,6700,97.55795437285721,97.9019099132395,1.0015962498512831
2025/01/23,4640.0,4640.0,4565.0,4600.0,7700,97.96619726109212,98.26208104662463,0.9710495269706119
2025/01/24,4615.0,4615.0,4500.0,4505.0,15900,96.31345280701098,96.51624543362993,0.962767027069958
2025/01/27,4570.0,4570.0,4460.0,4475.0,10500,97.82783974198706,98.02536400413547,0.9307032813438768
2025/01/28,4465.0,4590.0,4465.0,4570.0,12400,98.0305694095826,97.8522228456345,0.9508645940665528
2025/01/29,4555.0,4625.0,4550.0,4625.0,8000,97.84808481392692,97.60215774464383,0.9558283613958077
2025/01/30,4595.0,4655.0,4590.0,4635.0,12900,97.03395696692706,96.68356060235358,0.9637840298609147
2025/01/31,4635.0,4650.0,4590.0,4605.0,13200,96.51284836652178,96.36335611173564,0.955235056347868
2025/02/03,4605.0,4605.0,4460.0,4490.0,17500,96.81466872549076,96.75456510065447,0.9547537137704467
2025/02/04,4560.0,4590.0,4435.0,4440.0,31400,96.94353913237404,96.85112182922516,0.9380425509957698
2025/02/05,4440.0,4460.0,4365.0,4420.0,30400,96.70989591897161,96.63130050893837,0.931303517327765
2025/02/06,4370.0,4400.0,4320.0,4375.0,19100,96.5329338689979,96.30192133118783,0.9296192731972956
2025/02/07,4340.0,4435.0,4330.0,4370.0,15700,96.99248655885488,96.89930855928816,0.9369316636260447
